,open,high,low,close,volume,sp500_close,dxy,gold,treasury_10y,gpr
2022-08-25,296.4873046875,306.1381530761719,296.20208740234375,301.5836486816406,973529233.0,4199.1201171875,108.47000122070312,1757.699951171875,0.30260000228881834,165.19366455078125
2022-08-26,301.5559997558594,301.5559997558594,277.8516540527344,279.5981750488281,1210077085.0,4057.659912109375,108.80000305175781,1736.0999755859375,0.30350000858306886,165.19366455078125
2022-08-27,279.57183837890625,283.85009765625,274.54437255859375,277.80157470703125,962669292.0,4057.659912109375,108.80000305175781,1736.0999755859375,0.30350000858306886,165.19366455078125
2022-08-28,277.8034362792969,283.6283264160156,276.2508850097656,276.2508850097656,758285305.0,4057.659912109375,108.80000305175781,1736.0999755859375,0.30350000858306886,165.19366455078125
2022-08-29,276.2806091308594,286.3310241699219,272.80596923828125,286.2214050292969,1009161525.0,4030.610107421875,108.83999633789062,1736.5999755859375,0.3109999895095825,165.19366455078125
2022-08-30,286.21527099609375,291.6630859375,277.074462890625,281.42535400390625,979620743.0,3986.159912109375,108.7699966430664,1723.199951171875,0.3109999895095825,165.19366455078125
2022-08-31,281.45648193359375,289.7711181640625,278.07879638671875,279.23809814453125,952486877.0,3955.0,108.69999694824219,1712.800048828125,0.31329998970031736,165.19366455078125
2022-09-01,279.2513427734375,280.2213134765625,271.4728088378906,278.417236328125,954919263.0,3966.85009765625,109.69000244140625,1696.5999755859375,0.3265000104904175,165.19366455078125
2022-09-02,278.3879699707031,282.9059143066406,274.4879150390625,277.4161071777344,807053745.0,3924.260009765625,109.52999877929688,1709.800048828125,0.3193000078201294,165.19366455078125
2022-09-03,277.4311218261719,278.4322814941406,274.77545166015625,277.77557373046875,490102253.0,3924.260009765625,109.52999877929688,1709.800048828125,0.3193000078201294,165.19366455078125
2022-09-04,277.78192138671875,279.8131408691406,275.4532165527344,278.84185791015625,512014471.0,3924.260009765625,109.52999877929688,1709.800048828125,0.3193000078201294,165.19366455078125
2022-09-05,278.8544921875,280.6126403808594,273.7195129394531,276.6859130859375,665273781.0,3924.260009765625,109.52999877929688,1709.800048828125,0.3193000078201294,165.19366455078125
2022-09-06,276.7518615722656,285.7541809082031,262.5975646972656,262.66839599609375,1173656468.0,3908.18994140625,110.20999908447266,1700.4000244140625,0.33399999141693115,165.19366455078125
2022-09-07,262.6126403808594,279.76385498046875,259.99395751953125,278.7613220214844,963734560.0,3979.8701171875,109.83999633789062,1715.300048828125,0.3265000104904175,165.19366455078125
2022-09-08,278.7602233886719,282.0633239746094,276.0489196777344,280.5774841308594,870477242.0,4006.179931640625,109.70999908447266,1708.0,0.329200005531311,165.19366455078125
2022-09-09,280.5370178222656,294.9559326171875,280.2208251953125,293.4071350097656,1139680146.0,4067.360107421875,109.0,1716.199951171875,0.33210000991821287,165.19366455078125
2022-09-10,293.39508056640625,298.4418640136719,291.24749755859375,296.96905517578125,851195253.0,4067.360107421875,109.0,1716.199951171875,0.33210000991821287,165.19366455078125
2022-09-11,296.91973876953125,297.8752136230469,291.3034973144531,295.161865234375,700835025.0,4067.360107421875,109.0,1716.199951171875,0.33210000991821287,165.19366455078125
2022-09-12,295.1741027832031,299.1763000488281,291.15069580078125,293.6587219238281,998624528.0,4110.41015625,108.33000183105469,1728.0999755859375,0.3361999988555908,165.19366455078125
2022-09-13,293.64923095703125,297.6877136230469,275.9689636230469,277.5769348144531,1136956066.0,3932.68994140625,109.81999969482422,1705.0,0.34219999313354493,165.19366455078125
2022-09-14,277.4132995605469,282.1502685546875,274.83056640625,279.3858642578125,956413768.0,3946.010009765625,109.66000366210938,1696.5,0.34119999408721924,165.19366455078125
2022-09-15,279.383056640625,280.2467956542969,268.0102233886719,270.806884765625,1080164338.0,3901.35009765625,109.73999786376953,1665.4000244140625,0.3459000110626221,165.19366455078125
2022-09-16,270.812255859375,276.26324462890625,269.1295166015625,274.6545715332031,803452434.0,3873.330078125,109.76000213623047,1671.699951171875,0.3447999954223633,165.19366455078125
2022-09-17,274.7300109863281,279.5317077636719,274.7300109863281,279.24932861328125,560951664.0,3873.330078125,109.76000213623047,1671.699951171875,0.3447999954223633,165.19366455078125
2022-09-18,279.2207336425781,279.6207580566406,264.74365234375,266.31317138671875,789437105.0,3873.330078125,109.76000213623047,1671.699951171875,0.3447999954223633,165.19366455078125
2022-09-19,266.2519226074219,272.6191101074219,257.18682861328125,272.06982421875,1074224923.0,3899.889892578125,109.73999786376953,1666.199951171875,0.34900000095367434,165.19366455078125
2022-09-20,272.13055419921875,273.203125,265.6932067871094,266.3695983886719,845702947.0,3855.929931640625,110.22000122070312,1659.699951171875,0.3571000099182129,165.19366455078125
2022-09-21,266.3947448730469,275.83355712890625,261.2751770019531,264.7920837402344,1057177278.0,3789.929931640625,110.63999938964844,1664.5999755859375,0.3509999990463257,165.19366455078125
2022-09-22,264.6077575683594,275.90765380859375,264.0281066894531,275.5002746582031,843345381.0,3757.989990234375,111.3499984741211,1670.800048828125,0.37079999446868894,165.19366455078125
2022-09-23,275.4934997558594,277.3817138671875,269.6694641113281,276.6262512207031,869618433.0,3693.22998046875,113.19000244140625,1645.300048828125,0.3697000026702881,165.19366455078125
2022-09-24,276.6270446777344,284.6324462890625,275.1353759765625,275.1353759765625,818302597.0,3693.22998046875,113.19000244140625,1645.300048828125,0.3697000026702881,165.19366455078125
2022-09-25,275.1043395996094,279.2016906738281,271.6731262207031,274.0612487792969,640533920.0,3693.22998046875,113.19000244140625,1645.300048828125,0.3697000026702881,165.19366455078125
2022-09-26,274.14178466796875,276.4469909667969,271.1883239746094,275.9278564453125,716989161.0,3655.0400390625,114.0999984741211,1623.300048828125,0.3878000020980835,165.19366455078125
2022-09-27,275.92596435546875,286.0679931640625,270.82208251953125,272.40155029296875,927431127.0,3647.2900390625,114.11000061035156,1626.699951171875,0.396399998664856,165.19366455078125
2022-09-28,272.3344421386719,283.3424377441406,266.9765625,281.7812194824219,857467325.0,3719.0400390625,112.5999984741211,1660.4000244140625,0.3704999923706055,165.19366455078125
2022-09-29,281.76666259765625,285.2337646484375,277.5006408691406,283.7890319824219,800888080.0,3640.469970703125,112.25,1658.5,0.3746999979019165,165.19366455078125
2022-09-30,283.83428955078125,289.537109375,280.89300537109375,284.1922912597656,905481572.0,3585.6201171875,112.12000274658203,1662.4000244140625,0.3803999900817871,165.19366455078125
2022-10-01,284.2734069824219,285.19287109375,278.36090087890625,282.8719177246094,593375648.0,3585.6201171875,112.12000274658203,1662.4000244140625,0.3803999900817871,165.19366455078125
2022-10-02,282.8950500488281,287.3795166015625,279.9544372558594,284.43310546875,556343468.0,3585.6201171875,112.12000274658203,1662.4000244140625,0.3803999900817871,165.19366455078125
2022-10-03,284.4148864746094,288.6329040527344,283.8986511230469,287.031982421875,700566674.0,3678.429931640625,111.75,1692.9000244140625,0.36510000228881834,165.19366455078125
2022-10-04,287.024169921875,297.9946594238281,286.5289611816406,296.2984619140625,794566055.0,3790.929931640625,110.06999969482422,1721.0999755859375,0.36170001029968263,165.19366455078125
2022-10-05,296.2894592285156,296.33306884765625,289.90374755859375,294.1376647949219,656837388.0,3783.280029296875,111.06999969482422,1711.4000244140625,0.37590000629425047,165.19366455078125
2022-10-06,294.1552734375,297.6993713378906,279.8035583496094,286.6341552734375,1010110227.0,3744.52001953125,112.26000213623047,1711.699951171875,0.38259999752044677,165.19366455078125
2022-10-07,286.7719421386719,286.9586181640625,280.19146728515625,283.18267822265625,952606066.0,3639.659912109375,112.80000305175781,1700.5,0.38829998970031737,165.19366455078125
2022-10-08,282.99420166015625,282.99420166015625,276.04986572265625,276.4695739746094,604706997.0,3639.659912109375,112.80000305175781,1700.5,0.38829998970031737,165.19366455078125
2022-10-09,276.4495544433594,279.280029296875,275.4630432128906,278.2380676269531,570350814.0,3639.659912109375,112.80000305175781,1700.5,0.38829998970031737,165.19366455078125
2022-10-10,278.24456787109375,279.0643005371094,271.8060607910156,271.8060607910156,655201928.0,3612.389892578125,113.13999938964844,1667.300048828125,0.38880000114440916,165.19366455078125
2022-10-11,271.7315368652344,273.662841796875,268.44683837890625,271.37139892578125,584301468.0,3588.840087890625,113.22000122070312,1678.699951171875,0.3938999891281128,165.19366455078125
2022-10-12,271.4066162109375,272.7352294921875,269.66015625,270.97100830078125,546926291.0,3577.030029296875,113.31999969482422,1670.300048828125,0.39019999504089353,165.19366455078125
2022-10-13,270.9587097167969,273.4926452636719,257.9745178222656,271.8514099121094,1124480167.0,3669.909912109375,112.36000061035156,1670.0,0.39519999027252195,165.19366455078125
2022-10-14,271.8459167480469,276.52886962890625,268.343017578125,269.5671691894531,809144930.0,3583.070068359375,113.30999755859375,1641.699951171875,0.4010000228881836,165.19366455078125
2022-10-15,269.55902099609375,271.364501953125,267.88482666015625,268.4040832519531,491674298.0,3583.070068359375,113.30999755859375,1641.699951171875,0.4010000228881836,165.19366455078125
2022-10-16,268.4115905761719,273.7430419921875,268.3623046875,272.51995849609375,563344666.0,3583.070068359375,113.30999755859375,1641.699951171875,0.4010000228881836,165.19366455078125
2022-10-17,272.5019226074219,275.8415222167969,270.4273376464844,275.5125732421875,594844795.0,3677.949951171875,112.04000091552734,1657.0,0.40149998664855957,165.19366455078125
2022-10-18,275.5345153808594,275.81524658203125,270.533203125,273.2145690917969,599934776.0,3719.97998046875,112.12999725341797,1649.0,0.3997999906539917,165.19366455078125
2022-10-19,273.22344970703125,273.647705078125,270.6843566894531,271.9813537597656,497761035.0,3695.159912109375,112.9800033569336,1627.5,0.4126999855041504,165.19366455078125
2022-10-20,271.9537353515625,273.28515625,267.8604736328125,269.2712707519531,539795617.0,3665.780029296875,112.87999725341797,1630.800048828125,0.42259998321533204,165.19366455078125
2022-10-21,269.2449035644531,271.04791259765625,264.5229797363281,270.0384216308594,593811687.0,3752.75,112.01000213623047,1651.0,0.42129998207092284,165.19366455078125
2022-10-22,270.0330810546875,271.0074157714844,268.56689453125,270.4794921875,391459296.0,3752.75,112.01000213623047,1651.0,0.42129998207092284,165.19366455078125
2022-10-23,270.47998046875,276.5697937011719,269.1025390625,276.0081787109375,483765500.0,3752.75,112.01000213623047,1651.0,0.42129998207092284,165.19366455078125
2022-10-24,276.0007629394531,276.8754577636719,271.8848876953125,273.9774169921875,535946814.0,3797.340087890625,111.98999786376953,1648.699951171875,0.4234000205993652,165.19366455078125
2022-10-25,273.95135498046875,289.601806640625,272.36651611328125,284.4325256347656,940035659.0,3859.110107421875,110.94999694824219,1652.800048828125,0.4107999801635742,165.19366455078125
2022-10-26,284.356201171875,291.702392578125,284.163818359375,290.3769836425781,1017326051.0,3830.60009765625,109.69999694824219,1664.0,0.40149998664855957,165.19366455078125
2022-10-27,290.3919982910156,293.0694580078125,285.2253112792969,286.8441162109375,874526054.0,3807.300048828125,110.58999633789062,1660.699951171875,0.3937000036239624,165.19366455078125
2022-10-28,286.8411560058594,300.7218017578125,286.1366882324219,298.0141906738281,1072756219.0,3901.06005859375,110.66999816894531,1639.5999755859375,0.4010000228881836,165.19366455078125
2022-10-29,298.0037841796875,307.91497802734375,295.94525146484375,304.21795654296875,1397370727.0,3901.06005859375,110.66999816894531,1639.5999755859375,0.4010000228881836,165.19366455078125
2022-10-30,304.22991943359375,318.06927490234375,302.53436279296875,313.7547912597656,1451550019.0,3901.06005859375,110.66999816894531,1639.5999755859375,0.4010000228881836,165.19366455078125
2022-10-31,313.6713562011719,336.7953186035156,307.6253356933594,326.3607177734375,2168405759.0,3871.97998046875,111.52999877929688,1635.9000244140625,0.4077000141143799,165.19366455078125
2022-11-01,326.2778625488281,334.20623779296875,317.9355163574219,324.5794372558594,1329110451.0,3856.10009765625,111.4800033569336,1645.0,0.4052000045776367,165.19366455078125
2022-11-02,324.4679870605469,329.0394592285156,316.2809143066406,320.1505432128906,1411029750.0,3759.68994140625,111.3499984741211,1645.699951171875,0.4059000015258789,165.19366455078125
2022-11-03,320.1744384765625,338.642578125,318.4955749511719,329.71697998046875,1514834239.0,3719.889892578125,112.93000030517578,1627.300048828125,0.4124000072479248,165.19366455078125
2022-11-04,329.67095947265625,358.1820068359375,328.7398376464844,354.4063720703125,1938879952.0,3770.550048828125,110.87999725341797,1672.5,0.41560001373291017,165.19366455078125
2022-11-05,354.4194641113281,360.309326171875,347.0196228027344,349.25372314453125,1231594445.0,3770.550048828125,110.87999725341797,1672.5,0.41560001373291017,165.19366455078125
2022-11-06,349.28814697265625,354.48809814453125,339.1924133300781,339.3893737792969,1143505730.0,3770.550048828125,110.87999725341797,1672.5,0.41560001373291017,165.19366455078125
2022-11-07,338.89715576171875,344.0419006347656,327.68377685546875,337.0145568847656,1811518274.0,3806.800048828125,110.12000274658203,1676.5,0.4214000225067139,165.19366455078125
2022-11-08,336.9876403808594,388.71551513671875,302.75189208984375,327.6902770996094,5390603525.0,3828.110107421875,109.62000274658203,1712.0999755859375,0.4125999927520752,165.19366455078125
2022-11-09,327.8196716308594,332.0610046386719,261.7302551269531,266.8531188964844,3191459132.0,3748.570068359375,110.55000305175781,1710.0999755859375,0.4151000022888184,165.19366455078125
2022-11-10,266.8857727050781,311.0740051269531,264.4677429199219,304.0800476074219,2461275687.0,3956.3701171875,108.20999908447266,1750.300048828125,0.3828999996185303,165.19366455078125
2022-11-11,303.98687744140625,304.91278076171875,280.6268615722656,289.820556640625,1625174426.0,3992.929931640625,106.29000091552734,1766.0,0.3812999963760376,165.19366455078125
2022-11-12,289.8576354980469,290.3691711425781,272.0461120605469,282.3412780761719,1189401392.0,3992.929931640625,106.29000091552734,1766.0,0.3812999963760376,165.19366455078125
2022-11-13,282.3652648925781,286.08447265625,274.0527038574219,276.5794372558594,956106804.0,3992.929931640625,106.29000091552734,1766.0,0.3812999963760376,165.19366455078125
2022-11-14,276.62225341796875,290.7196350097656,268.2330322265625,278.57843017578125,1541330420.0,3957.25,106.66000366210938,1773.5999755859375,0.3865000009536743,165.19366455078125
2022-11-15,278.6280212402344,281.8825378417969,274.0931091308594,276.8740234375,1116291060.0,3991.72998046875,106.4000015258789,1773.800048828125,0.37990000247955324,165.19366455078125
2022-11-16,276.8630065917969,279.7919921875,269.6501770019531,272.08160400390625,908816092.0,3958.7900390625,106.27999877929688,1773.0,0.3691999912261963,165.19366455078125
2022-11-17,272.08831787109375,273.22247314453125,264.39849853515625,267.91131591796875,854777255.0,3946.56005859375,106.69000244140625,1760.800048828125,0.3775000095367432,165.19366455078125
2022-11-18,267.91412353515625,274.5059509277344,267.9135437011719,273.91998291015625,685307608.0,3965.340087890625,106.93000030517578,1751.9000244140625,0.3818000078201294,165.19366455078125
2022-11-19,273.88720703125,274.262451171875,269.6495361328125,272.3976745605469,551451228.0,3965.340087890625,106.93000030517578,1751.9000244140625,0.3818000078201294,165.19366455078125
2022-11-20,272.4302978515625,273.6504821777344,262.5552978515625,264.2351379394531,720361905.0,3965.340087890625,106.93000030517578,1751.9000244140625,0.3818000078201294,165.19366455078125
2022-11-21,264.23577880859375,264.7425537109375,250.6569366455078,254.1682586669922,1094850661.0,3949.93994140625,107.83999633789062,1737.4000244140625,0.3825000047683716,165.19366455078125
2022-11-22,254.0190887451172,266.89215087890625,252.38995361328125,266.3243408203125,800429058.0,4003.580078125,107.22000122070312,1738.300048828125,0.37579998970031736,165.19366455078125
2022-11-23,266.42034912109375,300.02020263671875,265.03497314453125,297.8474426269531,1920236928.0,4027.260009765625,106.08000183105469,1744.9000244140625,0.3706000089645386,165.19366455078125
2022-11-24,297.94586181640625,303.06463623046875,294.53155517578125,300.4278259277344,1219177799.0,4027.260009765625,106.08000183105469,1744.9000244140625,0.3706000089645386,165.19366455078125
2022-11-25,300.3338317871094,304.16326904296875,294.9123229980469,300.57769775390625,949045515.0,4026.1201171875,105.95999908447266,1753.300048828125,0.3690999984741211,165.19366455078125
2022-11-26,300.5717468261719,316.9621276855469,300.38946533203125,311.3884582519531,1221554861.0,4026.1201171875,105.95999908447266,1753.300048828125,0.3690999984741211,165.19366455078125
2022-11-27,311.3720397949219,316.2198791503906,307.1563720703125,307.4292907714844,793779029.0,4026.1201171875,105.95999908447266,1753.300048828125,0.3690999984741211,165.19366455078125
2022-11-28,307.3995666503906,309.0960998535156,289.4936828613281,293.5272521972656,1154829072.0,3963.93994140625,106.68000030517578,1740.0999755859375,0.3703000068664551,165.19366455078125
2022-11-29,293.4918212890625,304.82281494140625,289.7636413574219,295.4981689453125,986451640.0,3957.6298828125,106.81999969482422,1748.4000244140625,0.3747999906539917,165.19366455078125
2022-11-30,295.5482177734375,304.6509704589844,294.38226318359375,300.7943420410156,1009620336.0,4080.110107421875,105.94999694824219,1746.0,0.3703000068664551,165.19366455078125
2022-12-01,300.7543640136719,301.47967529296875,290.5537109375,292.0162048339844,1433086340.0,4076.570068359375,104.7300033569336,1801.0999755859375,0.35290000438690183,165.19366455078125
2022-12-02,292.028564453125,293.5274963378906,286.14068603515625,293.5274963378906,854253818.0,4071.699951171875,104.55000305175781,1795.9000244140625,0.350600004196167,165.19366455078125
2022-12-03,293.5003662109375,294.04302978515625,289.7044677734375,290.5631408691406,634607105.0,4071.699951171875,104.55000305175781,1795.9000244140625,0.350600004196167,165.19366455078125
2022-12-04,290.5531005859375,292.3376159667969,288.5040588378906,292.2882995605469,633441009.0,4071.699951171875,104.55000305175781,1795.9000244140625,0.350600004196167,165.19366455078125
2022-12-05,292.2088928222656,296.91217041015625,286.5386962890625,288.4742736816406,705616866.0,3998.840087890625,105.29000091552734,1767.4000244140625,0.35989999771118164,165.19366455078125
2022-12-06,288.4617614746094,290.60162353515625,287.1078796386719,290.3544616699219,610280514.0,3941.260009765625,105.58000183105469,1769.300048828125,0.3513000011444092,165.19366455078125
2022-12-07,290.3846130371094,290.4856872558594,282.02081298828125,284.284423828125,759320494.0,3933.919921875,105.0999984741211,1785.5,0.34079999923706056,165.19366455078125
2022-12-08,284.295166015625,291.51171875,282.8092041015625,290.53717041015625,646645162.0,3963.510009765625,104.7699966430664,1788.699951171875,0.3490999937057495,165.19366455078125
2022-12-09,290.5220031738281,291.5705871582031,285.57562255859375,286.0904235839844,644239750.0,3934.3798828125,104.80999755859375,1798.0999755859375,0.3566999912261963,165.19366455078125
2022-12-10,286.10650634765625,289.49261474609375,286.10650634765625,288.1252136230469,439735200.0,3934.3798828125,104.80999755859375,1798.0999755859375,0.3566999912261963,165.19366455078125
2022-12-11,288.1442565917969,290.9364318847656,284.18829345703125,284.3904113769531,496833486.0,3934.3798828125,104.80999755859375,1798.0999755859375,0.3566999912261963,165.19366455078125
2022-12-12,284.43438720703125,285.5374450683594,273.5308532714844,276.2781982421875,974762447.0,3990.56005859375,105.12999725341797,1780.5,0.3611000061035156,165.19366455078125
2022-12-13,276.28448486328125,280.6873474121094,257.44036865234375,271.9516906738281,1925504273.0,4019.64990234375,103.9800033569336,1813.9000244140625,0.3500999927520752,165.19366455078125
2022-12-14,271.95806884765625,277.8570861816406,266.146240234375,268.2315368652344,1026628081.0,3995.320068359375,103.7699966430664,1807.5,0.3503000020980835,165.19366455078125
2022-12-15,268.1503601074219,268.1503601074219,257.0812072753906,258.2737121582031,709349174.0,3895.75,104.55999755859375,1777.199951171875,0.34500000476837156,165.19366455078125
2022-12-16,258.2687683105469,264.2475891113281,227.34523010253906,231.23243713378906,1264053277.0,3852.360107421875,104.69999694824219,1790.0,0.3482000112533569,165.19366455078125
2022-12-17,231.2207489013672,243.5819549560547,221.00318908691406,242.52928161621094,1196953526.0,3852.360107421875,104.69999694824219,1790.0,0.3482000112533569,165.19366455078125
2022-12-18,242.51690673828125,253.33969116210938,240.03652954101562,251.15638732910156,925487110.0,3852.360107421875,104.69999694824219,1790.0,0.3482000112533569,165.19366455078125
2022-12-19,251.24267578125,252.93301391601562,238.65078735351562,240.65780639648438,751196285.0,3817.659912109375,104.72000122070312,1787.699951171875,0.3581000089645386,165.19366455078125
2022-12-20,240.66822814941406,252.628662109375,239.8014373779297,251.74453735351562,667866377.0,3821.6201171875,103.97000122070312,1815.9000244140625,0.36840000152587893,165.19366455078125
2022-12-21,251.69432067871094,251.69432067871094,245.7572479248047,246.04698181152344,479296549.0,3878.43994140625,104.16000366210938,1815.9000244140625,0.36840000152587893,165.19366455078125
2022-12-22,246.06832885742188,248.0320281982422,240.4832000732422,245.890625,543367184.0,3822.389892578125,104.43000030517578,1787.0,0.36689999103546145,165.19366455078125
2022-12-23,245.89413452148438,248.27471923828125,244.45294189453125,246.14817810058594,388929772.0,3844.820068359375,104.30999755859375,1795.9000244140625,0.3750999927520752,165.19366455078125
2022-12-24,246.15164184570312,246.1817169189453,243.9530487060547,244.63552856445312,280627376.0,3844.820068359375,104.30999755859375,1795.9000244140625,0.3750999927520752,165.19366455078125
2022-12-25,244.6363983154297,245.73098754882812,241.70050048828125,243.14149475097656,298063868.0,3844.820068359375,104.30999755859375,1795.9000244140625,0.3750999927520752,165.19366455078125
2022-12-26,243.14793395996094,244.595947265625,242.22442626953125,244.1982879638672,276115280.0,3844.820068359375,104.30999755859375,1795.9000244140625,0.3750999927520752,165.19366455078125
2022-12-27,244.20265197753906,247.6796875,242.5621795654297,246.5966796875,391342277.0,3829.25,104.18000030517578,1814.800048828125,0.38599998950958253,165.19366455078125
2022-12-28,246.60711669921875,246.8400421142578,242.10928344726562,244.1419219970703,414698978.0,3783.219970703125,104.45999908447266,1807.9000244140625,0.388700008392334,165.19366455078125
2022-12-29,244.17141723632812,246.6009979248047,243.5799102783203,246.47972106933594,345312528.0,3849.280029296875,103.83999633789062,1819.5,0.3835000038146973,165.19366455078125
2022-12-30,246.4580078125,246.4972381591797,243.12747192382812,245.7792205810547,342300809.0,3839.5,103.5199966430664,1819.699951171875,0.3878999948501587,165.19366455078125
2022-12-31,245.78868103027344,247.5836181640625,245.10824584960938,246.3491973876953,307551853.0,3839.5,103.5199966430664,1819.699951171875,0.3878999948501587,165.19366455078125
2023-01-01,246.33290100097656,246.48580932617188,243.57528686523438,244.13697814941406,278651737.0,3839.5,103.5199966430664,1819.699951171875,0.3878999948501587,165.19366455078125
2023-01-02,244.1522216796875,247.71527099609375,241.69248962402344,245.53590393066406,357733262.0,3839.5,103.5199966430664,1819.699951171875,0.3878999948501587,165.19366455078125
2023-01-03,245.55213928222656,246.83145141601562,244.78404235839844,246.13336181640625,377452410.0,3824.139892578125,104.5199966430664,1839.699951171875,0.37929999828338623,165.19366455078125
2023-01-04,246.14089965820312,260.51605224609375,245.70497131347656,259.11968994140625,632924961.0,3852.969970703125,104.25,1852.800048828125,0.37090001106262205,165.19366455078125
2023-01-05,259.07647705078125,259.07647705078125,255.5965576171875,256.4228515625,342934041.0,3808.10009765625,105.04000091552734,1834.800048828125,0.37200000286102297,165.19366455078125
2023-01-06,256.4501953125,260.22174072265625,255.0677032470703,259.8671569824219,417893264.0,3895.080078125,103.87999725341797,1864.199951171875,0.3569000005722046,165.19366455078125
2023-01-07,259.8548889160156,262.9636535644531,259.5932922363281,261.2828369140625,327712514.0,3895.080078125,103.87999725341797,1864.199951171875,0.3569000005722046,165.19366455078125
2023-01-08,261.2529296875,274.38507080078125,260.51690673828125,274.38507080078125,491734030.0,3895.080078125,103.87999725341797,1864.199951171875,0.3569000005722046,165.19366455078125
2023-01-09,274.44244384765625,283.0254211425781,271.8993835449219,272.7015380859375,783671054.0,3892.090087890625,103.0,1872.699951171875,0.35169999599456786,165.19366455078125
2023-01-10,272.6551818847656,278.2676696777344,271.14984130859375,277.2896423339844,470259383.0,3919.25,103.23999786376953,1871.5999755859375,0.3621000051498413,165.19366455078125
2023-01-11,277.29351806640625,285.1723937988281,274.5263977050781,285.0465087890625,466458216.0,3969.610107421875,103.19000244140625,1874.5999755859375,0.35539999008178713,165.19366455078125
2023-01-12,286.9006652832031,287.9513854980469,279.74102783203125,287.8123474121094,655903255.0,3983.169921875,102.25,1895.5,0.34489998817443845,165.19366455078125
2023-01-13,287.8114929199219,295.2747802734375,285.19122314453125,293.7330017089844,561853825.0,3999.090087890625,102.19999694824219,1918.4000244140625,0.3510999917984009,165.19366455078125
2023-01-14,293.71966552734375,314.00335693359375,293.6006164550781,305.2411193847656,1087358891.0,3999.090087890625,102.19999694824219,1918.4000244140625,0.3510999917984009,165.19366455078125
2023-01-15,305.3287353515625,305.76385498046875,292.9245910644531,302.0706481933594,562889882.0,3999.090087890625,102.19999694824219,1918.4000244140625,0.3510999917984009,165.19366455078125
2023-01-16,302.0799865722656,307.5973815917969,294.18194580078125,298.9992370605469,602126315.0,3999.090087890625,102.19999694824219,1918.4000244140625,0.3510999917984009,165.19366455078125
2023-01-17,299.0591125488281,304.78814697265625,296.97479248046875,299.82452392578125,529752305.0,3990.969970703125,102.38999938964844,1907.199951171875,0.35350000858306885,165.19366455078125
2023-01-18,299.8314514160156,304.8897705078125,282.63104248046875,286.9910583496094,844268123.0,3928.860107421875,102.36000061035156,1904.4000244140625,0.3375,165.19366455078125
2023-01-19,286.885498046875,295.1185302734375,286.8704528808594,294.8522033691406,431382130.0,3898.85009765625,102.05999755859375,1922.0999755859375,0.3397000074386597,165.19366455078125
2023-01-20,294.84552001953125,305.02093505859375,287.2264404296875,304.9731750488281,669836014.0,3972.610107421875,102.01000213623047,1926.4000244140625,0.3483999967575073,165.19366455078125
2023-01-21,305.0204772949219,309.6165771484375,299.0642395019531,299.26116943359375,755028964.0,3972.610107421875,102.01000213623047,1926.4000244140625,0.3483999967575073,165.19366455078125
2023-01-22,299.2391052246094,310.6024169921875,299.10357666015625,303.04644775390625,571771274.0,3972.610107421875,102.01000213623047,1926.4000244140625,0.3483999967575073,165.19366455078125
2023-01-23,303.02032470703125,307.42926025390625,302.3316955566406,305.50408935546875,520678637.0,4019.81005859375,102.13999938964844,1927.0999755859375,0.35250000953674315,165.19366455078125
2023-01-24,305.3908996582031,322.7462158203125,299.6996154785156,300.6123352050781,887528741.0,4016.949951171875,101.91999816894531,1933.9000244140625,0.3469000101089478,165.19366455078125
2023-01-25,300.6381530761719,313.20074462890625,294.71466064453125,307.3076477050781,667706772.0,4016.219970703125,101.63999938964844,1941.199951171875,0.34619998931884766,165.19366455078125
2023-01-26,307.0964050292969,309.2630920410156,302.3926696777344,304.8665466308594,540954388.0,4060.429931640625,101.83999633789062,1929.0999755859375,0.3493000030517578,165.19366455078125
2023-01-27,304.87445068359375,309.89447021484375,300.3205871582031,308.12310791015625,484897937.0,4070.56005859375,101.93000030517578,1928.5999755859375,0.3517999887466431,165.19366455078125
2023-01-28,308.1571350097656,313.0773620605469,304.09332275390625,306.24432373046875,434715822.0,4070.56005859375,101.93000030517578,1928.5999755859375,0.3517999887466431,165.19366455078125
2023-01-29,306.2362976074219,320.1185607910156,305.1980895996094,317.3362121582031,664644693.0,4070.56005859375,101.93000030517578,1928.5999755859375,0.3517999887466431,165.19366455078125
2023-01-30,317.3753967285156,320.25482177734375,303.58074951171875,307.0688781738281,630938594.0,4017.77001953125,102.27999877929688,1922.9000244140625,0.3551000118255615,165.19366455078125
2023-01-31,307.0965576171875,313.8247985839844,305.6813659667969,312.3610534667969,487472184.0,4076.60009765625,102.0999984741211,1929.5,0.35290000438690183,165.19366455078125
2023-02-01,312.2771301269531,319.2076721191406,306.1482849121094,317.47259521484375,616638893.0,4119.2099609375,101.22000122070312,1927.800048828125,0.3397000074386597,165.19366455078125
2023-02-02,317.34619140625,333.49554443359375,316.7110595703125,323.34979248046875,909077028.0,4179.759765625,101.75,1916.300048828125,0.3395999908447266,165.19366455078125
2023-02-03,323.2913513183594,334.545166015625,318.9032287597656,332.2686767578125,861598551.0,4136.47998046875,102.91999816894531,1862.9000244140625,0.35320000648498534,165.19366455078125
2023-02-04,332.24969482421875,333.8709411621094,327.7414245605469,330.6170959472656,440935963.0,4136.47998046875,102.91999816894531,1862.9000244140625,0.35320000648498534,165.19366455078125
2023-02-05,330.5582580566406,337.3205261230469,324.8794860839844,327.8693542480469,662969265.0,4136.47998046875,102.91999816894531,1862.9000244140625,0.35320000648498534,165.19366455078125
2023-02-06,327.8618469238281,330.9574279785156,321.9461364746094,324.6271667480469,521894604.0,4111.080078125,103.62000274658203,1866.199951171875,0.3634000062942505,165.19366455078125
2023-02-07,324.5574035644531,333.5267333984375,324.2054748535156,333.2278747558594,521804212.0,4164.0,103.43000030517578,1871.699951171875,0.36740000247955323,165.19366455078125
2023-02-08,333.2173156738281,334.7283935546875,324.49053955078125,328.0886535644531,515127902.0,4117.85986328125,103.41000366210938,1877.4000244140625,0.36530001163482667,165.19366455078125
2023-02-09,328.1722106933594,329.0126037597656,303.3585510253906,305.9604187011719,778492045.0,4081.5,103.22000122070312,1866.199951171875,0.3683000087738037,165.19366455078125
2023-02-10,306.00726318359375,309.0569152832031,303.0165710449219,305.9541320800781,492880078.0,4090.4599609375,103.62999725341797,1862.800048828125,0.374399995803833,165.19366455078125
2023-02-11,305.97991943359375,311.1468811035156,305.4541015625,310.61602783203125,348569462.0,4090.4599609375,103.62999725341797,1862.800048828125,0.374399995803833,165.19366455078125
2023-02-12,310.6056213378906,320.23486328125,306.5174865722656,312.9296569824219,520994815.0,4090.4599609375,103.62999725341797,1862.800048828125,0.374399995803833,165.19366455078125
2023-02-13,312.9018249511719,315.123046875,283.6963806152344,294.475341796875,1322505522.0,4137.2900390625,103.3499984741211,1851.9000244140625,0.37170000076293946,165.19366455078125
2023-02-14,294.47039794921875,301.1332702636719,290.1734924316406,296.120361328125,662196432.0,4136.1298828125,103.2300033569336,1854.0,0.37609999179840087,165.19366455078125
2023-02-15,296.1449279785156,317.3873291015625,294.3832702636719,317.1692199707031,667519216.0,4147.60009765625,103.91999816894531,1834.199951171875,0.3809000015258789,165.19366455078125
2023-02-16,317.150390625,326.6348876953125,304.50274658203125,304.7637023925781,1036335164.0,4090.409912109375,103.86000061035156,1842.0,0.38429999351501465,165.19366455078125
2023-02-17,304.74273681640625,316.4135437011719,303.5519104003906,313.37799072265625,701575686.0,4079.090087890625,103.86000061035156,1840.4000244140625,0.3828000068664551,165.19366455078125
2023-02-18,313.3858642578125,318.6784973144531,313.300537109375,316.6827087402344,467884011.0,4079.090087890625,103.86000061035156,1840.4000244140625,0.3828000068664551,165.19366455078125
2023-02-19,316.6196594238281,318.42645263671875,311.3098449707031,311.93585205078125,522437732.0,4079.090087890625,103.86000061035156,1840.4000244140625,0.3828000068664551,165.19366455078125
2023-02-20,312.0279235839844,319.30078125,309.4282531738281,315.37744140625,676396150.0,4079.090087890625,103.86000061035156,1840.4000244140625,0.3828000068664551,165.19366455078125
2023-02-21,315.39935302734375,316.9972839355469,309.95526123046875,311.4720153808594,579359973.0,3997.340087890625,104.18000030517578,1833.0,0.39549999237060546,165.19366455078125
2023-02-22,311.4826354980469,312.80938720703125,304.2212219238281,312.7811279296875,549179249.0,3991.050048828125,104.58999633789062,1832.0,0.392300009727478,165.19366455078125
2023-02-23,312.8053283691406,314.8948974609375,306.1802062988281,308.533935546875,472852406.0,4012.320068359375,104.5999984741211,1818.0,0.3878999948501587,165.19366455078125
2023-02-24,308.459716796875,311.7994384765625,300.0581359863281,302.0537109375,479926281.0,3970.0400390625,105.20999908447266,1808.800048828125,0.3948999881744385,165.19366455078125
2023-02-25,302.1002502441406,303.02923583984375,297.22412109375,302.3846130371094,310503640.0,3970.0400390625,105.20999908447266,1808.800048828125,0.3948999881744385,165.19366455078125
2023-02-26,302.3690185546875,309.5875549316406,300.96624755859375,308.9970703125,312320211.0,3970.0400390625,105.20999908447266,1808.800048828125,0.3948999881744385,165.19366455078125
2023-02-27,308.9851989746094,309.325439453125,300.93609619140625,304.8558044433594,404806423.0,3982.239990234375,104.66999816894531,1817.0,0.3921999931335449,165.19366455078125
2023-02-28,304.85498046875,305.6327209472656,300.56927490234375,301.4748229980469,337673265.0,3970.14990234375,104.87000274658203,1828.9000244140625,0.3915999889373779,165.19366455078125
2023-03-01,301.5103454589844,306.1851501464844,301.0980224609375,302.907470703125,377974810.0,3951.389892578125,104.4800033569336,1837.699951171875,0.399399995803833,165.19366455078125
2023-03-02,302.9161071777344,303.5541687011719,296.5191650390625,299.9461669921875,370516889.0,3981.35009765625,105.02999877929688,1833.5,0.4072999954223633,165.19366455078125
2023-03-03,299.9775695800781,300.087646484375,287.979248046875,290.2828369140625,450262903.0,4045.639892578125,104.5199966430664,1847.699951171875,0.396399998664856,165.19366455078125
2023-03-04,290.2898864746094,291.3275451660156,286.61907958984375,289.5038757324219,289197235.0,4045.639892578125,104.5199966430664,1847.699951171875,0.396399998664856,165.19366455078125
2023-03-05,289.5206298828125,292.4590759277344,287.87591552734375,288.69970703125,287599378.0,4045.639892578125,104.5199966430664,1847.699951171875,0.396399998664856,165.19366455078125
2023-03-06,288.7044982910156,289.7183837890625,283.9531555175781,288.0549621582031,374160712.0,4048.419921875,104.3499984741211,1847.9000244140625,0.39830000400543214,165.19366455078125
2023-03-07,287.99554443359375,290.21673583984375,284.37408447265625,289.34368896484375,373176525.0,3986.3701171875,105.62000274658203,1813.9000244140625,0.39749999046325685,165.19366455078125
2023-03-08,289.32745361328125,293.6416320800781,285.5854797363281,286.86700439453125,436665040.0,3992.010009765625,105.66000366210938,1812.699951171875,0.39760000705718995,165.19366455078125
2023-03-09,286.9457702636719,291.3664855957031,272.7283630371094,277.2961120605469,505668979.0,3918.320068359375,105.30999755859375,1829.300048828125,0.39249999523162843,165.19366455078125
2023-03-10,277.3235168457031,278.1007385253906,265.7124328613281,277.4195861816406,558776711.0,3861.590087890625,104.58000183105469,1862.0,0.3694999933242798,165.19366455078125
2023-03-11,277.4346618652344,281.64410400390625,272.2830810546875,277.96142578125,523623578.0,3861.590087890625,104.58000183105469,1862.0,0.3694999933242798,165.19366455078125
2023-03-12,277.94403076171875,289.7134094238281,276.63861083984375,289.67578125,483074620.0,3861.590087890625,104.58000183105469,1862.0,0.3694999933242798,165.19366455078125
2023-03-13,289.7408142089844,313.75372314453125,287.5561828613281,308.9122009277344,1122664621.0,3855.760009765625,103.5999984741211,1911.699951171875,0.35150001049041746,165.19366455078125
2023-03-14,308.93798828125,319.8389587402344,304.01312255859375,309.37078857421875,866173920.0,3919.2900390625,103.5999984741211,1906.199951171875,0.3638000011444092,165.19366455078125
2023-03-15,309.4461364746094,313.9241638183594,301.69415283203125,307.12493896484375,596861029.0,3891.929931640625,104.6500015258789,1926.5999755859375,0.3492000102996826,165.19366455078125
2023-03-16,307.21343994140625,333.0071716308594,304.4295349121094,329.8608703613281,1337194824.0,3960.280029296875,104.41999816894531,1919.0,0.35850000381469727,165.19366455078125
2023-03-17,329.8863220214844,340.2700500488281,327.1355895996094,339.0811462402344,934568148.0,3916.639892578125,103.70999908447266,1969.800048828125,0.33949999809265136,165.19366455078125
2023-03-18,339.0407409667969,346.44512939453125,330.7912292480469,331.5242919921875,828471428.0,3916.639892578125,103.70999908447266,1969.800048828125,0.33949999809265136,165.19366455078125
2023-03-19,331.5301818847656,341.81658935546875,331.5301818847656,336.9782409667969,705888292.0,3916.639892578125,103.70999908447266,1969.800048828125,0.33949999809265136,165.19366455078125
2023-03-20,337.0009460449219,339.79803466796875,332.8540954589844,332.9230041503906,682276624.0,3951.570068359375,103.27999877929688,1979.199951171875,0.3480999946594238,165.19366455078125
2023-03-21,333.01580810546875,339.5476989746094,328.9939880371094,335.3092346191406,638610697.0,4002.8701171875,103.26000213623047,1938.0,0.36059999465942383,165.19366455078125
2023-03-22,335.29412841796875,339.685791015625,317.6002502441406,321.8877258300781,1280612242.0,3936.969970703125,102.3499984741211,1946.800048828125,0.35,165.19366455078125
2023-03-23,321.863525390625,331.968505859375,319.8922119140625,329.8370056152344,547390925.0,3948.719970703125,102.52999877929688,1993.800048828125,0.3405999898910522,165.19366455078125
2023-03-24,329.8080749511719,330.1739807128906,317.77679443359375,322.3593444824219,468651735.0,3970.989990234375,103.12000274658203,1982.0999755859375,0.3380000114440918,165.19366455078125
2023-03-25,322.3198547363281,325.0028381347656,319.9109191894531,322.6730651855469,439062620.0,3970.989990234375,103.12000274658203,1982.0999755859375,0.3380000114440918,165.19366455078125
2023-03-26,322.6365051269531,329.5675354003906,322.0966491699219,328.88800048828125,363216136.0,3970.989990234375,103.12000274658203,1982.0999755859375,0.3380000114440918,165.19366455078125
2023-03-27,328.90447998046875,329.33050537109375,306.4544372558594,310.9491271972656,656817420.0,3977.530029296875,102.86000061035156,1952.4000244140625,0.35280001163482666,165.19366455078125
2023-03-28,310.9465637207031,314.98614501953125,307.37127685546875,313.2606201171875,478328374.0,3971.27001953125,102.43000030517578,1972.4000244140625,0.35639998912811277,165.19366455078125
2023-03-29,313.2275390625,319.5325012207031,312.7904052734375,313.8417663574219,482942200.0,4027.81005859375,102.63999938964844,1966.0999755859375,0.3565999984741211,165.19366455078125
2023-03-30,313.86260986328125,317.79571533203125,311.0036315917969,316.56756591796875,594180917.0,4050.830078125,102.13999938964844,1980.300048828125,0.3551000118255615,165.19366455078125
2023-03-31,316.6324157714844,319.6335754394531,313.7864990234375,317.0400085449219,419430009.0,4109.31005859375,102.51000213623047,1969.0,0.349399995803833,165.19366455078125
2023-04-01,317.0597839355469,318.4306335449219,313.5613098144531,315.2173156738281,463135728.0,4109.31005859375,102.51000213623047,1969.0,0.349399995803833,165.19366455078125
2023-04-02,314.94207763671875,316.18841552734375,311.53656005859375,313.9286193847656,442429679.0,4109.31005859375,102.51000213623047,1969.0,0.349399995803833,165.19366455078125
2023-04-03,313.9376525878906,314.0332336425781,300.5087585449219,308.5623779296875,701865645.0,4124.509765625,102.08999633789062,1983.9000244140625,0.3430000066757202,165.19366455078125
2023-04-04,308.58984375,312.0874938964844,308.4649658203125,310.9948425292969,575672802.0,4100.60009765625,101.58999633789062,2022.199951171875,0.33369998931884765,165.19366455078125
2023-04-05,311.00091552734375,316.3108215332031,310.514404296875,314.06317138671875,592856922.0,4090.3798828125,101.8499984741211,2020.9000244140625,0.3286999940872192,165.19366455078125
2023-04-06,314.0839538574219,314.5912170410156,311.0617370605469,312.45465087890625,530706217.0,4105.02001953125,101.81999969482422,2011.9000244140625,0.32880001068115233,165.19366455078125
2023-04-07,312.4539489746094,312.8652648925781,309.9834289550781,310.6994934082031,478098163.0,4105.02001953125,101.81999969482422,2011.9000244140625,0.32880001068115233,165.19366455078125
2023-04-08,310.6653137207031,312.6832580566406,310.3880310058594,310.6347351074219,461767801.0,4105.02001953125,101.81999969482422,2011.9000244140625,0.32880001068115233,165.19366455078125
2023-04-09,310.6590576171875,313.6131591796875,309.88458251953125,312.87225341796875,465627007.0,4105.02001953125,101.81999969482422,2011.9000244140625,0.32880001068115233,165.19366455078125
2023-04-10,312.8681335449219,318.3790588378906,311.8117980957031,318.3790588378906,565754261.0,4109.10986328125,102.58000183105469,1989.0999755859375,0.34149999618530275,165.19366455078125
2023-04-11,318.4115295410156,332.8777770996094,318.14306640625,322.7582702636719,896643000.0,4108.93994140625,102.19999694824219,2004.800048828125,0.3434000015258789,165.19366455078125
2023-04-12,322.7652282714844,323.48980712890625,317.3410339355469,318.9537658691406,639928192.0,4091.949951171875,101.5,2010.9000244140625,0.3421000003814697,165.19366455078125
2023-04-13,320.0234680175781,325.2355041503906,318.1626281738281,324.9480895996094,684442464.0,4146.22021484375,101.01000213623047,2041.300048828125,0.34519999027252196,165.19366455078125
2023-04-14,324.9757080078125,335.52276611328125,324.037109375,329.1738586425781,941862415.0,4137.64013671875,101.55000305175781,2002.199951171875,0.35220000743865965,165.19366455078125
2023-04-15,329.1726989746094,335.97052001953125,327.572021484375,333.40728759765625,730957108.0,4137.64013671875,101.55000305175781,2002.199951171875,0.35220000743865965,165.19366455078125
2023-04-16,333.39019775390625,349.9566345214844,331.2898254394531,348.2209167480469,936315454.0,4137.64013671875,101.55000305175781,2002.199951171875,0.35220000743865965,165.19366455078125
2023-04-17,348.1757507324219,350.0722961425781,338.2606201171875,339.9941101074219,856381072.0,4151.31982421875,102.0999984741211,1994.199951171875,0.3591000080108643,165.19366455078125
2023-04-18,340.0447692871094,346.4930419921875,337.85931396484375,343.1934509277344,741280408.0,4154.8701171875,101.75,2007.4000244140625,0.35720000267028806,165.19366455078125
2023-04-19,343.16961669921875,343.5299072265625,321.0520324707031,322.70751953125,826810466.0,4154.52001953125,101.97000122070312,1995.199951171875,0.36019999980926515,165.19366455078125
2023-04-20,322.5877380371094,326.5525207519531,315.9021911621094,317.8899230957031,663981561.0,4129.7900390625,101.83999633789062,2007.5999755859375,0.35450000762939454,165.19366455078125
2023-04-21,317.9211120605469,331.41717529296875,316.116943359375,321.67498779296875,1057530805.0,4133.52001953125,101.81999969482422,1979.5,0.3569999933242798,165.19366455078125
2023-04-22,321.65673828125,332.9909973144531,320.3104553222656,331.9950866699219,670641138.0,4133.52001953125,101.81999969482422,1979.5,0.3569999933242798,165.19366455078125
2023-04-23,332.0133361816406,332.220703125,327.779541015625,330.61883544921875,639990072.0,4133.52001953125,101.81999969482422,1979.5,0.3569999933242798,165.19366455078125
2023-04-24,330.6213073730469,333.4481201171875,328.1448669433594,331.2458801269531,662758378.0,4137.0400390625,101.3499984741211,1989.0999755859375,0.35150001049041746,165.19366455078125
2023-04-25,331.20050048828125,339.701171875,328.8067932128906,338.3255615234375,682400159.0,4071.6298828125,101.86000061035156,1994.0,0.3395999908447266,165.19366455078125
2023-04-26,338.3247985839844,344.81683349609375,325.43853759765625,330.82177734375,910334786.0,4055.989990234375,101.47000122070312,1985.699951171875,0.3431999921798706,165.19366455078125
2023-04-27,330.84637451171875,336.4452819824219,329.1021728515625,331.1950988769531,750494420.0,4135.35009765625,101.5,1989.9000244140625,0.35280001163482666,165.19366455078125
2023-04-28,331.1993103027344,331.1993103027344,319.5908508300781,324.500244140625,1069178743.0,4169.47998046875,101.66999816894531,1990.0999755859375,0.34519999027252196,165.19366455078125
2023-04-29,324.4894714355469,324.7434387207031,321.87060546875,322.1347351074219,536818146.0,4169.47998046875,101.66999816894531,1990.0999755859375,0.34519999027252196,165.19366455078125
2023-04-30,322.10662841796875,337.9449157714844,320.7230529785156,337.6455383300781,865228956.0,4169.47998046875,101.66999816894531,1990.0999755859375,0.34519999027252196,165.19366455078125
2023-05-01,337.605224609375,339.39166259765625,326.6700439453125,328.7242126464844,912601797.0,4167.8701171875,102.1500015258789,1983.4000244140625,0.35739998817443847,165.19366455078125
2023-05-02,328.738037109375,328.75897216796875,321.95269775390625,321.95269775390625,686766524.0,4119.580078125,101.95999908447266,2014.300048828125,0.3438999891281128,165.19366455078125
2023-05-03,321.9757080078125,327.4369201660156,320.9884948730469,326.212890625,822037855.0,4090.75,101.33999633789062,2028.5999755859375,0.34030001163482665,165.19366455078125
2023-05-04,326.2037353515625,327.4441223144531,323.5232238769531,323.9171447753906,467074893.0,4061.219970703125,101.4000015258789,2048.0,0.33510000705718995,165.19366455078125
2023-05-05,323.9261779785156,328.9045715332031,323.9261779785156,326.9403076171875,519090054.0,4136.25,101.20999908447266,2017.4000244140625,0.3446000099182129,165.19366455078125
2023-05-06,326.94537353515625,328.7369079589844,320.5791015625,322.7740173339844,494274153.0,4136.25,101.20999908447266,2017.4000244140625,0.3446000099182129,165.19366455078125
2023-05-07,322.7579650878906,325.81414794921875,321.512939453125,321.6110534667969,437921018.0,4136.25,101.20999908447266,2017.4000244140625,0.3446000099182129,165.19366455078125
2023-05-08,321.4257507324219,322.4250183105469,311.8853454589844,313.9712219238281,636404503.0,4138.1201171875,101.37000274658203,2026.300048828125,0.35209999084472654,165.19366455078125
2023-05-09,314.0020751953125,315.7340393066406,311.5994567871094,312.5137023925781,461175016.0,4119.169921875,101.63999938964844,2036.199951171875,0.35209999084472654,165.19366455078125
2023-05-10,312.4984436035156,316.6778869628906,308.8152770996094,314.57745361328125,545212280.0,4137.64013671875,101.4800033569336,2030.5,0.3438999891281128,165.19366455078125
2023-05-11,314.5896301269531,314.5896301269531,304.9615173339844,307.6958312988281,484941644.0,4130.6201171875,102.05999755859375,2014.699951171875,0.3397000074386597,165.19366455078125
2023-05-12,307.68902587890625,308.8200988769531,301.5823974609375,308.6031188964844,509746023.0,4124.080078125,102.68000030517578,2014.5,0.34630000591278076,165.19366455078125
2023-05-13,308.6343078613281,311.89794921875,307.83953857421875,311.0868835449219,385073781.0,4124.080078125,102.68000030517578,2014.5,0.34630000591278076,165.19366455078125
2023-05-14,311.0894470214844,314.6377258300781,310.005859375,312.1358947753906,404468149.0,4124.080078125,102.68000030517578,2014.5,0.34630000591278076,165.19366455078125
2023-05-15,312.13360595703125,316.3658142089844,311.0141296386719,313.5294189453125,432273711.0,4136.27978515625,102.43000030517578,2018.0,0.3507999897003174,165.19366455078125
2023-05-16,313.54290771484375,314.0379333496094,309.6927490234375,311.3800354003906,402988974.0,4109.89990234375,102.55999755859375,1988.4000244140625,0.3549000024795532,165.19366455078125
2023-05-17,311.36981201171875,314.2699890136719,307.6412048339844,314.0835266113281,437721579.0,4158.77001953125,102.87999725341797,1980.699951171875,0.3581000089645386,165.19366455078125
2023-05-18,314.0912170410156,314.6662902832031,306.6496276855469,309.4566955566406,383049498.0,4198.0498046875,103.58000183105469,1956.5,0.3648000001907349,165.19366455078125
2023-05-19,309.44677734375,311.1976013183594,307.9300537109375,308.96429443359375,334636708.0,4191.97998046875,103.19999694824219,1978.699951171875,0.3691999912261963,165.19366455078125
2023-05-20,308.982421875,311.8423156738281,308.0879821777344,310.719970703125,277393160.0,4191.97998046875,103.19999694824219,1978.699951171875,0.3691999912261963,165.19366455078125
2023-05-21,310.7096252441406,311.5177001953125,306.478515625,306.5067138671875,302803530.0,4191.97998046875,103.19999694824219,1978.699951171875,0.3691999912261963,165.19366455078125
2023-05-22,306.5234680175781,310.83538818359375,305.0476379394531,309.2456359863281,355156561.0,4192.6298828125,103.19999694824219,1974.800048828125,0.37190001010894774,165.19366455078125
2023-05-23,309.2491760253906,315.2126770019531,309.2388916015625,313.5062255859375,361568579.0,4145.580078125,103.48999786376953,1972.4000244140625,0.3697999954223633,165.19366455078125
2023-05-24,313.5191345214844,313.5504150390625,304.16552734375,305.9327697753906,418835791.0,4115.240234375,103.88999938964844,1962.800048828125,0.37190001010894774,165.19366455078125
2023-05-25,305.9226989746094,306.6758728027344,302.9423522949219,304.733642578125,401117895.0,4151.27978515625,104.20999908447266,1943.0999755859375,0.3813999891281128,165.19366455078125
2023-05-26,304.7257080078125,308.41436767578125,301.8935546875,306.8863220214844,475658791.0,4205.4501953125,104.20999908447266,1944.0999755859375,0.3809999942779541,165.19366455078125
2023-05-27,306.8948974609375,307.59844970703125,304.4021301269531,307.5917663574219,331579600.0,4205.4501953125,104.20999908447266,1944.0999755859375,0.3809999942779541,165.19366455078125
2023-05-28,307.5807189941406,314.45098876953125,306.99798583984375,314.2700500488281,405623337.0,4205.4501953125,104.20999908447266,1944.0999755859375,0.3809999942779541,165.19366455078125
2023-05-29,314.2846374511719,316.79559326171875,310.7929382324219,311.80718994140625,543284868.0,4205.4501953125,104.20999908447266,1944.0999755859375,0.3809999942779541,165.19366455078125
2023-05-30,311.8103332519531,314.276611328125,311.3135070800781,311.68450927734375,392038878.0,4205.52001953125,104.16999816894531,1958.0,0.3700000047683716,165.19366455078125
2023-05-31,311.6957092285156,311.8466491699219,305.37640380859375,306.86669921875,474410245.0,4179.830078125,104.31999969482422,1963.9000244140625,0.36370000839233396,165.19366455078125
2023-06-01,306.8828125,307.61376953125,303.6445617675781,304.9532775878906,354897855.0,4221.02001953125,103.55999755859375,1978.0,0.3608000040054321,165.19366455078125
2023-06-02,304.95068359375,308.3961486816406,303.7401428222656,307.4237976074219,382256220.0,4282.3701171875,104.0199966430664,1952.4000244140625,0.3690999984741211,165.19366455078125
2023-06-03,307.43389892578125,308.1976623535156,305.64898681640625,306.7201232910156,260995871.0,4282.3701171875,104.0199966430664,1952.4000244140625,0.3690999984741211,165.19366455078125
2023-06-04,306.71844482421875,307.58392333984375,305.0121154785156,305.15679931640625,273449324.0,4282.3701171875,104.0199966430664,1952.4000244140625,0.3690999984741211,165.19366455078125
2023-06-05,305.1672668457031,305.1672668457031,272.8895568847656,276.8892517089844,928515688.0,4273.7900390625,104.0,1958.0,0.3693000078201294,165.19366455078125
2023-06-06,276.9336242675781,285.5967102050781,273.72393798828125,281.4955749511719,691784529.0,4283.85009765625,104.12999725341797,1965.5,0.3698999881744385,165.19366455078125
2023-06-07,281.4814453125,281.4814453125,256.095703125,259.3914489746094,958739195.0,4267.52001953125,104.0999984741211,1942.699951171875,0.37839999198913576,165.19366455078125
2023-06-08,259.4009094238281,266.8072204589844,257.7645263671875,262.14849853515625,562863852.0,4293.93017578125,103.33999633789062,1963.5999755859375,0.37139999866485596,165.19366455078125
2023-06-09,262.1507873535156,263.9214172363281,256.5093994140625,260.7160949707031,491429998.0,4298.85986328125,103.55999755859375,1962.199951171875,0.3744999885559082,165.19366455078125
2023-06-10,260.69866943359375,260.7160949707031,233.169189453125,239.08908081054688,1068424942.0,4298.85986328125,103.55999755859375,1962.199951171875,0.3744999885559082,165.19366455078125
2023-06-11,239.08741760253906,239.3482666015625,234.43069458007812,235.4387969970703,376213808.0,4298.85986328125,103.55999755859375,1962.199951171875,0.3744999885559082,165.19366455078125
2023-06-12,235.40391540527344,238.4732208251953,222.0713348388672,231.0514373779297,1014433334.0,4338.93017578125,103.62999725341797,1955.300048828125,0.3765000104904175,165.19366455078125
2023-06-13,231.07504272460938,245.64219665527344,229.3116912841797,243.89053344726562,864407068.0,4369.009765625,103.33999633789062,1944.5999755859375,0.38389999866485597,165.19366455078125
2023-06-14,243.89053344726562,251.63015747070312,234.0425567626953,237.5742645263672,738634212.0,4372.58984375,103.01000213623047,1955.300048828125,0.37960000038146974,165.19366455078125
2023-06-15,237.6096954345703,240.15533447265625,231.06581115722656,236.2806854248047,502420772.0,4425.83984375,102.12000274658203,1957.800048828125,0.37279999256134033,165.19366455078125
2023-06-16,236.27345275878906,242.80198669433594,232.82852172851562,239.1146697998047,488582672.0,4409.58984375,102.30000305175781,1958.4000244140625,0.37690000534057616,165.19366455078125
2023-06-17,239.1290283203125,249.13011169433594,237.41790771484375,244.61058044433594,451849200.0,4409.58984375,102.30000305175781,1958.4000244140625,0.37690000534057616,165.19366455078125
2023-06-18,244.59580993652344,248.27256774902344,242.76914978027344,244.08726501464844,372246652.0,4409.58984375,102.30000305175781,1958.4000244140625,0.37690000534057616,165.19366455078125
2023-06-19,244.0900421142578,244.41200256347656,239.14566040039062,242.9033660888672,359118142.0,4409.58984375,102.30000305175781,1958.4000244140625,0.37690000534057616,165.19366455078125
2023-06-20,242.88185119628906,247.82269287109375,239.01873779296875,247.6744384765625,477391843.0,4388.7099609375,102.54000091552734,1935.5,0.37290000915527344,165.19366455078125
2023-06-21,247.6829376220703,253.54193115234375,245.54824829101562,249.28634643554688,717670519.0,4365.68994140625,102.06999969482422,1933.300048828125,0.3723000049591064,165.19366455078125
2023-06-22,249.27647399902344,256.22003173828125,240.0522003173828,240.7924346923828,709030407.0,4381.89013671875,102.38999938964844,1912.699951171875,0.37990000247955324,165.19366455078125
2023-06-23,240.79205322265625,248.80978393554688,240.09481811523438,244.56494140625,493157882.0,4348.330078125,102.9000015258789,1919.0999755859375,0.37390000820159913,165.19366455078125
2023-06-24,244.5535125732422,248.42861938476562,231.9947509765625,236.65965270996094,558809140.0,4348.330078125,102.9000015258789,1919.0999755859375,0.37390000820159913,165.19366455078125
2023-06-25,236.6367645263672,241.8727569580078,235.63613891601562,238.8929901123047,414941211.0,4348.330078125,102.9000015258789,1919.0999755859375,0.37390000820159913,165.19366455078125
2023-06-26,238.87911987304688,241.17384338378906,234.2963409423828,236.13426208496094,427457532.0,4328.81982421875,102.69000244140625,1923.699951171875,0.37190001010894774,165.19366455078125
2023-06-27,236.13107299804688,240.82284545898438,234.9900665283203,237.49267578125,348181738.0,4378.41015625,102.48999786376953,1914.0,0.37679998874664306,165.19366455078125
2023-06-28,237.5026397705078,237.5801544189453,226.9770965576172,230.65036010742188,480872336.0,4376.85986328125,102.91000366210938,1912.300048828125,0.3710000038146973,165.19366455078125
2023-06-29,230.6324005126953,236.42100524902344,230.5876922607422,233.23245239257812,332343168.0,4396.43994140625,103.33999633789062,1909.199951171875,0.38540000915527345,165.19366455078125
2023-06-30,233.19444274902344,241.3129425048828,232.2005157470703,240.36978149414062,626872820.0,4450.3798828125,102.91000366210938,1921.0999755859375,0.3819000005722046,165.19366455078125
2023-07-01,240.38690185546875,248.4702606201172,240.38690185546875,247.75942993164062,603755323.0,4450.3798828125,102.91000366210938,1921.0999755859375,0.3819000005722046,165.19366455078125
2023-07-02,247.78602600097656,248.056396484375,243.24127197265625,246.25791931152344,519491311.0,4450.3798828125,102.91000366210938,1921.0999755859375,0.3819000005722046,165.19366455078125
2023-07-03,246.254638671875,251.37985229492188,245.88482666015625,246.38221740722656,669962148.0,4455.58984375,102.98999786376953,1921.699951171875,0.38580000400543213,165.19366455078125
2023-07-04,246.3452911376953,246.8387908935547,241.22853088378906,242.492919921875,439591635.0,4455.58984375,102.98999786376953,1921.699951171875,0.38580000400543213,165.19366455078125
2023-07-05,242.49948120117188,243.86111450195312,237.1201171875,239.08108520507812,455501209.0,4446.81982421875,103.37000274658203,1919.5999755859375,0.39449999332427976,165.19366455078125
2023-07-06,239.0685272216797,244.10267639160156,232.17181396484375,232.31942749023438,536134671.0,4411.58984375,103.16999816894531,1908.699951171875,0.4040999889373779,165.19366455078125
2023-07-07,232.3334197998047,236.07911682128906,231.64573669433594,235.62115478515625,418416864.0,4398.9501953125,102.2699966430664,1926.199951171875,0.4050000190734863,165.19366455078125
2023-07-08,235.61026000976562,237.4119110107422,234.63714599609375,236.28738403320312,319300746.0,4398.9501953125,102.2699966430664,1926.199951171875,0.4050000190734863,165.19366455078125
2023-07-09,236.2945556640625,237.01951599121094,233.47604370117188,234.22836303710938,289327973.0,4398.9501953125,102.2699966430664,1926.199951171875,0.4050000190734863,165.19366455078125
2023-07-10,234.2329559326172,246.29969787597656,232.007568359375,245.874267578125,834091613.0,4409.52978515625,101.97000122070312,1925.0,0.400600004196167,165.19366455078125
2023-07-11,245.89627075195312,249.2053985595703,244.9390106201172,248.538330078125,536228377.0,4439.259765625,101.7300033569336,1931.300048828125,0.39800000190734863,165.19366455078125
2023-07-12,248.5380859375,250.3406524658203,242.80335998535156,244.01988220214844,505389150.0,4472.16015625,100.5199966430664,1956.199951171875,0.38610000610351564,165.19366455078125
2023-07-13,244.00222778320312,257.265625,243.0497283935547,256.48968505859375,761150982.0,4510.0400390625,99.7699966430664,1959.199951171875,0.37609999179840087,165.19366455078125
2023-07-14,256.4642028808594,261.10260009765625,244.27566528320312,248.19161987304688,799468588.0,4505.419921875,99.91000366210938,1960.0999755859375,0.3819000005722046,165.19366455078125
2023-07-15,248.17552185058594,252.53726196289062,247.50807189941406,251.09970092773438,422767368.0,4505.419921875,99.91000366210938,1960.0999755859375,0.3819000005722046,165.19366455078125
2023-07-16,251.09823608398438,251.88241577148438,242.58013916015625,242.65682983398438,441487283.0,4505.419921875,99.91000366210938,1960.0999755859375,0.3819000005722046,165.19366455078125
2023-07-17,242.65809631347656,244.68203735351562,240.59759521484375,244.35299682617188,671028354.0,4522.7900390625,99.83999633789062,1952.4000244140625,0.3796999931335449,165.19366455078125
2023-07-18,244.33457946777344,246.53085327148438,238.7042236328125,240.2649383544922,751858394.0,4554.97998046875,99.94000244140625,1977.199951171875,0.37890000343322755,165.19366455078125
2023-07-19,240.27418518066406,243.92770385742188,239.99359130859375,241.1608123779297,499664149.0,4565.72021484375,100.27999877929688,1977.5,0.37420001029968264,165.19366455078125
2023-07-20,241.13888549804688,243.14259338378906,240.3877410888672,242.73313903808594,485038743.0,4534.8701171875,100.87999725341797,1968.300048828125,0.38540000915527345,165.19366455078125
2023-07-21,242.75428771972656,245.16334533691406,242.3674774169922,243.7889862060547,413015398.0,4536.33984375,101.06999969482422,1964.300048828125,0.38369998931884763,165.19366455078125
2023-07-22,243.80908203125,244.85873413085938,240.5126190185547,241.03074645996094,310128851.0,4536.33984375,101.06999969482422,1964.300048828125,0.38369998931884763,165.19366455078125
2023-07-23,241.05465698242188,243.9764862060547,240.76121520996094,242.45596313476562,279600847.0,4536.33984375,101.06999969482422,1964.300048828125,0.38369998931884763,165.19366455078125
2023-07-24,242.44943237304688,242.89187622070312,236.29238891601562,238.9462127685547,451906472.0,4554.64013671875,101.3499984741211,1960.300048828125,0.38570001125335696,165.19366455078125
2023-07-25,238.96409606933594,239.63720703125,236.99940490722656,237.80856323242188,366519529.0,4567.4599609375,101.3499984741211,1962.0999755859375,0.3911999940872192,165.19366455078125
2023-07-26,237.81907653808594,240.2377166748047,236.64112854003906,238.9623565673828,417581395.0,4566.75,100.88999938964844,1968.9000244140625,0.38510000705718994,165.19366455078125
2023-07-27,238.96011352539062,243.16351318359375,238.63844299316406,240.49879455566406,433186880.0,4537.41015625,101.7699966430664,1945.4000244140625,0.401200008392334,165.19366455078125
2023-07-28,240.505126953125,242.7969970703125,239.9878692626953,241.97703552246094,388148322.0,4582.22998046875,101.62000274658203,1960.4000244140625,0.39690001010894777,165.19366455078125
2023-07-29,241.97134399414062,242.7262725830078,241.32313537597656,242.5763702392578,317500344.0,4582.22998046875,101.62000274658203,1960.4000244140625,0.39690001010894777,165.19366455078125
2023-07-30,242.58221435546875,243.7857208251953,240.92518615722656,242.52598571777344,425584373.0,4582.22998046875,101.62000274658203,1960.4000244140625,0.39690001010894777,165.19366455078125
2023-07-31,242.51959228515625,244.20257568359375,240.7644500732422,241.1206512451172,1092564922.0,4588.9599609375,101.86000061035156,1970.5,0.39590001106262207,165.19366455078125
2023-08-01,241.1280517578125,247.50502014160156,238.53024291992188,247.50502014160156,830645013.0,4576.72998046875,102.30000305175781,1940.699951171875,0.40510001182556155,165.19366455078125
2023-08-02,247.4903106689453,248.5115509033203,236.8917694091797,240.49464416503906,650256385.0,4513.39013671875,102.58999633789062,1937.4000244140625,0.40780000686645507,165.19366455078125
2023-08-03,240.50997924804688,241.583251953125,238.5096435546875,241.0615234375,400525696.0,4501.89013671875,102.54000091552734,1932.0,0.4189000129699707,165.19366455078125
2023-08-04,241.04286193847656,243.1554718017578,240.45228576660156,241.47601318359375,370373499.0,4478.02978515625,102.0199966430664,1939.5999755859375,0.4059999942779541,165.19366455078125
2023-08-05,241.4896697998047,243.02772521972656,240.09039306640625,242.9593505859375,300760369.0,4478.02978515625,102.0199966430664,1939.5999755859375,0.4059999942779541,165.19366455078125
2023-08-06,242.96029663085938,245.17901611328125,242.61473083496094,242.79859924316406,417704185.0,4478.02978515625,102.0199966430664,1939.5999755859375,0.4059999942779541,165.19366455078125
2023-08-07,242.79168701171875,244.32424926757812,239.93536376953125,241.79750061035156,425652309.0,4518.43994140625,102.05000305175781,1933.5,0.40780000686645507,165.19366455078125
2023-08-08,241.7918701171875,247.64736938476562,241.3302001953125,245.14990234375,504987528.0,4499.3798828125,102.52999877929688,1924.0999755859375,0.40260000228881837,165.19366455078125
2023-08-09,245.1363067626953,245.34027099609375,242.76649475097656,243.89364624023438,399576464.0,4467.7099609375,102.48999786376953,1915.4000244140625,0.401200008392334,165.19366455078125
2023-08-10,243.8855438232422,243.9261016845703,240.39459228515625,241.26246643066406,365863690.0,4468.830078125,102.5199966430664,1914.4000244140625,0.40799999237060547,165.19366455078125
2023-08-11,241.26072692871094,241.91390991210938,238.35980224609375,239.70689392089844,386856576.0,4464.0498046875,102.83999633789062,1912.9000244140625,0.41680002212524414,165.19366455078125
2023-08-12,239.7035675048828,241.0026092529297,239.40377807617188,240.27362060546875,284512149.0,4464.0498046875,102.83999633789062,1912.9000244140625,0.41680002212524414,165.19366455078125
2023-08-13,240.26968383789062,241.6295928955078,239.902587890625,240.03334045410156,296580783.0,4464.0498046875,102.83999633789062,1912.9000244140625,0.41680002212524414,165.19366455078125
2023-08-14,240.04127502441406,241.02493286132812,239.7473602294922,240.33924865722656,381157536.0,4489.72021484375,103.19000244140625,1910.5999755859375,0.4184000015258789,165.19366455078125
2023-08-15,240.3504638671875,240.41030883789062,235.36053466796875,236.67958068847656,482870297.0,4437.85986328125,103.20999908447266,1902.5,0.42210001945495607,165.19366455078125
2023-08-16,236.689697265625,237.01422119140625,231.20516967773438,231.86874389648438,461572144.0,4404.330078125,103.41999816894531,1896.0999755859375,0.4257999897003174,165.19366455078125
2023-08-17,231.87257385253906,232.1050567626953,214.5474395751953,218.5358428955078,786294218.0,4370.35986328125,103.44000244140625,1884.0999755859375,0.4308000087738037,165.19366455078125
2023-08-18,218.56573486328125,220.1370086669922,214.02224731445312,216.112548828125,567051050.0,4369.7099609375,103.37999725341797,1886.0999755859375,0.4250999927520752,165.19366455078125
2023-08-19,216.1444854736328,218.99758911132812,214.32884216308594,216.99945068359375,477267428.0,4369.7099609375,103.37999725341797,1886.0999755859375,0.4250999927520752,165.19366455078125
2023-08-20,217.01585388183594,217.88243103027344,215.6808624267578,216.63580322265625,297744717.0,4369.7099609375,103.37999725341797,1886.0999755859375,0.4250999927520752,165.19366455078125
2023-08-21,216.63079833984375,216.74118041992188,207.5687713623047,210.63894653320312,582113967.0,4399.77001953125,103.33000183105469,1893.300048828125,0.43420000076293946,165.19366455078125
2023-08-22,210.5799560546875,211.87425231933594,204.39913940429688,210.8343505859375,637832641.0,4387.5498046875,103.55999755859375,1896.4000244140625,0.4328000068664551,165.19366455078125
2023-08-23,210.81869506835938,218.31671142578125,210.81869506835938,216.3992919921875,566160608.0,4436.009765625,103.36000061035156,1918.5,0.4197999954223633,165.19366455078125
2023-08-24,216.44483947753906,220.38551330566406,215.8997344970703,218.64639282226562,394620698.0,4376.31005859375,103.9800033569336,1918.199951171875,0.42350001335144044,165.19366455078125
2023-08-25,218.68109130859375,219.25498962402344,214.26516723632812,218.3310546875,423891092.0,4405.7099609375,104.08000183105469,1911.0999755859375,0.4238999843597412,165.19366455078125
2023-08-26,218.33180236816406,218.78643798828125,216.2140350341797,216.36424255371094,273738258.0,4405.7099609375,104.08000183105469,1911.0999755859375,0.4238999843597412,165.19366455078125
2023-08-27,216.3699493408203,219.5391845703125,216.0803985595703,218.35800170898438,325410553.0,4405.7099609375,104.08000183105469,1911.0999755859375,0.4238999843597412,165.19366455078125
2023-08-28,218.35824584960938,218.9700164794922,215.85018920898438,218.71856689453125,332786869.0,4433.31005859375,104.05999755859375,1917.9000244140625,0.42119998931884767,165.19366455078125
2023-08-29,218.7215118408203,233.0600128173828,217.04786682128906,226.86288452148438,593296661.0,4497.6298828125,103.55000305175781,1936.5,0.4122000217437744,165.19366455078125
2023-08-30,226.87014770507812,227.04901123046875,221.9781494140625,223.7994384765625,359750612.0,4514.8701171875,103.16000366210938,1944.300048828125,0.4118000030517578,165.19366455078125
2023-08-31,223.81857299804688,225.58888244628906,215.44842529296875,216.59779357910156,428616639.0,4507.66015625,103.62000274658203,1938.199951171875,0.40929999351501467,165.19366455078125
2023-09-01,216.59848022460938,217.9657440185547,211.5917205810547,213.63055419921875,438229562.0,4515.77001953125,104.23999786376953,1939.800048828125,0.4172999858856201,165.19366455078125
2023-09-02,213.62692260742188,215.59950256347656,213.29054260253906,214.44854736328125,291979876.0,4515.77001953125,104.23999786376953,1939.800048828125,0.4172999858856201,165.19366455078125
2023-09-03,214.45481872558594,215.11489868164062,213.41195678710938,214.3999481201172,264565518.0,4515.77001953125,104.23999786376953,1939.800048828125,0.4172999858856201,165.19366455078125
2023-09-04,214.3931121826172,216.26751708984375,213.28237915039062,215.197509765625,364530693.0,4515.77001953125,104.23999786376953,1939.800048828125,0.4172999858856201,165.19366455078125
2023-09-05,215.2110137939453,215.7220001220703,213.6724395751953,214.47813415527344,298056096.0,4496.830078125,104.80999755859375,1926.199951171875,0.426800012588501,165.19366455078125
2023-09-06,214.48904418945312,217.1808319091797,212.31671142578125,215.13465881347656,367874698.0,4465.47998046875,104.86000061035156,1918.0999755859375,0.4289999961853027,165.19366455078125
2023-09-07,215.13946533203125,217.6039581298828,213.5731201171875,216.88717651367188,414939879.0,4451.14013671875,105.05999755859375,1917.5,0.4260000228881836,165.19366455078125
2023-09-08,216.8837432861328,218.2228240966797,213.61947631835938,214.56202697753906,350437594.0,4457.490234375,105.08999633789062,1918.4000244140625,0.4257999897003174,165.19366455078125
2023-09-09,214.56703186035156,215.33013916015625,214.2229461669922,214.2229461669922,218159197.0,4457.490234375,105.08999633789062,1918.4000244140625,0.4257999897003174,165.19366455078125
2023-09-10,214.22056579589844,214.22784423828125,211.5386199951172,212.31802368164062,334977578.0,4457.490234375,105.08999633789062,1918.4000244140625,0.4257999897003174,165.19366455078125
2023-09-11,212.32261657714844,212.61009216308594,204.3567352294922,206.03421020507812,466832593.0,4487.4599609375,104.56999969482422,1923.300048828125,0.42880001068115237,165.19366455078125
2023-09-12,206.04315185546875,213.48744201660156,205.26248168945312,210.99436950683594,435525863.0,4461.89990234375,104.70999908447266,1911.300048828125,0.42639999389648436,165.19366455078125
2023-09-13,211.02386474609375,213.15785217285156,209.4974365234375,212.64259338378906,329580406.0,4467.43994140625,104.7699966430664,1909.0999755859375,0.4249000072479248,165.19366455078125
2023-09-14,212.6405792236328,214.88356018066406,211.3829345703125,212.2828369140625,370840987.0,4505.10009765625,105.41000366210938,1910.0,0.42880001068115237,165.19366455078125
2023-09-15,212.30435180664062,214.9447479248047,211.19467163085938,214.17552185058594,477731080.0,4450.31982421875,105.31999969482422,1923.699951171875,0.4322000026702881,165.19366455078125
2023-09-16,214.1683807373047,215.70355224609375,213.56289672851562,214.96054077148438,483436741.0,4450.31982421875,105.31999969482422,1923.699951171875,0.4322000026702881,165.19366455078125
2023-09-17,214.948974609375,216.63502502441406,213.70974731445312,216.4657745361328,432102186.0,4450.31982421875,105.31999969482422,1923.699951171875,0.4322000026702881,165.19366455078125
2023-09-18,216.47091674804688,221.00985717773438,215.3173065185547,216.00392150878906,572231452.0,4453.52978515625,105.19999694824219,1931.5,0.4318999767303467,165.19366455078125
2023-09-19,216.00177001953125,219.7490234375,215.6417694091797,217.21095275878906,385547582.0,4443.9501953125,105.19999694824219,1932.0,0.43649997711181643,165.19366455078125
2023-09-20,217.21060180664062,217.75669860839844,213.76046752929688,214.3633270263672,372917826.0,4402.2001953125,105.16000366210938,1945.5999755859375,0.43489999771118165,165.19366455078125
2023-09-21,214.35374450683594,215.109375,209.58688354492188,210.7939453125,384479845.0,4330.0,105.36000061035156,1919.199951171875,0.4480000019073486,165.19366455078125
2023-09-22,210.7893829345703,212.02658081054688,209.94168090820312,211.15086364746094,274805031.0,4320.06005859375,105.58000183105469,1925.4000244140625,0.4438000202178955,165.19366455078125
2023-09-23,211.1380615234375,211.58322143554688,210.1420135498047,210.56060791015625,215040995.0,4320.06005859375,105.58000183105469,1925.4000244140625,0.4438000202178955,165.19366455078125
2023-09-24,210.5747833251953,211.23727416992188,207.9329376220703,208.28289794921875,287192497.0,4320.06005859375,105.58000183105469,1925.4000244140625,0.4438000202178955,165.19366455078125
2023-09-25,208.2601318359375,210.5183868408203,207.47808837890625,210.0738067626953,294180845.0,4337.43994140625,106.0,1916.5999755859375,0.45419998168945314,165.19366455078125
2023-09-26,210.0501708984375,213.1878204345703,209.86691284179688,212.37844848632812,615780140.0,4273.52978515625,106.2300033569336,1900.4000244140625,0.4558000087738037,165.19366455078125
2023-09-27,212.37139892578125,215.72874450683594,210.88600158691406,211.98541259765625,753741988.0,4274.509765625,106.66999816894531,1871.5999755859375,0.4625999927520752,165.19366455078125
2023-09-28,211.99095153808594,216.77532958984375,211.6513214111328,215.07598876953125,358321830.0,4299.7001953125,106.22000122070312,1860.4000244140625,0.45970001220703127,165.19366455078125
2023-09-29,215.09397888183594,217.25770568847656,214.50637817382812,215.2794189453125,335321479.0,4288.0498046875,106.16999816894531,1848.0999755859375,0.45729999542236327,165.19366455078125
2023-09-30,215.2777862548828,216.31216430664062,214.4836883544922,214.82130432128906,243788424.0,4288.0498046875,106.16999816894531,1848.0999755859375,0.45729999542236327,165.19366455078125
2023-10-01,214.80032348632812,219.1338348388672,213.5065155029297,218.04713439941406,387408083.0,4288.0498046875,106.16999816894531,1848.0999755859375,0.45729999542236327,165.19366455078125
2023-10-02,218.04934692382812,221.18829345703125,213.54632568359375,214.7579345703125,466879383.0,4288.39013671875,106.9000015258789,1830.0,0.46830000877380373,165.19366455078125
2023-10-03,214.7349090576172,215.72119140625,212.77056884765625,213.43594360351562,305437646.0,4229.4501953125,107.0,1824.5999755859375,0.48020000457763673,165.19366455078125
2023-10-04,213.44146728515625,213.7624053955078,210.9364013671875,213.4130859375,357560724.0,4263.75,106.80000305175781,1818.5,0.47350001335144043,165.19366455078125
2023-10-05,213.42274475097656,213.78359985351562,210.4712371826172,210.67967224121094,351872670.0,4258.18994140625,106.33000183105469,1816.5999755859375,0.47170000076293944,165.19366455078125
2023-10-06,210.66526794433594,214.39295959472656,210.5572509765625,213.55552673339844,271152975.0,4308.5,106.04000091552734,1830.199951171875,0.47839999198913574,165.19366455078125
2023-10-07,213.54396057128906,213.85986328125,211.76080322265625,212.36447143554688,211771782.0,4308.5,106.04000091552734,1830.199951171875,0.47839999198913574,165.19366455078125
2023-10-08,212.38101196289062,212.84677124023438,209.7017822265625,211.51998901367188,267193041.0,4308.5,106.04000091552734,1830.199951171875,0.47839999198913574,165.19366455078125
2023-10-09,211.52261352539062,212.1028594970703,203.6554412841797,205.75096130371094,416312027.0,4335.66015625,106.08000183105469,1849.5,0.47969999313354494,165.19366455078125
2023-10-10,205.75009155273438,210.45428466796875,205.75009155273438,208.57687377929688,441959353.0,4358.240234375,105.83000183105469,1861.0,0.465500020980835,165.19366455078125
2023-10-11,208.58229064941406,208.7305450439453,204.8092498779297,206.53341674804688,323117665.0,4376.9501953125,105.81999969482422,1872.800048828125,0.45949997901916506,165.19366455078125
2023-10-12,206.53587341308594,206.6591033935547,203.658447265625,205.2294158935547,302337006.0,4349.60986328125,106.56999969482422,1869.300048828125,0.47119998931884766,165.19366455078125
2023-10-13,205.22579956054688,207.94253540039062,204.61761474609375,206.03611755371094,296977151.0,4327.77978515625,106.6500015258789,1927.4000244140625,0.4629000186920166,165.19366455078125
2023-10-14,206.040283203125,207.02554321289062,205.82728576660156,206.60189819335938,203846460.0,4327.77978515625,106.6500015258789,1927.4000244140625,0.4629000186920166,165.19366455078125
2023-10-15,206.60028076171875,210.2316131591797,206.47857666015625,209.7425079345703,352524312.0,4327.77978515625,106.6500015258789,1927.4000244140625,0.4629000186920166,165.19366455078125
2023-10-16,209.74880981445312,217.12123107910156,209.74880981445312,214.82395935058594,521099239.0,4373.6298828125,106.23999786376953,1921.0999755859375,0.47119998931884766,165.19366455078125
2023-10-17,214.81211853027344,215.01222229003906,210.38235473632812,211.6432342529297,352621995.0,4373.2001953125,106.25,1922.699951171875,0.48470001220703124,165.19366455078125
2023-10-18,211.63619995117188,213.57627868652344,210.09669494628906,210.50103759765625,275336939.0,4314.60009765625,106.56999969482422,1955.300048828125,0.49039998054504397,165.19366455078125
2023-10-19,210.4916229248047,211.41201782226562,208.53712463378906,211.1441650390625,281310969.0,4278.0,106.25,1968.4000244140625,0.498799991607666,165.19366455078125
2023-10-20,211.14505004882812,216.1024169921875,210.74655151367188,212.30084228515625,335590168.0,4224.16015625,106.16000366210938,1982.5,0.4923999786376953,165.19366455078125
2023-10-21,212.29852294921875,215.61277770996094,211.6225128173828,214.3056640625,267943731.0,4224.16015625,106.16000366210938,1982.5,0.4923999786376953,165.19366455078125
2023-10-22,214.3217315673828,218.00485229492188,213.83428955078125,217.74737548828125,286771903.0,4224.16015625,106.16000366210938,1982.5,0.4923999786376953,165.19366455078125
2023-10-23,218.45591735839844,229.98146057128906,218.3049774169922,228.35276794433594,611625206.0,4217.0400390625,105.54000091552734,1976.300048828125,0.48379998207092284,165.19366455078125
2023-10-24,228.3383026123047,236.7500762939453,223.1171417236328,225.14295959472656,658304834.0,4247.68017578125,106.2699966430664,1975.0,0.48400001525878905,165.19366455078125
2023-10-25,225.16864013671875,228.8148193359375,222.0341796875,222.179931640625,414309192.0,4186.77001953125,106.52999877929688,1984.0999755859375,0.4953000068664551,165.19366455078125
2023-10-26,222.18551635742188,227.85787963867188,219.92672729492188,223.2360382080078,438534864.0,4137.22998046875,106.5999984741211,1987.199951171875,0.48449997901916503,165.19366455078125
2023-10-27,223.21908569335938,229.85179138183594,220.20350646972656,224.4759063720703,554008090.0,4117.3701171875,106.55999755859375,1988.5999755859375,0.48449997901916503,165.19366455078125
2023-10-28,224.4715118408203,227.97061157226562,224.3576202392578,225.77407836914062,244363054.0,4117.3701171875,106.55999755859375,1988.5999755859375,0.48449997901916503,165.19366455078125
2023-10-29,225.78799438476562,228.14613342285156,224.25831604003906,227.14845275878906,207847188.0,4117.3701171875,106.55999755859375,1988.5999755859375,0.48449997901916503,165.19366455078125
2023-10-30,227.13491821289062,229.19149780273438,225.02120971679688,228.2874298095703,282899321.0,4166.81982421875,106.12000274658203,1996.199951171875,0.4875,165.19366455078125
2023-10-31,228.28236389160156,229.24130249023438,224.33131408691406,226.43994140625,319329197.0,4193.7998046875,106.66000366210938,1985.199951171875,0.4875,165.19366455078125
2023-11-01,226.4181671142578,229.14108276367188,222.8603973388672,228.00010681152344,384772000.0,4237.85986328125,106.87999725341797,1978.800048828125,0.47890000343322753,165.19366455078125
2023-11-02,228.0166473388672,233.33607482910156,227.90748596191406,231.7230224609375,487639810.0,4317.77978515625,106.12000274658203,1985.5999755859375,0.46690001487731936,165.19366455078125
2023-11-03,231.70326232910156,232.21131896972656,226.34674072265625,230.60597229003906,332547803.0,4358.33984375,105.0199966430664,1991.5,0.4558000087738037,165.19366455078125
2023-11-04,230.5974884033203,238.5099639892578,229.65533447265625,237.45460510253906,267965564.0,4358.33984375,105.0199966430664,1991.5,0.4558000087738037,165.19366455078125
2023-11-05,237.44223022460938,245.59402465820312,236.7861785888672,244.32247924804688,419858434.0,4358.33984375,105.0199966430664,1991.5,0.4558000087738037,165.19366455078125
2023-11-06,244.32044982910156,255.34230041503906,242.1800994873047,254.63479614257812,524115628.0,4365.97998046875,105.22000122070312,1981.5999755859375,0.46620001792907717,165.19366455078125
2023-11-07,254.65328979492188,255.5460968017578,242.69497680664062,246.39529418945312,549207441.0,4378.3798828125,105.54000091552734,1966.800048828125,0.45710000991821287,165.19366455078125
2023-11-08,246.39012145996094,247.80906677246094,244.58038330078125,247.123291015625,369346518.0,4382.77978515625,105.58999633789062,1951.5,0.452299976348877,165.19366455078125
2023-11-09,247.0521697998047,255.45465087890625,243.3295440673828,251.51084899902344,1116630429.0,4347.35009765625,105.91000366210938,1964.199951171875,0.4630000114440918,165.19366455078125
2023-11-10,251.52682495117188,257.78802490234375,248.9433135986328,251.08236694335938,873515280.0,4415.240234375,105.86000061035156,1932.5999755859375,0.4627999782562256,165.19366455078125
2023-11-11,251.09848022460938,255.07839965820312,246.72113037109375,251.42161560058594,872206327.0,4415.240234375,105.86000061035156,1932.5999755859375,0.4627999782562256,165.19366455078125
2023-11-12,251.43441772460938,251.6469268798828,245.83245849609375,247.6400146484375,758715918.0,4415.240234375,105.86000061035156,1932.5999755859375,0.4627999782562256,165.19366455078125
2023-11-13,247.64047241210938,250.1243133544922,241.12713623046875,241.33506774902344,888039233.0,4411.5498046875,105.66000366210938,1945.5,0.4631999969482422,165.19366455078125
2023-11-14,241.36984252929688,248.66522216796875,236.28573608398438,242.263671875,917236070.0,4495.7001953125,104.11000061035156,1961.800048828125,0.44409999847412107,165.19366455078125
2023-11-15,242.281005859375,254.18177795410156,242.26116943359375,253.75534057617188,921052035.0,4502.8798828125,104.38999938964844,1960.0999755859375,0.45349998474121095,165.19366455078125
2023-11-16,253.74478149414062,255.5850372314453,240.67567443847656,242.75888061523438,950453378.0,4508.240234375,104.37000274658203,1983.9000244140625,0.4445000171661377,165.19366455078125
2023-11-17,242.83995056152344,245.9875946044922,238.99964904785156,244.745361328125,788884171.0,4514.02001953125,103.81999969482422,1981.5999755859375,0.44409999847412107,165.19366455078125
2023-11-18,244.7462615966797,245.35305786132812,239.28082275390625,244.9507598876953,679630905.0,4514.02001953125,103.81999969482422,1981.5999755859375,0.44409999847412107,165.19366455078125
2023-11-19,244.96768188476562,246.93626403808594,242.4235076904297,246.58778381347656,618053586.0,4514.02001953125,103.81999969482422,1981.5999755859375,0.44409999847412107,165.19366455078125
2023-11-20,246.5845489501953,263.8700256347656,243.14175415039062,253.6350860595703,1289010990.0,4547.3798828125,103.47000122070312,1977.699951171875,0.4421999931335449,165.19366455078125
2023-11-21,253.64385986328125,269.9175720214844,224.98170471191406,226.4864044189453,2480554399.0,4538.18994140625,103.58999633789062,1999.300048828125,0.44180002212524416,165.19366455078125
2023-11-22,226.46131896972656,238.17669677734375,225.6582489013672,236.1365966796875,1338117919.0,4556.6201171875,103.91999816894531,1991.4000244140625,0.44159998893737795,165.19366455078125
2023-11-23,236.0960235595703,238.7913360595703,230.7522430419922,233.76580810546875,766695224.0,4556.6201171875,103.91999816894531,1991.4000244140625,0.44159998893737795,165.19366455078125
2023-11-24,233.75270080566406,236.37930297851562,232.19285583496094,232.9009552001953,709881299.0,4559.33984375,103.4000015258789,2002.199951171875,0.44720001220703126,165.19366455078125
2023-11-25,232.9174346923828,235.7812957763672,232.683349609375,234.43994140625,553022191.0,4559.33984375,103.4000015258789,2002.199951171875,0.44720001220703126,165.19366455078125
2023-11-26,234.42820739746094,234.49465942382812,229.3850555419922,232.0471954345703,606332049.0,4559.33984375,103.4000015258789,2002.199951171875,0.44720001220703126,165.19366455078125
2023-11-27,231.98388671875,232.80938720703125,223.48683166503906,227.42147827148438,795547656.0,4550.43017578125,103.19999694824219,2011.800048828125,0.4388999938964844,165.19366455078125
2023-11-28,227.42799377441406,231.75552368164062,224.6786346435547,229.69296264648438,674267936.0,4554.89013671875,102.75,2039.699951171875,0.43359999656677245,165.19366455078125
2023-11-29,229.6932373046875,231.19744873046875,226.51943969726562,227.34275817871094,602240832.0,4550.580078125,102.7699966430664,2047.0999755859375,0.42709999084472655,165.19366455078125
2023-11-30,227.34303283691406,229.1439666748047,226.22654724121094,227.68380737304688,572448874.0,4567.7998046875,103.5,2038.0999755859375,0.43520002365112304,165.19366455078125
2023-12-01,227.68881225585938,229.8910675048828,227.232666015625,228.54563903808594,611750028.0,4594.6298828125,103.2699966430664,2071.0,0.42259998321533204,165.19366455078125
2023-12-02,228.53855895996094,230.0343017578125,226.68960571289062,229.30084228515625,628871423.0,4594.6298828125,103.2699966430664,2071.0,0.42259998321533204,165.19366455078125
2023-12-03,229.28953552246094,231.6390380859375,226.4960174560547,228.09820556640625,719496781.0,4594.6298828125,103.2699966430664,2071.0,0.42259998321533204,165.19366455078125
2023-12-04,228.07546997070312,236.83494567871094,227.1553192138672,233.29530334472656,2139028703.0,4569.77978515625,103.63999938964844,2024.0999755859375,0.42880001068115237,165.19366455078125
2023-12-05,233.30865478515625,234.48468017578125,228.40753173828125,231.2613525390625,851959167.0,4567.18017578125,104.05000305175781,2018.5,0.4171000003814697,165.19366455078125
2023-12-06,231.26344299316406,234.5861053466797,229.42440795898438,229.42440795898438,850327297.0,4549.33984375,104.1500015258789,2030.5,0.4120999813079834,165.19366455078125
2023-12-07,229.53221130371094,234.53843688964844,229.2009735107422,232.97743225097656,813730268.0,4585.58984375,103.54000091552734,2029.9000244140625,0.4129000186920166,165.19366455078125
2023-12-08,232.9604949951172,239.8386993408203,232.6486053466797,238.91598510742188,828993280.0,4604.3701171875,104.01000213623047,1998.300048828125,0.4244999885559082,165.19366455078125
2023-12-09,238.9132537841797,245.00527954101562,237.07989501953125,237.7686004638672,856746249.0,4604.3701171875,104.01000213623047,1998.300048828125,0.4244999885559082,165.19366455078125
2023-12-10,237.79371643066406,241.25057983398438,237.55775451660156,239.733154296875,640133489.0,4604.3701171875,104.01000213623047,1998.300048828125,0.4244999885559082,165.19366455078125
2023-12-11,239.76890563964844,246.755859375,230.53103637695312,246.42086791992188,1442275453.0,4622.43994140625,104.0999984741211,1978.0,0.4238999843597412,165.19366455078125
2023-12-12,246.36578369140625,256.7091979980469,245.991943359375,254.49497985839844,1394681963.0,4643.7001953125,103.87000274658203,1977.800048828125,0.42059998512268065,165.19366455078125
2023-12-13,254.40396118164062,255.56297302246094,244.81398010253906,252.42332458496094,1052163656.0,4707.08984375,102.87000274658203,1982.300048828125,0.40329999923706056,165.19366455078125
2023-12-14,252.40560913085938,254.08792114257812,248.7257080078125,253.5412139892578,876150236.0,4719.5498046875,101.95999908447266,2030.199951171875,0.3930000066757202,165.19366455078125
2023-12-15,253.51744079589844,253.54971313476562,243.86737060546875,244.8984375,769388533.0,4719.18994140625,102.55000305175781,2021.0999755859375,0.39279999732971194,165.19366455078125
2023-12-16,244.89642333984375,248.0863800048828,243.45065307617188,244.35096740722656,651447427.0,4719.18994140625,102.55000305175781,2021.0999755859375,0.39279999732971194,165.19366455078125
2023-12-17,244.3507080078125,244.4321746826172,239.2306365966797,239.30828857421875,650163942.0,4719.18994140625,102.55000305175781,2021.0999755859375,0.39279999732971194,165.19366455078125
2023-12-18,239.2471466064453,241.3484344482422,232.7528076171875,241.3484344482422,871708609.0,4740.56005859375,102.51000213623047,2026.300048828125,0.3953999996185303,165.19366455078125
2023-12-19,241.34768676757812,254.5745849609375,241.34768676757812,252.63719177246094,1254351945.0,4768.3701171875,102.16999816894531,2038.4000244140625,0.3921999931335449,165.19366455078125
2023-12-20,252.6297607421875,261.5574035644531,250.76504516601562,260.10736083984375,1053279744.0,4698.35009765625,102.41000366210938,2034.5,0.3877000093460083,165.19366455078125
2023-12-21,260.14862060546875,274.44061279296875,256.5984802246094,271.24658203125,1183480386.0,4746.75,101.83999633789062,2039.0999755859375,0.38940000534057617,165.19366455078125
2023-12-22,271.2765197753906,276.1597900390625,265.41949462890625,271.3764953613281,1014769310.0,4754.6298828125,101.69999694824219,2057.10009765625,0.39010000228881836,165.19366455078125
2023-12-23,271.38128662109375,272.1670837402344,266.16845703125,271.3909606933594,695725248.0,4754.6298828125,101.69999694824219,2057.10009765625,0.39010000228881836,165.19366455078125
2023-12-24,271.3775329589844,272.59014892578125,262.775634765625,264.71710205078125,803502105.0,4754.6298828125,101.69999694824219,2057.10009765625,0.39010000228881836,165.19366455078125
2023-12-25,264.73529052734375,267.9342041015625,262.48712158203125,267.0733642578125,738674209.0,4754.6298828125,101.69999694824219,2057.10009765625,0.39010000228881836,165.19366455078125
2023-12-26,267.0721740722656,302.70758056640625,265.0900573730469,297.6932373046875,1941843757.0,4774.75,101.47000122070312,2058.199951171875,0.3885999917984009,165.19366455078125
2023-12-27,297.7483215332031,323.7694091796875,286.40338134765625,323.6773376464844,1893987416.0,4781.580078125,100.98999786376953,2081.89990234375,0.37890000343322755,165.19366455078125
2023-12-28,323.8037109375,337.4258117675781,321.3273010253906,323.5989990234375,1987714005.0,4783.35009765625,101.2300033569336,2073.89990234375,0.38499999046325684,165.19366455078125
2023-12-29,323.5130310058594,325.5014343261719,309.1914367675781,313.8787536621094,1415732360.0,4769.830078125,101.33000183105469,2062.39990234375,0.3865999937057495,165.19366455078125
2023-12-30,313.8419494628906,320.111572265625,313.56005859375,317.16619873046875,901159404.0,4769.830078125,101.33000183105469,2062.39990234375,0.3865999937057495,165.19366455078125
2023-12-31,317.0681457519531,325.00653076171875,310.6978454589844,312.4356994628906,953254184.0,4769.830078125,101.33000183105469,2062.39990234375,0.3865999937057495,165.19366455078125
2024-01-01,312.38592529296875,315.74566650390625,308.09674072265625,314.4082946777344,910568057.0,4769.830078125,101.33000183105469,2062.39990234375,0.3865999937057495,165.19366455078125
2024-01-02,314.2675476074219,320.9332275390625,308.35064697265625,312.10382080078125,1133024158.0,4742.830078125,102.19999694824219,2064.39990234375,0.39460000991821287,165.19366455078125
2024-01-03,312.151611328125,332.74920654296875,301.419189453125,316.6612854003906,1927148986.0,4704.81005859375,102.45999908447266,2034.199951171875,0.3907000064849854,165.19366455078125
2024-01-04,316.62445068359375,323.8224792480469,312.14544677734375,323.6000061035156,1285291962.0,4688.68017578125,102.41999816894531,2042.300048828125,0.3990999937057495,165.19366455078125
2024-01-05,323.6202392578125,327.0423278808594,310.6506652832031,317.4502868652344,1257230413.0,4697.240234375,102.41000366210938,2042.4000244140625,0.40419998168945315,165.19366455078125
2024-01-06,317.49517822265625,317.8272705078125,301.3959655761719,307.79449462890625,1051283820.0,4697.240234375,102.41000366210938,2042.4000244140625,0.40419998168945315,165.19366455078125
2024-01-07,307.7940673828125,309.88238525390625,301.0862121582031,302.8905334472656,817795075.0,4697.240234375,102.41000366210938,2042.4000244140625,0.40419998168945315,165.19366455078125
2024-01-08,302.90350341796875,308.2834777832031,290.8804016113281,304.5003967285156,1141697708.0,4763.5400390625,102.20999908447266,2026.5999755859375,0.40019998550415037,165.19366455078125
2024-01-09,304.4752502441406,306.6708068847656,296.5199890136719,300.9761047363281,1374376391.0,4756.5,102.56999969482422,2026.4000244140625,0.4019000053405762,165.19366455078125
2024-01-10,300.98260498046875,309.6028747558594,290.1220397949219,305.0968322753906,1199728038.0,4783.4501953125,102.36000061035156,2021.699951171875,0.403000020980835,165.19366455078125
2024-01-11,305.2237854003906,316.7200622558594,302.64752197265625,308.7015075683594,1326827289.0,4780.240234375,102.29000091552734,2014.300048828125,0.3976999998092651,165.19366455078125
2024-01-12,308.6283264160156,312.68658447265625,290.7372741699219,296.6304626464844,1198386629.0,4783.830078125,102.4000015258789,2046.699951171875,0.3950000047683716,165.19366455078125
2024-01-13,296.62542724609375,302.9240417480469,291.5197448730469,302.227294921875,816347256.0,4783.830078125,102.4000015258789,2046.699951171875,0.3950000047683716,165.19366455078125
2024-01-14,302.22711181640625,306.5023193359375,299.0142517089844,299.05133056640625,787643004.0,4783.830078125,102.4000015258789,2046.699951171875,0.3950000047683716,165.19366455078125
2024-01-15,299.02581787109375,319.5900573730469,299.02581787109375,317.5672607421875,1667214322.0,4783.830078125,102.4000015258789,2046.699951171875,0.3950000047683716,165.19366455078125
2024-01-16,317.5467834472656,318.7459411621094,313.5428466796875,315.22625732421875,1143877764.0,4765.97998046875,103.36000061035156,2026.0,0.4065999984741211,165.19366455078125
2024-01-17,315.1612243652344,315.92755126953125,307.3587646484375,309.08538818359375,1206464161.0,4739.2099609375,103.44999694824219,2002.5999755859375,0.4105999946594238,165.19366455078125
2024-01-18,309.0931091308594,315.1431884765625,305.7171630859375,313.2928771972656,1105813150.0,4780.93994140625,103.54000091552734,2018.5999755859375,0.4144000053405762,165.19366455078125
2024-01-19,313.2928771972656,315.64007568359375,306.3778381347656,314.3004455566406,1036123822.0,4839.81005859375,103.29000091552734,2026.5,0.41459999084472654,165.19366455078125
2024-01-20,314.30023193359375,316.96038818359375,312.3036193847656,316.96038818359375,694855739.0,4839.81005859375,103.29000091552734,2026.5,0.41459999084472654,165.19366455078125
2024-01-21,316.9617614746094,321.2838134765625,316.22259521484375,318.3186950683594,723174009.0,4839.81005859375,103.29000091552734,2026.5,0.41459999084472654,165.19366455078125
2024-01-22,318.37908935546875,319.7400817871094,304.5782165527344,305.43701171875,948987847.0,4850.43017578125,103.33000183105469,2019.800048828125,0.40939998626708984,165.19366455078125
2024-01-23,305.4375,311.1738586425781,291.0572814941406,298.4039001464844,1065495592.0,4864.60009765625,103.62000274658203,2023.699951171875,0.4142000198364258,165.19366455078125
2024-01-24,298.4072265625,300.3409729003906,290.8543395996094,293.0914306640625,960725208.0,4868.5498046875,103.23999786376953,2013.9000244140625,0.4177999973297119,165.19366455078125
2024-01-25,293.0929870605469,296.052490234375,287.7281494140625,291.9192810058594,1086918042.0,4894.16015625,103.56999969482422,2016.9000244140625,0.41319999694824217,165.19366455078125
2024-01-26,291.9390563964844,303.7918395996094,290.87738037109375,302.3179931640625,964268733.0,4890.97021484375,103.47000122070312,2016.800048828125,0.4159999847412109,165.19366455078125
2024-01-27,302.3171691894531,307.41143798828125,302.0614318847656,305.8248291015625,691653061.0,4890.97021484375,103.47000122070312,2016.800048828125,0.4159999847412109,165.19366455078125
2024-01-28,305.7743835449219,308.7686462402344,303.2923583984375,304.9756164550781,782354766.0,4890.97021484375,103.47000122070312,2016.800048828125,0.4159999847412109,165.19366455078125
2024-01-29,305.0214538574219,310.7130126953125,304.60357666015625,310.7080078125,824640185.0,4927.93017578125,103.61000061035156,2025.199951171875,0.40910000801086427,165.19366455078125
2024-01-30,310.7080078125,312.96221923828125,306.9179382324219,307.4627380371094,777667889.0,4924.97021484375,103.4000015258789,2031.5,0.4059000015258789,165.19366455078125
2024-01-31,307.4723815917969,307.864990234375,298.96063232421875,300.35107421875,814318731.0,4845.64990234375,103.2699966430664,2048.39990234375,0.39670000076293943,165.19366455078125
2024-02-01,300.35107421875,301.8831787109375,296.5621337890625,300.1759033203125,754502530.0,4906.18994140625,103.05000305175781,2053.0,0.38629999160766604,165.19366455078125
2024-02-02,300.1639099121094,304.2850646972656,299.9427795410156,301.15496826171875,699579739.0,4958.60986328125,103.91999816894531,2036.0999755859375,0.40329999923706056,165.19366455078125
2024-02-03,301.181396484375,303.5091552734375,299.62506103515625,299.7367248535156,606345017.0,4958.60986328125,103.91999816894531,2036.0999755859375,0.40329999923706056,165.19366455078125
2024-02-04,299.7156677246094,307.4093322753906,298.2126159667969,304.7341613769531,818836774.0,4958.60986328125,103.91999816894531,2036.0999755859375,0.40329999923706056,165.19366455078125
2024-02-05,304.71844482421875,306.52313232421875,299.54913330078125,300.8540344238281,826414727.0,4942.81005859375,104.44999694824219,2025.699951171875,0.41640000343322753,165.19366455078125
2024-02-06,300.8583679199219,303.5723571777344,300.63946533203125,302.71014404296875,680038428.0,4954.22998046875,104.18000030517578,2034.5,0.40900001525878904,165.19366455078125
2024-02-07,302.71160888671875,308.47808837890625,300.84954833984375,307.63458251953125,776516914.0,4995.06005859375,104.04000091552734,2035.199951171875,0.41100001335144043,165.19366455078125
2024-02-08,307.57354736328125,320.4073486328125,307.5062255859375,318.87188720703125,1206142745.0,4997.91015625,104.1500015258789,2032.199951171875,0.41700000762939454,165.19366455078125
2024-02-09,318.9233703613281,325.64459228515625,318.202392578125,323.84228515625,1094700959.0,5026.60986328125,104.08000183105469,2023.300048828125,0.4186999797821045,165.19366455078125
2024-02-10,323.8716125488281,325.42669677734375,319.5799560546875,323.1338806152344,737748174.0,5026.60986328125,104.08000183105469,2023.300048828125,0.4186999797821045,165.19366455078125
2024-02-11,323.103515625,324.768310546875,320.30938720703125,320.78753662109375,706320478.0,5026.60986328125,104.08000183105469,2023.300048828125,0.4186999797821045,165.19366455078125
2024-02-12,320.80401611328125,331.4398498535156,315.93243408203125,327.9446105957031,982444950.0,5021.83984375,104.16999816894531,2018.199951171875,0.41719999313354494,165.19366455078125
2024-02-13,327.9324035644531,329.2057800292969,319.4844055175781,324.86822509765625,886487720.0,4953.169921875,104.95999908447266,1992.9000244140625,0.4315999984741211,165.19366455078125
2024-02-14,324.8655700683594,334.369140625,323.8765869140625,334.2459716796875,887463520.0,5000.6201171875,104.72000122070312,1990.300048828125,0.4267000198364258,165.19366455078125
2024-02-15,334.21087646484375,365.13311767578125,333.8529968261719,354.7108154296875,1744161787.0,5029.72998046875,104.30000305175781,2002.0999755859375,0.4239999771118164,165.19366455078125
2024-02-16,354.68756103515625,365.56207275390625,351.70159912109375,360.890380859375,1461675119.0,5005.56982421875,104.27999877929688,2011.5,0.42950000762939455,165.19366455078125
2024-02-17,360.8729553222656,363.28179931640625,349.043212890625,352.9081115722656,1101515839.0,5005.56982421875,104.27999877929688,2011.5,0.42950000762939455,165.19366455078125
2024-02-18,352.9129943847656,358.00885009765625,349.6799621582031,349.6799621582031,959954204.0,5005.56982421875,104.27999877929688,2011.5,0.42950000762939455,165.19366455078125
2024-02-19,349.67828369140625,355.6981201171875,349.623779296875,351.8070983886719,1290009052.0,5005.56982421875,104.27999877929688,2011.5,0.42950000762939455,165.19366455078125
2024-02-20,351.8079528808594,360.3736267089844,346.0740051269531,354.8639221191406,1489888631.0,4975.509765625,104.08000183105469,2027.5,0.42750000953674316,165.19366455078125
2024-02-21,354.8638610839844,379.0655212402344,351.4012451171875,378.5373229980469,2264483250.0,4981.7998046875,104.01000213623047,2022.300048828125,0.43249998092651365,165.19366455078125
2024-02-22,378.7139587402344,386.5940856933594,374.3027038574219,382.009765625,2002118598.0,5087.02978515625,103.95999908447266,2019.699951171875,0.43270001411437986,165.19366455078125
2024-02-23,381.9831237792969,385.45794677734375,369.40008544921875,375.319091796875,1755398357.0,5088.7998046875,103.94000244140625,2038.5999755859375,0.4260000228881836,165.19366455078125
2024-02-24,375.3238220214844,383.0736999511719,371.9991455078125,381.7427978515625,1088410661.0,5088.7998046875,103.94000244140625,2038.5999755859375,0.4260000228881836,165.19366455078125
2024-02-25,381.74261474609375,390.4501037597656,378.1285705566406,388.5517272949219,1324081579.0,5088.7998046875,103.94000244140625,2038.5999755859375,0.4260000228881836,165.19366455078125
2024-02-26,388.5350036621094,404.4400939941406,382.2568664550781,401.6438903808594,2011146388.0,5069.52978515625,103.83000183105469,2028.5,0.4298999786376953,165.19366455078125
2024-02-27,401.6438903808594,403.74005126953125,390.9178771972656,394.9956359863281,1750697179.0,5078.18017578125,103.83000183105469,2034.0,0.4315000057220459,165.19366455078125
2024-02-28,394.95172119140625,427.04681396484375,394.66107177734375,415.7716064453125,2323818531.0,5069.759765625,103.9800033569336,2033.0,0.427400016784668,165.19366455078125
2024-02-29,415.5836181640625,419.7790222167969,392.3798828125,399.7787170410156,2058367303.0,5096.27001953125,104.16000366210938,2045.699951171875,0.4251999855041504,165.19366455078125
2024-03-01,399.67242431640625,408.55279541015625,399.4783020019531,407.8107604980469,1527194519.0,5137.080078125,103.86000061035156,2086.89990234375,0.4179999828338623,165.19366455078125
2024-03-02,407.8048400878906,414.84515380859375,406.5416564941406,410.9858703613281,1520439801.0,5137.080078125,103.86000061035156,2086.89990234375,0.4179999828338623,165.19366455078125
2024-03-03,410.9778137207031,416.6257019042969,405.0853271484375,414.3810729980469,1810575392.0,5137.080078125,103.86000061035156,2086.89990234375,0.4179999828338623,165.19366455078125
2024-03-04,414.4140319824219,423.8005676269531,411.4765319824219,419.0354309082031,2111212949.0,5130.9501953125,103.83000183105469,2117.699951171875,0.42189998626708985,165.19366455078125
2024-03-05,419.0164489746094,427.0828857421875,363.22064208984375,394.6617431640625,3319029162.0,5078.64990234375,103.80000305175781,2133.5,0.413700008392334,165.19366455078125
2024-03-06,394.6649475097656,433.4255065917969,386.2295227050781,429.011962890625,3281109608.0,5104.759765625,103.37000274658203,2150.300048828125,0.4104000091552734,165.19366455078125
2024-03-07,429.011962890625,477.2071838378906,423.7870178222656,475.2906494140625,3328990543.0,5157.35986328125,102.81999969482422,2158.0,0.40920000076293944,165.19366455078125
2024-03-08,475.2777099609375,489.57855224609375,464.8338623046875,488.09417724609375,3644157779.0,5123.68994140625,102.73999786376953,2178.60009765625,0.40890002250671387,165.19366455078125
2024-03-09,488.09271240234375,494.0759582519531,482.640625,489.56182861328125,2314944823.0,5123.68994140625,102.73999786376953,2178.60009765625,0.40890002250671387,165.19366455078125
2024-03-10,489.5409240722656,537.415283203125,486.8355407714844,529.374755859375,4507153439.0,5123.68994140625,102.73999786376953,2178.60009765625,0.40890002250671387,165.19366455078125
2024-03-11,529.4474487304688,532.7896728515625,509.9839172363281,522.718017578125,3950105375.0,5117.93994140625,102.87000274658203,2182.5,0.4104000091552734,165.19366455078125
2024-03-12,522.718994140625,547.018310546875,521.9139404296875,537.86572265625,4381078189.0,5175.27001953125,102.95999908447266,2160.39990234375,0.41550002098083494,165.19366455078125
2024-03-13,537.86572265625,631.1683959960938,532.0458984375,630.5613403320312,5717769152.0,5165.31005859375,102.79000091552734,2175.39990234375,0.4191999912261963,165.19366455078125
2024-03-14,630.5613403320312,630.9562377929688,569.2069091796875,602.9887084960938,4918366892.0,5150.47998046875,103.36000061035156,2163.0,0.42979998588562013,165.19366455078125
2024-03-15,602.9675903320312,634.2008056640625,547.7039794921875,632.8027954101562,5849156503.0,5117.08984375,103.43000030517578,2157.300048828125,0.4303999900817871,165.19366455078125
2024-03-16,632.8027954101562,641.4811401367188,571.286865234375,576.7752075195312,3952760767.0,5117.08984375,103.43000030517578,2157.300048828125,0.4303999900817871,165.19366455078125
2024-03-17,576.7752075195312,589.6356811523438,550.1432495117188,571.0855712890625,3512190982.0,5117.08984375,103.43000030517578,2157.300048828125,0.4303999900817871,165.19366455078125
2024-03-18,571.0855712890625,586.5149536132812,540.8463134765625,554.55712890625,3982384372.0,5149.419921875,103.58000183105469,2160.699951171875,0.43400001525878906,165.19366455078125
2024-03-19,554.55712890625,559.8604125976562,498.5623474121094,507.0765686035156,4346763421.0,5178.509765625,103.80999755859375,2156.300048828125,0.4296999931335449,165.19366455078125
2024-03-20,507.0864562988281,558.9464721679688,501.1168518066406,556.7005004882812,3177352364.0,5224.6201171875,103.41000366210938,2157.89990234375,0.42729997634887695,165.19366455078125
2024-03-21,556.7005004882812,570.05322265625,541.6550903320312,553.2482299804688,2595135487.0,5241.52978515625,104.0,2182.39990234375,0.42709999084472655,165.19366455078125
2024-03-22,553.2482299804688,587.7314453125,535.97265625,551.778564453125,2949959002.0,5234.18017578125,104.43000030517578,2158.10009765625,0.4217999935150146,165.19366455078125
2024-03-23,551.778564453125,567.544677734375,544.9212646484375,551.8795166015625,1962524597.0,5234.18017578125,104.43000030517578,2158.10009765625,0.4217999935150146,165.19366455078125
2024-03-24,551.8795166015625,572.4882202148438,549.5263061523438,567.9948120117188,1745465728.0,5234.18017578125,104.43000030517578,2158.10009765625,0.4217999935150146,165.19366455078125
2024-03-25,567.9948120117188,597.6621704101562,565.1378784179688,587.4276123046875,2490221265.0,5218.18994140625,104.2300033569336,2174.800048828125,0.42529997825622556,165.19366455078125
2024-03-26,587.4276123046875,597.0130004882812,572.8078002929688,580.1505126953125,2086911757.0,5203.580078125,104.29000091552734,2175.60009765625,0.4234000205993652,165.19366455078125
2024-03-27,580.1593017578125,584.9867553710938,565.5116577148438,574.5115966796875,1983797879.0,5248.490234375,104.3499984741211,2190.60009765625,0.4196000099182129,165.19366455078125
2024-03-28,574.5115966796875,591.3146362304688,574.2017822265625,583.2708740234375,1986567688.0,5254.35009765625,104.55000305175781,2217.39990234375,0.42059998512268065,165.19366455078125
2024-03-29,583.2867431640625,619.9725952148438,582.4693603515625,612.657958984375,2788931743.0,5254.35009765625,104.55000305175781,2217.39990234375,0.42059998512268065,165.19366455078125
2024-03-30,612.66015625,612.9949340820312,597.6298217773438,601.016357421875,1750650703.0,5254.35009765625,104.55000305175781,2217.39990234375,0.42059998512268065,165.19366455078125
2024-03-31,601.005126953125,608.6642456054688,600.8792724609375,606.9086303710938,1456592924.0,5254.35009765625,104.55000305175781,2217.39990234375,0.42059998512268065,165.19366455078125
2024-04-01,606.90869140625,607.6455688476562,570.0531616210938,576.3966674804688,2020241864.0,5243.77001953125,105.0199966430664,2236.5,0.43289999961853026,165.19366455078125
2024-04-02,576.3765869140625,578.1329956054688,546.8681640625,550.6814575195312,2480273065.0,5205.81005859375,104.81999969482422,2261.0,0.43649997711181643,165.19366455078125
2024-04-03,550.6814575195312,567.9979858398438,540.246826171875,562.0196533203125,2096610785.0,5211.490234375,104.25,2294.39990234375,0.4355000019073486,165.19366455078125
2024-04-04,562.0196533203125,597.8353271484375,561.34912109375,585.4415283203125,2340488273.0,5147.2099609375,104.12000274658203,2288.800048828125,0.43090000152587893,165.19366455078125
2024-04-05,585.4832153320312,591.3327026367188,565.7509765625,578.9669189453125,1983792648.0,5204.33984375,104.30000305175781,2325.699951171875,0.4377999782562256,165.19366455078125
2024-04-06,578.9669189453125,590.6022338867188,575.9175415039062,585.966796875,1328988130.0,5204.33984375,104.30000305175781,2325.699951171875,0.4377999782562256,165.19366455078125
2024-04-07,585.966796875,590.8859252929688,578.7191162109375,584.1021728515625,1374676397.0,5204.33984375,104.30000305175781,2325.699951171875,0.4377999782562256,165.19366455078125
2024-04-08,584.1021728515625,600.8928833007812,577.9833374023438,586.9009399414062,1739232272.0,5202.39013671875,104.13999938964844,2331.699951171875,0.4423999786376953,165.19366455078125
2024-04-09,586.9009399414062,589.666748046875,574.1403198242188,580.830322265625,1988165022.0,5209.91015625,104.1500015258789,2343.5,0.4366000175476074,165.19366455078125
2024-04-10,580.830322265625,610.4829711914062,574.46142578125,610.0839233398438,1654268255.0,5160.64013671875,105.25,2329.60009765625,0.4559999942779541,165.19366455078125
2024-04-11,610.0839233398438,617.4686279296875,592.6021728515625,604.893798828125,1299527568.0,5199.06005859375,105.27999877929688,2354.800048828125,0.4576000213623047,165.19366455078125
2024-04-12,604.893798828125,626.9840698242188,575.5808715820312,596.380126953125,2619549858.0,5123.41015625,106.04000091552734,2356.199951171875,0.4499000072479248,165.19366455078125
2024-04-13,596.3749389648438,599.8919677734375,517.2700805664062,554.2998046875,2660310655.0,5123.41015625,106.04000091552734,2356.199951171875,0.4499000072479248,165.19366455078125
2024-04-14,554.2998046875,570.257568359375,537.1805419921875,567.2184448242188,1724305772.0,5123.41015625,106.04000091552734,2356.199951171875,0.4499000072479248,165.19366455078125
2024-04-15,567.2184448242188,585.4859619140625,546.8653564453125,552.87451171875,1488692418.0,5061.81982421875,106.20999908447266,2365.800048828125,0.4627999782562256,165.19366455078125
2024-04-16,552.8746948242188,554.1048583984375,524.2218627929688,537.829345703125,1299731119.0,5051.41015625,106.26000213623047,2390.800048828125,0.46589999198913573,165.19366455078125
2024-04-17,537.8313598632812,548.0428466796875,514.1128540039062,534.416015625,1411927485.0,5022.2099609375,105.94999694824219,2371.699951171875,0.45850000381469724,165.19366455078125
2024-04-18,534.4149780273438,555.0400390625,527.4300537109375,552.172119140625,1439312699.0,5011.1201171875,106.1500015258789,2382.300048828125,0.46469998359680176,165.19366455078125
2024-04-19,552.172119140625,564.5448608398438,525.0286254882812,554.8892822265625,1320094794.0,4967.22998046875,106.1500015258789,2398.39990234375,0.4614999771118164,165.19366455078125
2024-04-20,554.8881225585938,574.0986938476562,549.800048828125,570.9605102539062,697007137.0,4967.22998046875,106.1500015258789,2398.39990234375,0.4614999771118164,165.19366455078125
2024-04-21,570.9605102539062,582.2720336914062,567.1710815429688,579.6199340820312,782061076.0,4967.22998046875,106.1500015258789,2398.39990234375,0.4614999771118164,165.19366455078125
2024-04-22,579.6146850585938,608.5170288085938,579.1416625976562,605.5755004882812,1300340623.0,5010.60009765625,106.08000183105469,2332.199951171875,0.4623000144958496,165.19366455078125
2024-04-23,605.5755004882812,613.5433349609375,599.9375610351562,606.8406372070312,1380221181.0,5070.5498046875,105.69000244140625,2327.699951171875,0.45980000495910645,165.19366455078125
2024-04-24,606.8406372070312,617.3051147460938,592.944091796875,608.0861206054688,1518718475.0,5071.6298828125,105.86000061035156,2324.5,0.46519999504089354,165.19366455078125
2024-04-25,608.0906372070312,617.8062133789062,601.7774658203125,614.0050048828125,1161642323.0,5048.419921875,105.5999984741211,2329.800048828125,0.47059998512268064,165.19366455078125
2024-04-26,614.0050048828125,614.834228515625,597.1796264648438,597.7054443359375,817787521.0,5099.9599609375,105.94000244140625,2334.800048828125,0.46690001487731936,165.19366455078125
2024-04-27,597.7054443359375,599.2827758789062,586.1527099609375,595.7205200195312,781864034.0,5099.9599609375,105.94000244140625,2334.800048828125,0.46690001487731936,165.19366455078125
2024-04-28,595.7205200195312,607.8242797851562,595.716552734375,600.0711669921875,681109845.0,5099.9599609375,105.94000244140625,2334.800048828125,0.46690001487731936,165.19366455078125
2024-04-29,600.0711669921875,602.5989379882812,583.3385009765625,592.8312377929688,868114786.0,5116.169921875,105.58000183105469,2345.39990234375,0.4613999843597412,165.19366455078125
2024-04-30,592.831787109375,603.3228149414062,556.1708984375,578.488037109375,1727881192.0,5035.68994140625,106.22000122070312,2291.39990234375,0.4685999870300293,165.19366455078125
2024-05-01,578.4874877929688,579.3329467773438,538.0464477539062,561.408203125,1502825527.0,5018.39013671875,105.76000213623047,2299.89990234375,0.45949997901916506,165.19366455078125
2024-05-02,561.408203125,565.4573974609375,543.5223388671875,560.5267333984375,877449354.0,5064.2001953125,105.30000305175781,2299.199951171875,0.45710000991821287,165.19366455078125
2024-05-03,560.5267333984375,590.2448120117188,559.4467163085938,587.0104370117188,854728192.0,5127.7900390625,105.02999877929688,2299.0,0.45,165.19366455078125
2024-05-04,587.0184326171875,593.1934204101562,583.2993774414062,585.8465576171875,582273374.0,5127.7900390625,105.02999877929688,2299.0,0.45,165.19366455078125
2024-05-05,585.8465576171875,594.9953002929688,580.2462768554688,592.140380859375,531182053.0,5127.7900390625,105.02999877929688,2299.0,0.45,165.19366455078125
2024-05-06,592.139892578125,601.88671875,583.3734130859375,588.4759521484375,1522319999.0,5180.740234375,105.05000305175781,2321.60009765625,0.4488999843597412,165.19366455078125
2024-05-07,588.4759521484375,599.9354858398438,576.7245483398438,577.4862060546875,1535678414.0,5187.7001953125,105.41000366210938,2315.199951171875,0.44629998207092286,165.19366455078125
2024-05-08,577.4862060546875,589.5725708007812,575.1480102539062,588.1974487304688,1603241013.0,5187.669921875,105.55000305175781,2313.60009765625,0.4492000102996826,165.19366455078125
2024-05-09,588.1974487304688,602.5897216796875,586.7303466796875,596.031982421875,1897318659.0,5214.080078125,105.2300033569336,2332.10009765625,0.4448999881744385,165.19366455078125
2024-05-10,596.0276489257812,596.5833740234375,582.0457763671875,585.6221923828125,1521708160.0,5222.68017578125,105.30999755859375,2367.300048828125,0.4504000186920166,165.19366455078125
2024-05-11,585.6221923828125,594.20654296875,581.8966674804688,592.0278930664062,1333662111.0,5222.68017578125,105.30999755859375,2367.300048828125,0.4504000186920166,165.19366455078125
2024-05-12,592.0291748046875,599.1841430664062,587.8043212890625,594.424560546875,1276671115.0,5222.68017578125,105.30999755859375,2367.300048828125,0.4504000186920166,165.19366455078125
2024-05-13,594.424560546875,597.7680053710938,585.520751953125,591.60693359375,1636169234.0,5221.419921875,105.22000122070312,2336.10009765625,0.44809999465942385,165.19366455078125
2024-05-14,591.60693359375,592.8369750976562,563.4202270507812,566.70703125,1944063031.0,5246.68017578125,105.01000213623047,2353.39990234375,0.4445000171661377,165.19366455078125
2024-05-15,566.70703125,587.4215087890625,561.1272583007812,582.0743408203125,1895100260.0,5308.14990234375,104.3499984741211,2388.699951171875,0.43559999465942384,165.19366455078125
2024-05-16,582.1001586914062,586.4363403320312,565.7623291015625,569.1902465820312,1911862000.0,5297.10009765625,104.45999908447266,2380.0,0.4376999855041504,165.19366455078125
2024-05-17,569.1902465820312,584.666015625,568.8367309570312,581.1783447265625,1557134929.0,5303.27001953125,104.44999694824219,2412.199951171875,0.4420000076293945,165.19366455078125
2024-05-18,581.1783447265625,581.9871826171875,575.0185546875,580.4811401367188,1358737176.0,5303.27001953125,104.44999694824219,2412.199951171875,0.4420000076293945,165.19366455078125
2024-05-19,580.4815673828125,581.876708984375,572.36962890625,574.6316528320312,1298887094.0,5303.27001953125,104.44999694824219,2412.199951171875,0.4420000076293945,165.19366455078125
2024-05-20,574.6316528320312,601.5638427734375,569.5235595703125,600.6163330078125,2145457267.0,5308.1298828125,104.56999969482422,2433.89990234375,0.4436999797821045,165.19366455078125
2024-05-21,600.60107421875,629.861083984375,593.9327392578125,618.4204711914062,3564986916.0,5321.41015625,104.66000366210938,2421.699951171875,0.44140000343322755,165.19366455078125
2024-05-22,618.4204711914062,625.5662841796875,610.5460205078125,614.671875,2138536549.0,5307.009765625,104.94000244140625,2389.199951171875,0.4434000015258789,165.19366455078125
2024-05-23,614.671875,616.5244750976562,581.9541015625,598.6708374023438,2631566566.0,5267.83984375,105.11000061035156,2335.0,0.44749999046325684,165.19366455078125
2024-05-24,598.6708374023438,604.3148803710938,588.8939819335938,600.2258911132812,1778282198.0,5304.72021484375,104.72000122070312,2332.5,0.4467000007629395,165.19366455078125
2024-05-25,600.2266235351562,606.3673095703125,599.6072387695312,602.1944580078125,1392399167.0,5304.72021484375,104.72000122070312,2332.5,0.4467000007629395,165.19366455078125
2024-05-26,602.1944580078125,604.830078125,598.6958618164062,599.825927734375,1372657185.0,5304.72021484375,104.72000122070312,2332.5,0.4467000007629395,165.19366455078125
2024-05-27,599.825927734375,613.38818359375,599.7007446289062,603.5264282226562,1691663828.0,5304.72021484375,104.72000122070312,2332.5,0.4467000007629395,165.19366455078125
2024-05-28,603.5264282226562,604.985107421875,593.7161865234375,601.2132568359375,1852329404.0,5306.0400390625,104.61000061035156,2355.199951171875,0.45419998168945314,165.19366455078125
2024-05-29,601.2132568359375,602.9315185546875,592.9666137695312,594.9720458984375,1642696946.0,5266.9501953125,105.0999984741211,2340.300048828125,0.4624000072479248,165.19366455078125
2024-05-30,594.9725341796875,601.6650390625,586.5576782226562,595.0267944335938,1737524745.0,5235.47998046875,104.72000122070312,2342.89990234375,0.4553999900817871,165.19366455078125
2024-05-31,595.0267944335938,598.4236450195312,589.7748413085938,593.5223388671875,1590349553.0,5277.509765625,104.66999816894531,2322.89990234375,0.4513999938964844,165.19366455078125
2024-06-01,593.5223388671875,607.5828857421875,592.6806030273438,601.30419921875,1520074486.0,5277.509765625,104.66999816894531,2322.89990234375,0.4513999938964844,165.19366455078125
2024-06-02,601.3041381835938,604.9780883789062,596.164794921875,603.026611328125,1667233984.0,5277.509765625,104.66999816894531,2322.89990234375,0.4513999938964844,165.19366455078125
2024-06-03,603.0509643554688,637.2471313476562,601.1831665039062,626.4329833984375,2952110605.0,5283.39990234375,104.13999938964844,2346.60009765625,0.4401999950408936,165.19366455078125
2024-06-04,626.4329833984375,687.40380859375,625.2649536132812,686.201416015625,3416994948.0,5291.33984375,104.11000061035156,2325.5,0.43359999656677245,165.19366455078125
2024-06-05,686.201416015625,712.58837890625,685.777099609375,698.889404296875,3501231414.0,5354.02978515625,104.2699966430664,2354.10009765625,0.42890000343322754,165.19366455078125
2024-06-06,698.889404296875,720.672607421875,692.9947509765625,710.4640502929688,2997888288.0,5352.9599609375,104.0999984741211,2370.300048828125,0.4281000137329102,165.19366455078125
2024-06-07,710.4603881835938,710.8385009765625,665.18017578125,683.3609619140625,2987033806.0,5346.990234375,104.88999938964844,2305.199951171875,0.4429999828338623,165.19366455078125
2024-06-08,683.3685913085938,694.3128051757812,678.6458129882812,682.6651611328125,1966216051.0,5346.990234375,104.88999938964844,2305.199951171875,0.4429999828338623,165.19366455078125
2024-06-09,682.6638793945312,684.7598876953125,670.8135375976562,673.3153076171875,1856183346.0,5346.990234375,104.88999938964844,2305.199951171875,0.4429999828338623,165.19366455078125
2024-06-10,673.33544921875,674.3134765625,615.77294921875,624.3868408203125,3184376694.0,5360.7900390625,105.1500015258789,2307.699951171875,0.4468999862670898,165.19366455078125
2024-06-11,624.3967895507812,628.2633666992188,597.0418701171875,602.55810546875,2604834485.0,5375.31982421875,105.2300033569336,2307.5,0.4403999805450439,165.19366455078125
2024-06-12,602.6026000976562,634.6758422851562,592.2932739257812,619.19482421875,2221546160.0,5421.02978515625,104.6500015258789,2336.0,0.42950000762939455,165.19366455078125
2024-06-13,619.2251586914062,619.298583984375,596.3087768554688,599.5150756835938,1879189691.0,5433.740234375,105.19999694824219,2300.199951171875,0.423799991607666,165.19366455078125
2024-06-14,599.4786987304688,611.6287231445312,590.496337890625,603.1805419921875,1848914113.0,5431.60009765625,105.55000305175781,2331.39990234375,0.42129998207092284,165.19366455078125
2024-06-15,603.1141967773438,609.0504760742188,601.5859375,607.8029174804688,1471028668.0,5431.60009765625,105.55000305175781,2331.39990234375,0.42129998207092284,165.19366455078125
2024-06-16,607.8084716796875,611.197509765625,601.4769287109375,610.0540161132812,1428836675.0,5431.60009765625,105.55000305175781,2331.39990234375,0.42129998207092284,165.19366455078125
2024-06-17,610.0736694335938,611.9440307617188,592.4261474609375,604.4673461914062,1797626078.0,5473.22998046875,105.31999969482422,2312.39990234375,0.42789998054504397,165.19366455078125
2024-06-18,604.3328857421875,604.65283203125,575.76171875,588.7020874023438,2265505402.0,5487.02978515625,105.26000213623047,2330.39990234375,0.42170000076293945,165.19366455078125
2024-06-19,588.584716796875,605.731689453125,587.01416015625,598.771728515625,1788904109.0,5487.02978515625,105.26000213623047,2330.39990234375,0.42170000076293945,165.19366455078125
2024-06-20,598.771728515625,607.4007568359375,584.7599487304688,587.107177734375,1817442036.0,5473.169921875,105.58999633789062,2353.800048828125,0.4254000186920166,165.19366455078125
2024-06-21,587.1126098632812,588.7054443359375,578.015869140625,585.9119262695312,1672110625.0,5464.6201171875,105.80000305175781,2316.39990234375,0.4256999969482422,165.19366455078125
2024-06-22,585.9009399414062,590.9393310546875,581.1376342773438,590.7633666992188,1387634576.0,5464.6201171875,105.80000305175781,2316.39990234375,0.4256999969482422,165.19366455078125
2024-06-23,590.6715698242188,592.7726440429688,576.0581665039062,577.2108764648438,1444372224.0,5464.6201171875,105.80000305175781,2316.39990234375,0.4256999969482422,165.19366455078125
2024-06-24,577.222900390625,581.2367553710938,552.9365234375,567.578125,2033721646.0,5447.8701171875,105.47000122070312,2330.0,0.4248000144958496,165.19366455078125
2024-06-25,567.653076171875,579.1007690429688,566.8991088867188,578.1034545898438,1581413208.0,5469.2998046875,105.61000061035156,2316.60009765625,0.423799991607666,165.19366455078125
2024-06-26,578.1137084960938,584.1988525390625,567.8788452148438,572.4017944335938,1537826836.0,5477.89990234375,106.05000305175781,2299.199951171875,0.4315999984741211,165.19366455078125
2024-06-27,572.3585205078125,583.7315063476562,566.4297485351562,580.7982788085938,1659378248.0,5482.8701171875,105.91000366210938,2324.5,0.42880001068115237,165.19366455078125
2024-06-28,580.865966796875,584.3499755859375,565.00537109375,566.4644775390625,1618598501.0,5460.47998046875,105.87000274658203,2327.699951171875,0.43429999351501464,165.19366455078125
2024-06-29,566.4916381835938,572.9425659179688,566.06591796875,569.127685546875,1375085097.0,5460.47998046875,105.87000274658203,2327.699951171875,0.43429999351501464,165.19366455078125
2024-06-30,569.1678466796875,584.0786743164062,567.7850341796875,581.7711181640625,1564676508.0,5460.47998046875,105.87000274658203,2327.699951171875,0.43429999351501464,165.19366455078125
2024-07-01,581.674560546875,587.2811889648438,576.136474609375,576.6869506835938,1613874196.0,5475.08984375,105.9000015258789,2327.60009765625,0.44790000915527345,165.19366455078125
2024-07-02,576.6046752929688,581.0347290039062,573.8269653320312,578.9810791015625,1528045271.0,5509.009765625,105.72000122070312,2323.0,0.4435999870300293,165.19366455078125
2024-07-03,579.0103759765625,579.9353637695312,550.4166870117188,556.5777587890625,1736158280.0,5537.02001953125,105.4000015258789,2359.800048828125,0.4355000019073486,165.19366455078125
2024-07-04,556.4862060546875,556.8927612304688,512.42236328125,513.9945068359375,2056945763.0,5537.02001953125,105.4000015258789,2359.800048828125,0.4355000019073486,165.19366455078125
2024-07-05,513.614501953125,515.2207641601562,456.92340087890625,497.9958190917969,2865780557.0,5567.18994140625,104.87999725341797,2388.5,0.4271999835968018,165.19366455078125
2024-07-06,497.96551513671875,530.4472045898438,496.6573181152344,527.6743774414062,1604647597.0,5567.18994140625,104.87999725341797,2388.5,0.4271999835968018,165.19366455078125
2024-07-07,527.4404907226562,527.4404907226562,488.9649353027344,490.6131286621094,1660301909.0,5567.18994140625,104.87999725341797,2388.5,0.4271999835968018,165.19366455078125
2024-07-08,490.7127990722656,523.1556396484375,472.1614074707031,510.6142578125,2305009896.0,5572.85009765625,105.01000213623047,2355.199951171875,0.42690000534057615,165.19366455078125
2024-07-09,510.5447692871094,520.6463012695312,507.2747802734375,516.568115234375,1586240513.0,5576.97998046875,105.12000274658203,2360.10009765625,0.43000001907348634,165.19366455078125
2024-07-10,516.6347045898438,529.192138671875,511.8351745605469,524.5165405273438,1592646761.0,5633.91015625,105.05000305175781,2372.199951171875,0.42800002098083495,165.19366455078125
2024-07-11,524.5767211914062,540.0792236328125,521.0379638671875,525.1380615234375,1685684515.0,5584.5400390625,104.44000244140625,2415.0,0.4192999839782715,165.19366455078125
2024-07-12,525.1171264648438,537.316162109375,517.9932861328125,533.75732421875,1600204226.0,5615.35009765625,104.08999633789062,2414.0,0.4189000129699707,165.19366455078125
2024-07-13,533.7614135742188,539.1996459960938,527.7648315429688,532.3488159179688,1436156860.0,5615.35009765625,104.08999633789062,2414.0,0.4189000129699707,165.19366455078125
2024-07-14,532.3785400390625,547.3585815429688,532.1102294921875,544.8187255859375,1486806663.0,5615.35009765625,104.08999633789062,2414.0,0.4189000129699707,165.19366455078125
2024-07-15,544.9208984375,586.5435791015625,544.7008056640625,586.1410522460938,2019082961.0,5631.22021484375,104.19000244140625,2422.89990234375,0.4229000091552734,165.19366455078125
2024-07-16,586.0093994140625,587.3955078125,556.6705322265625,576.583984375,2082707183.0,5667.2001953125,104.2699966430664,2462.39990234375,0.4166999816894531,165.19366455078125
2024-07-17,576.5607299804688,584.0094604492188,565.4176635742188,568.9127197265625,1739938322.0,5588.27001953125,103.75,2454.800048828125,0.41459999084472654,165.19366455078125
2024-07-18,568.96826171875,579.3433227539062,562.9327392578125,571.9515380859375,1636814280.0,5544.58984375,104.16999816894531,2451.800048828125,0.4189000129699707,165.19366455078125
2024-07-19,571.9271240234375,598.0529174804688,565.973876953125,593.7021484375,2052978808.0,5505.0,104.4000015258789,2395.5,0.4238999843597412,165.19366455078125
2024-07-20,593.7093505859375,598.30126953125,587.2839965820312,593.5722045898438,1585229672.0,5505.0,104.4000015258789,2395.5,0.4238999843597412,165.19366455078125
2024-07-21,593.5726318359375,603.6642456054688,583.540771484375,601.8511962890625,1815088659.0,5505.0,104.4000015258789,2395.5,0.4238999843597412,165.19366455078125
2024-07-22,601.8511962890625,605.191162109375,587.77197265625,587.9177856445312,1985538902.0,5564.41015625,104.30999755859375,2392.0,0.4260000228881836,165.19366455078125
2024-07-23,587.9177856445312,593.1072998046875,578.2872924804688,582.0995483398438,1839296067.0,5555.740234375,104.44999694824219,2404.60009765625,0.4238999843597412,165.19366455078125
2024-07-24,582.10498046875,588.8692016601562,570.95361328125,574.5784912109375,1601708271.0,5427.1298828125,104.38999938964844,2413.300048828125,0.42859997749328616,165.19366455078125
2024-07-25,574.5784912109375,575.8388061523438,554.7559814453125,570.71337890625,1995371028.0,5399.22021484375,104.36000061035156,2351.89990234375,0.425600004196167,165.19366455078125
2024-07-26,570.71337890625,582.7736206054688,570.4503784179688,581.0779418945312,1665724792.0,5459.10009765625,104.31999969482422,2380.0,0.4199999809265137,165.19366455078125
2024-07-27,581.0779418945312,592.8525390625,574.8931274414062,581.5888061523438,1760015335.0,5459.10009765625,104.31999969482422,2380.0,0.4199999809265137,165.19366455078125
2024-07-28,581.5888061523438,584.68994140625,575.0437622070312,584.099609375,1464043630.0,5459.10009765625,104.31999969482422,2380.0,0.4199999809265137,165.19366455078125
2024-07-29,584.099609375,596.6491088867188,573.986083984375,574.642578125,1825858615.0,5463.5400390625,104.55999755859375,2377.300048828125,0.4177999973297119,165.19366455078125
2024-07-30,574.642578125,587.6651000976562,567.990234375,587.6651000976562,1811656040.0,5436.43994140625,104.55000305175781,2405.0,0.41430001258850097,165.19366455078125
2024-07-31,587.6651000976562,592.5235595703125,575.251953125,576.3681640625,1798590737.0,5522.2998046875,104.0999984741211,2426.5,0.41090002059936526,165.19366455078125
2024-08-01,576.3681640625,577.2913208007812,553.7516479492188,575.146728515625,2045220020.0,5446.68017578125,104.41999816894531,2435.0,0.39760000705718995,165.19366455078125
2024-08-02,575.146728515625,577.0011596679688,540.11865234375,542.9151611328125,2062337930.0,5346.56005859375,103.20999908447266,2425.699951171875,0.37920000553131106,165.19366455078125
2024-08-03,542.9151611328125,544.6666870117188,522.1957397460938,529.4813232421875,1826715291.0,5346.56005859375,103.20999908447266,2425.699951171875,0.37920000553131106,165.19366455078125
2024-08-04,529.4813232421875,531.6157836914062,488.2488098144531,497.0390930175781,1980159444.0,5346.56005859375,103.20999908447266,2425.699951171875,0.37920000553131106,165.19366455078125
2024-08-05,497.0390930175781,499.3894348144531,407.52459716796875,464.6269226074219,4703145244.0,5186.330078125,102.69000244140625,2401.699951171875,0.37850000858306887,165.19366455078125
2024-08-06,464.6269226074219,492.8955078125,464.2871398925781,484.3238220214844,2087680023.0,5240.02978515625,102.97000122070312,2389.10009765625,0.38880000114440916,165.19366455078125
2024-08-07,484.3238220214844,497.62408447265625,468.9976806640625,474.2247619628906,1883200228.0,5199.5,103.19999694824219,2390.5,0.39679999351501466,165.19366455078125
2024-08-08,474.19970703125,521.0404663085938,469.190673828125,517.3375244140625,1790085695.0,5319.31005859375,103.20999908447266,2422.199951171875,0.3996999979019165,165.19366455078125
2024-08-09,517.3375244140625,517.72314453125,500.1761169433594,509.1827087402344,1565495419.0,5344.16015625,103.13999938964844,2432.10009765625,0.3941999912261963,165.19366455078125
2024-08-10,509.1827087402344,524.9590454101562,507.8503112792969,523.317626953125,1394699693.0,5344.16015625,103.13999938964844,2432.10009765625,0.3941999912261963,165.19366455078125
2024-08-11,523.3178100585938,535.5400390625,503.2338562011719,503.8045349121094,1563057068.0,5344.16015625,103.13999938964844,2432.10009765625,0.3941999912261963,165.19366455078125
2024-08-12,503.8041687011719,523.5446166992188,500.23370361328125,518.5361328125,1786263873.0,5344.39013671875,103.13999938964844,2462.39990234375,0.3908999919891357,165.19366455078125
2024-08-13,518.5361328125,525.6865234375,514.5475463867188,524.1285400390625,1757981177.0,5434.43017578125,102.55999755859375,2466.699951171875,0.3851999998092651,165.19366455078125
2024-08-14,524.1285400390625,531.5051879882812,516.50634765625,524.0153198242188,1604400640.0,5455.2099609375,102.56999969482422,2439.39990234375,0.3819999933242798,165.19366455078125
2024-08-15,524.0153198242188,533.6436767578125,511.6082458496094,519.870361328125,1645936961.0,5543.22021484375,102.9800033569336,2453.10009765625,0.39260001182556153,165.19366455078125
2024-08-16,519.870361328125,524.3740234375,511.040283203125,519.9686279296875,1538941515.0,5554.25,102.45999908447266,2498.60009765625,0.3891999959945679,165.19366455078125
2024-08-17,519.9686279296875,547.161376953125,518.940673828125,542.2342529296875,1554176167.0,5554.25,102.45999908447266,2498.60009765625,0.3891999959945679,165.19366455078125
2024-08-18,542.2342529296875,542.3954467773438,531.2366943359375,531.6085205078125,1458218557.0,5554.25,102.45999908447266,2498.60009765625,0.3891999959945679,165.19366455078125
2024-08-19,531.6085205078125,560.6581420898438,529.6116333007812,559.81884765625,1721716619.0,5608.25,101.88999938964844,2501.800048828125,0.3867000102996826,165.19366455078125
2024-08-20,559.81884765625,574.556884765625,559.1103515625,569.2669677734375,2062353969.0,5597.1201171875,101.44000244140625,2511.300048828125,0.3818000078201294,165.19366455078125
2024-08-21,569.2669677734375,575.0878295898438,547.611083984375,570.0197143554688,1887431524.0,5620.85009765625,101.04000091552734,2508.39990234375,0.3778000116348267,165.19366455078125
2024-08-22,570.0197143554688,589.4165649414062,561.2243041992188,583.0518798828125,1998394415.0,5570.64013671875,101.51000213623047,2478.89990234375,0.3861999988555908,165.19366455078125
2024-08-23,583.0518798828125,597.5437622070312,575.76904296875,591.8060302734375,2037288685.0,5634.60986328125,100.72000122070312,2508.39990234375,0.3806999921798706,165.19366455078125
2024-08-24,591.8067626953125,592.7732543945312,575.83740234375,580.76220703125,1954023736.0,5634.60986328125,100.72000122070312,2508.39990234375,0.3806999921798706,165.19366455078125
2024-08-25,580.76220703125,583.9363403320312,569.9006958007812,574.2499389648438,1681089758.0,5634.60986328125,100.72000122070312,2508.39990234375,0.3806999921798706,165.19366455078125
2024-08-26,574.2499389648438,575.981201171875,547.2277221679688,548.8280029296875,1818728257.0,5616.83984375,100.8499984741211,2517.699951171875,0.3818000078201294,165.19366455078125
2024-08-27,548.8280029296875,558.2140502929688,523.4385375976562,533.9758911132812,1853530701.0,5625.7998046875,100.55000305175781,2516.0,0.38329999446868895,165.19366455078125
2024-08-28,533.9758911132812,546.109375,523.7744140625,536.816162109375,1861040561.0,5592.18017578125,101.08999633789062,2501.0,0.38410000801086425,165.19366455078125
2024-08-29,536.816162109375,545.4614868164062,532.3034057617188,536.6256713867188,1577402536.0,5591.9599609375,101.33999633789062,2525.699951171875,0.3867000102996826,165.19366455078125
2024-08-30,536.6256713867188,542.814697265625,523.058837890625,535.3157958984375,1598876190.0,5648.39990234375,101.69999694824219,2493.800048828125,0.39110000133514405,165.19366455078125
2024-08-31,535.3157958984375,541.1749877929688,531.6283569335938,532.89697265625,1284869085.0,5648.39990234375,101.69999694824219,2493.800048828125,0.39110000133514405,165.19366455078125
2024-09-01,532.89697265625,532.9790649414062,508.7206115722656,512.59521484375,1498350087.0,5648.39990234375,101.69999694824219,2493.800048828125,0.39110000133514405,165.19366455078125
2024-09-02,512.59521484375,529.0226440429688,502.1722717285156,526.438720703125,1653356892.0,5648.39990234375,101.69999694824219,2493.800048828125,0.39110000133514405,165.19366455078125
2024-09-03,526.438720703125,537.9566650390625,518.6689453125,518.6689453125,1559458476.0,5528.93017578125,101.83000183105469,2489.89990234375,0.38440001010894775,165.19366455078125
2024-09-04,518.637939453125,523.4694213867188,496.4385070800781,507.82049560546875,1898187560.0,5520.06982421875,101.36000061035156,2493.39990234375,0.37679998874664306,165.19366455078125
2024-09-05,507.82049560546875,512.6257934570312,497.34918212890625,502.0693664550781,1468645986.0,5503.41015625,101.11000061035156,2511.39990234375,0.37309999465942384,165.19366455078125
2024-09-06,502.0693664550781,508.82012939453125,473.1689147949219,486.9027404785156,1860035342.0,5408.419921875,101.18000030517578,2493.5,0.3710000038146973,165.19366455078125
2024-09-07,486.9027404785156,499.10577392578125,483.2615966796875,493.22613525390625,1358748616.0,5408.419921875,101.18000030517578,2493.5,0.3710000038146973,165.19366455078125
2024-09-08,493.22613525390625,506.42510986328125,491.0293273925781,503.0001525878906,1378399660.0,5408.419921875,101.18000030517578,2493.5,0.3710000038146973,165.19366455078125
2024-09-09,503.0001525878906,524.6112670898438,501.9822082519531,518.5453491210938,1602303180.0,5471.0498046875,101.55000305175781,2501.800048828125,0.3697000026702881,165.19366455078125
2024-09-10,518.5453491210938,523.913818359375,514.0165405273438,517.4838256835938,1461007853.0,5495.52001953125,101.62999725341797,2512.300048828125,0.36459999084472655,165.19366455078125
2024-09-11,517.4838256835938,534.5135498046875,507.2425231933594,530.1940307617188,1629703281.0,5554.1298828125,101.68000030517578,2512.10009765625,0.36530001163482667,165.19366455078125
2024-09-12,530.1940307617188,547.791748046875,530.1493530273438,544.3037719726562,1725751181.0,5595.759765625,101.37000274658203,2551.199951171875,0.3680000066757202,165.19366455078125
2024-09-13,544.3037719726562,559.5098876953125,539.0565795898438,557.01806640625,1745545933.0,5626.02001953125,101.11000061035156,2581.300048828125,0.36500000953674316,165.19366455078125
2024-09-14,557.01806640625,559.3895263671875,548.8692016601562,553.5650634765625,1412065214.0,5626.02001953125,101.11000061035156,2581.300048828125,0.36500000953674316,165.19366455078125
2024-09-15,553.5650634765625,561.5770874023438,552.3637084960938,553.9722900390625,1565883242.0,5626.02001953125,101.11000061035156,2581.300048828125,0.36500000953674316,165.19366455078125
2024-09-16,553.9722900390625,554.7008666992188,527.4401245117188,533.80908203125,1805132571.0,5633.08984375,100.76000213623047,2580.39990234375,0.3621000051498413,165.19366455078125
2024-09-17,533.8087158203125,552.5006103515625,529.4241333007812,546.0135498046875,1617928146.0,5634.580078125,100.88999938964844,2564.300048828125,0.36419999599456787,165.19366455078125
2024-09-18,546.0135498046875,559.0445556640625,537.5084228515625,559.0445556640625,1657679444.0,5618.259765625,100.5999984741211,2570.699951171875,0.3684999942779541,165.19366455078125
2024-09-19,559.0445556640625,571.718994140625,553.5143432617188,566.2235107421875,1859308230.0,5713.64013671875,100.61000061035156,2588.0,0.3740000009536743,165.19366455078125
2024-09-20,566.2235107421875,576.9052734375,559.6436157226562,568.5850830078125,1821452417.0,5702.5498046875,100.72000122070312,2619.89990234375,0.37279999256134033,165.19366455078125
2024-09-21,568.576416015625,590.0252685546875,566.8111572265625,589.0379638671875,1694887390.0,5702.5498046875,100.72000122070312,2619.89990234375,0.37279999256134033,165.19366455078125
2024-09-22,589.0379638671875,593.9545288085938,577.45263671875,588.0869140625,1680179600.0,5702.5498046875,100.72000122070312,2619.89990234375,0.37279999256134033,165.19366455078125
2024-09-23,588.0869140625,615.7206420898438,585.5076293945312,604.3660278320312,2189508231.0,5718.56982421875,100.91999816894531,2626.5,0.37390000820159913,165.19366455078125
2024-09-24,604.3660278320312,612.6076049804688,600.2676391601562,606.5230712890625,1904808937.0,5732.93017578125,100.37000274658203,2651.199951171875,0.3736000061035156,165.19366455078125
2024-09-25,606.5230712890625,607.762939453125,584.8588256835938,587.3525390625,1744393946.0,5722.259765625,100.91999816894531,2659.199951171875,0.37809998989105226,165.19366455078125
2024-09-26,587.3513793945312,608.8541870117188,581.2283325195312,596.7769165039062,2081857126.0,5745.3701171875,100.55999755859375,2669.89990234375,0.37909998893737795,165.19366455078125
2024-09-27,596.7769165039062,614.4735107421875,596.5009765625,607.8670043945312,2144197609.0,5738.169921875,100.41999816894531,2644.300048828125,0.3749000072479248,165.19366455078125
2024-09-28,607.8670043945312,617.3323974609375,595.207763671875,601.5671997070312,1858159482.0,5738.169921875,100.41999816894531,2644.300048828125,0.3749000072479248,165.19366455078125
2024-09-29,601.5671997070312,602.660400390625,593.0492553710938,596.4111938476562,1649655134.0,5738.169921875,100.41999816894531,2644.300048828125,0.3749000072479248,165.19366455078125
2024-09-30,596.4111938476562,596.4414672851562,564.6533203125,567.2600708007812,1978021598.0,5762.47998046875,100.77999877929688,2636.10009765625,0.3802000045776367,165.19366455078125
2024-10-01,567.2600708007812,582.4347534179688,538.4796142578125,547.9971313476562,2124076272.0,5708.75,101.19000244140625,2667.300048828125,0.3743000030517578,165.19366455078125
2024-10-02,547.9971313476562,557.9986572265625,536.1533203125,542.7123413085938,1821113448.0,5709.5400390625,101.68000030517578,2647.10009765625,0.37850000858306887,165.19366455078125
2024-10-03,542.7123413085938,550.507568359375,535.380615234375,544.4249877929688,1611934612.0,5699.93994140625,101.98999786376953,2657.10009765625,0.38499999046325684,165.19366455078125
2024-10-04,544.4249877929688,557.4121704101562,542.2801513671875,555.3842163085938,1518084330.0,5751.06982421875,102.5199966430664,2645.800048828125,0.3980999946594238,165.19366455078125
2024-10-05,555.3842163085938,564.8151245117188,552.3409423828125,563.2091674804688,1426434745.0,5751.06982421875,102.5199966430664,2645.800048828125,0.3980999946594238,165.19366455078125
2024-10-06,563.2091674804688,571.430419921875,561.5877685546875,570.542724609375,1416593714.0,5751.06982421875,102.5199966430664,2645.800048828125,0.3980999946594238,165.19366455078125
2024-10-07,570.542724609375,580.9834594726562,564.1204223632812,564.1497192382812,1703177011.0,5695.93994140625,102.54000091552734,2644.800048828125,0.40260000228881837,165.19366455078125
2024-10-08,564.1497192382812,585.9742431640625,560.2928466796875,580.4038696289062,2143563900.0,5751.1298828125,102.55000305175781,2615.0,0.40329999923706056,165.19366455078125
2024-10-09,580.4038696289062,585.0736694335938,567.143798828125,570.2771606445312,1913652029.0,5792.0400390625,102.93000030517578,2606.0,0.40669999122619627,165.19366455078125
2024-10-10,570.27685546875,572.0607299804688,551.783203125,562.7257690429688,1559089785.0,5780.0498046875,102.98999786376953,2620.60009765625,0.40960001945495605,165.19366455078125
2024-10-11,562.7257690429688,577.1348266601562,560.0671997070312,572.8572387695312,1622508791.0,5815.02978515625,102.88999938964844,2657.60009765625,0.4072999954223633,165.19366455078125
2024-10-12,572.8572387695312,578.7108154296875,572.8572387695312,576.4497680664062,1482994534.0,5815.02978515625,102.88999938964844,2657.60009765625,0.4072999954223633,165.19366455078125
2024-10-13,576.4497680664062,578.0640258789062,565.1304931640625,571.8217163085938,1472484694.0,5815.02978515625,102.88999938964844,2657.60009765625,0.4072999954223633,165.19366455078125
2024-10-14,571.8217163085938,591.4108276367188,569.9707641601562,588.9004516601562,1825783992.0,5859.85009765625,103.30000305175781,2647.800048828125,0.40980000495910646,165.19366455078125
2024-10-15,588.9004516601562,598.8892822265625,578.4895629882812,594.189208984375,2040945899.0,5815.259765625,103.26000213623047,2661.39990234375,0.40380001068115234,165.19366455078125
2024-10-16,594.189208984375,605.1041870117188,589.9337768554688,600.8178100585938,1918592073.0,5842.47021484375,103.58999633789062,2674.0,0.40159997940063474,165.19366455078125
2024-10-17,600.8178100585938,605.8289794921875,585.7150268554688,592.0396118164062,1739191571.0,5841.47021484375,103.83000183105469,2691.0,0.40960001945495605,165.19366455078125
2024-10-18,592.0396118164062,602.1707153320312,591.6998291015625,599.364990234375,1638190792.0,5864.669921875,103.48999786376953,2713.699951171875,0.4072999954223633,165.19366455078125
2024-10-19,599.364990234375,600.9993286132812,595.72705078125,597.9749145507812,1432675869.0,5864.669921875,103.48999786376953,2713.699951171875,0.4072999954223633,165.19366455078125
2024-10-20,597.9749145507812,606.3153686523438,593.7393188476562,605.517822265625,1608355248.0,5864.669921875,103.48999786376953,2713.699951171875,0.4072999954223633,165.19366455078125
2024-10-21,605.517822265625,610.9203491210938,591.6964721679688,598.8175659179688,1917193200.0,5853.97998046875,104.01000213623047,2723.10009765625,0.4182000160217285,165.19366455078125
2024-10-22,598.8175659179688,599.5232543945312,587.2017211914062,593.3606567382812,1739710555.0,5851.2001953125,104.08000183105469,2744.199951171875,0.42039999961853025,165.19366455078125
2024-10-23,593.3606567382812,593.810791015625,573.0883178710938,582.473388671875,1719055847.0,5797.419921875,104.43000030517578,2714.39990234375,0.42420001029968263,165.19366455078125
2024-10-24,584.6485595703125,597.5253295898438,583.0283813476562,594.15478515625,1595144217.0,5809.85986328125,104.05999755859375,2734.89990234375,0.4199999809265137,165.19366455078125
2024-10-25,594.15478515625,596.9539794921875,567.056884765625,574.2536010742188,1712373877.0,5808.1201171875,104.26000213623047,2740.89990234375,0.423199987411499,165.19366455078125
2024-10-26,574.2536010742188,586.1702270507812,571.3250122070312,582.8060913085938,1433826425.0,5808.1201171875,104.26000213623047,2740.89990234375,0.423199987411499,165.19366455078125
2024-10-27,582.8060913085938,590.1192626953125,581.2571411132812,588.7158203125,1402058513.0,5808.1201171875,104.26000213623047,2740.89990234375,0.423199987411499,165.19366455078125
2024-10-28,588.7158203125,603.7217407226562,585.1207885742188,600.5960693359375,1671332663.0,5823.52001953125,104.31999969482422,2742.89990234375,0.42779998779296874,165.19366455078125
2024-10-29,600.5960693359375,611.781494140625,599.9456787109375,605.6682739257812,1886358424.0,5832.919921875,104.27999877929688,2768.39990234375,0.427400016784668,165.19366455078125
2024-10-30,605.6682739257812,606.065185546875,594.447509765625,595.7278442382812,1662620787.0,5813.669921875,103.98999786376953,2788.5,0.42659997940063477,165.19366455078125
2024-10-31,595.7278442382812,596.06884765625,571.4256591796875,576.0344848632812,1810695051.0,5705.4501953125,103.9800033569336,2738.300048828125,0.42839999198913575,165.19366455078125
2024-11-01,576.0344848632812,584.7971801757812,568.1642456054688,572.7622680664062,1708220753.0,5728.7998046875,104.27999877929688,2738.60009765625,0.4361000061035156,165.19366455078125
2024-11-02,572.7622680664062,576.4204711914062,562.9451293945312,568.0368041992188,1427236241.0,5728.7998046875,104.27999877929688,2738.60009765625,0.4361000061035156,165.19366455078125
2024-11-03,568.0368041992188,569.0484619140625,547.816650390625,557.6416015625,1584005358.0,5728.7998046875,104.27999877929688,2738.60009765625,0.4361000061035156,165.19366455078125
2024-11-04,557.6416015625,564.1986083984375,543.9083251953125,552.0711059570312,1580672363.0,5712.68994140625,103.88999938964844,2736.10009765625,0.43090000152587893,165.19366455078125
2024-11-05,552.0711059570312,571.9705200195312,551.2522583007812,563.612060546875,1513727150.0,5782.759765625,103.41999816894531,2740.300048828125,0.42890000343322754,165.19366455078125
2024-11-06,563.612060546875,594.8584594726562,563.284912109375,591.9952392578125,2342544855.0,5929.0400390625,105.08999633789062,2667.60009765625,0.4426000118255615,165.19366455078125
2024-11-07,591.9952392578125,610.3167114257812,588.6566162109375,598.4359130859375,1970633102.0,5973.10009765625,104.51000213623047,2698.39990234375,0.43410000801086424,165.19366455078125
2024-11-08,598.4359130859375,605.9241333007812,589.5486450195312,597.9484252929688,1878681588.0,5995.5400390625,105.0,2687.5,0.4306000232696533,165.19366455078125
2024-11-09,597.9484252929688,637.8369750976562,597.845703125,624.3746948242188,2739276599.0,5995.5400390625,105.0,2687.5,0.4306000232696533,165.19366455078125
2024-11-10,624.3746948242188,643.664306640625,613.567138671875,628.302490234375,2965668641.0,5995.5400390625,105.0,2687.5,0.4306000232696533,165.19366455078125
2024-11-11,628.302490234375,664.1434936523438,614.0211791992188,661.88720703125,3375111971.0,6001.35009765625,105.54000091552734,2611.199951171875,0.4308000087738037,165.19366455078125
2024-11-12,661.8871459960938,666.9176025390625,613.6227416992188,627.0038452148438,3603680244.0,5983.990234375,106.0199966430664,2600.0,0.44320001602172854,165.19366455078125
2024-11-13,627.0038452148438,638.8924560546875,600.5243530273438,621.0003051757812,3294001434.0,5985.3798828125,106.4800033569336,2580.800048828125,0.4451000213623047,165.19366455078125
2024-11-14,621.0,659.531982421875,612.5340576171875,621.6801147460938,3392713356.0,5949.169921875,106.66999816894531,2568.199951171875,0.44180002212524416,165.19366455078125
2024-11-15,621.6801147460938,628.1688842773438,604.2251586914062,618.866455078125,2547491086.0,5870.6201171875,106.69000244140625,2565.699951171875,0.4427999973297119,165.19366455078125
2024-11-16,618.98779296875,633.4874877929688,617.8651733398438,622.3731689453125,2115528251.0,5870.6201171875,106.69000244140625,2565.699951171875,0.4427999973297119,165.19366455078125
2024-11-17,622.3731689453125,646.4497680664062,606.1865234375,618.4000854492188,2452647630.0,5870.6201171875,106.69000244140625,2565.699951171875,0.4427999973297119,165.19366455078125
2024-11-18,618.4000854492188,629.09716796875,613.0554809570312,619.4354858398438,2284855769.0,5893.6201171875,106.27999877929688,2610.60009765625,0.44140000343322755,165.19366455078125
2024-11-19,619.4354858398438,621.5847778320312,606.5615844726562,615.9874267578125,2075194269.0,5916.97998046875,106.20999908447266,2627.10009765625,0.4379000186920166,165.19366455078125
2024-11-20,615.9874267578125,620.4660034179688,600.7662353515625,606.1174926757812,2115915285.0,5917.10986328125,106.68000030517578,2648.199951171875,0.44060001373291013,165.19366455078125
2024-11-21,606.1171264648438,629.3636474609375,594.548095703125,622.8263549804688,2698689844.0,5948.7099609375,106.97000122070312,2672.10009765625,0.44320001602172854,165.19366455078125
2024-11-22,622.8263549804688,639.73193359375,617.4517822265625,633.513427734375,2447537777.0,5969.33984375,107.48999786376953,2709.89990234375,0.44099998474121094,165.19366455078125
2024-11-23,633.5134887695312,679.4188842773438,632.2477416992188,651.197265625,3306614137.0,5969.33984375,107.48999786376953,2709.89990234375,0.44099998474121094,165.19366455078125
2024-11-24,651.197265625,687.3417358398438,638.9230346679688,660.3175659179688,3110188599.0,5969.33984375,107.48999786376953,2709.89990234375,0.44099998474121094,165.19366455078125
2024-11-25,660.3167114257812,675.9611206054688,627.268798828125,636.6397094726562,2787672069.0,5987.3701171875,106.81999969482422,2616.800048828125,0.4264999866485596,165.19366455078125
2024-11-26,636.6397094726562,645.29296875,600.9912719726562,613.5872802734375,2637257322.0,6021.6298828125,107.01000213623047,2620.300048828125,0.43020000457763674,165.19366455078125
2024-11-27,613.5872802734375,646.851806640625,608.6214599609375,644.948486328125,2393610865.0,5998.740234375,106.08000183105469,2639.89990234375,0.42420001029968263,165.19366455078125
2024-11-28,644.948486328125,663.02197265625,641.6170654296875,654.3616333007812,2597378212.0,5998.740234375,106.08000183105469,2639.89990234375,0.42420001029968263,165.19366455078125
2024-11-29,654.3617553710938,663.32470703125,649.1632080078125,654.8097534179688,2098059690.0,6032.3798828125,105.73999786376953,2657.0,0.4177999973297119,165.19366455078125
2024-11-30,654.8097534179688,676.9244384765625,648.8923950195312,654.3291625976562,2273610461.0,6032.3798828125,105.73999786376953,2657.0,0.4177999973297119,165.19366455078125
2024-12-01,654.3291625976562,664.2872924804688,646.5952758789062,655.9324951171875,2055110342.0,6032.3798828125,105.73999786376953,2657.0,0.4177999973297119,165.19366455078125
2024-12-02,655.9324951171875,667.4237060546875,629.906005859375,647.594482421875,2641248821.0,6047.14990234375,106.44999694824219,2634.89990234375,0.4196000099182129,165.19366455078125
2024-12-03,647.6990966796875,744.779296875,625.9749755859375,737.6965942382812,4177512806.0,6049.8798828125,106.37000274658203,2644.699951171875,0.42230000495910647,165.19366455078125
2024-12-04,737.6965942382812,793.3505249023438,723.5433349609375,739.2527465820312,5614818578.0,6086.490234375,106.33999633789062,2653.800048828125,0.4179999828338623,165.19366455078125
2024-12-05,739.253662109375,739.947509765625,695.9388427734375,714.3219604492188,3771629643.0,6075.10986328125,105.70999908447266,2626.60009765625,0.4179999828338623,165.19366455078125
2024-12-06,717.95849609375,746.1255493164062,708.4383544921875,732.0062866210938,2870854029.0,6090.27001953125,105.97000122070312,2638.60009765625,0.4151000022888184,165.19366455078125
2024-12-07,732.0062866210938,761.0914306640625,730.8739624023438,750.2726440429688,2326982728.0,6090.27001953125,105.97000122070312,2638.60009765625,0.4151000022888184,165.19366455078125
2024-12-08,751.73193359375,757.5942993164062,729.051513671875,743.295654296875,2035017685.0,6090.27001953125,105.97000122070312,2638.60009765625,0.4151000022888184,165.19366455078125
2024-12-09,743.295654296875,743.295654296875,662.2440795898438,689.9243774414062,3267965774.0,6052.85009765625,106.1500015258789,2664.89990234375,0.41989998817443847,165.19366455078125
2024-12-10,689.9243774414062,704.5599975585938,650.5972900390625,676.98291015625,3102408468.0,6034.91015625,106.4000015258789,2697.60009765625,0.42210001945495607,165.19366455078125
2024-12-11,676.98291015625,712.8771362304688,660.154052734375,711.8114013671875,2276828057.0,6084.18994140625,106.70999908447266,2733.800048828125,0.42709999084472655,165.19366455078125
2024-12-12,711.8114013671875,725.2216796875,700.1067504882812,705.9442138671875,2393129125.0,6051.25,106.95999908447266,2687.5,0.4323999881744385,165.19366455078125
2024-12-13,705.9443359375,729.6268920898438,698.5020751953125,726.2548217773438,2449855057.0,6051.08984375,107.0,2656.0,0.43990001678466795,165.19366455078125
2024-12-14,726.2548217773438,731.6613159179688,705.5390014648438,715.6956787109375,1957844883.0,6051.08984375,107.0,2656.0,0.43990001678466795,165.19366455078125
2024-12-15,715.6956787109375,723.0733032226562,703.1802978515625,719.13427734375,1831103596.0,6051.08984375,107.0,2656.0,0.43990001678466795,165.19366455078125
2024-12-16,719.13427734375,730.0011596679688,704.34130859375,720.3263549804688,2276490785.0,6074.080078125,106.86000061035156,2651.39990234375,0.43969998359680174,165.19366455078125
2024-12-17,720.3263549804688,735.7572021484375,713.72900390625,716.6824951171875,2363860623.0,6050.60986328125,106.95999908447266,2644.39990234375,0.43850002288818357,165.19366455078125
2024-12-18,716.7249145507812,721.7589111328125,686.6619262695312,687.623779296875,2702479586.0,5872.16015625,108.02999877929688,2636.5,0.449399995803833,165.19366455078125
2024-12-19,687.6243896484375,704.4877319335938,651.0365600585938,666.5693359375,2806454484.0,5867.080078125,108.41000366210938,2592.199951171875,0.4570000171661377,165.19366455078125
2024-12-20,666.5693359375,679.4436645507812,619.5003662109375,678.0866088867188,3064285256.0,5930.85009765625,107.62000274658203,2628.699951171875,0.45240001678466796,165.19366455078125
2024-12-21,678.0866088867188,692.6364135742188,652.6074829101562,663.2794799804688,2185739949.0,5930.85009765625,107.62000274658203,2628.699951171875,0.45240001678466796,165.19366455078125
2024-12-22,663.2660522460938,668.8275146484375,639.608642578125,648.7047119140625,1091595586.0,5930.85009765625,107.62000274658203,2628.699951171875,0.45240001678466796,165.19366455078125
2024-12-23,648.7047119140625,697.39990234375,637.9652709960938,693.000732421875,1738271695.0,5974.06982421875,108.04000091552734,2612.300048828125,0.4598999977111816,165.19366455078125
2024-12-24,693.000732421875,698.4424438476562,681.998046875,696.7411499023438,1145844254.0,6040.0400390625,108.26000213623047,2620.0,0.45910000801086426,165.19366455078125
2024-12-25,696.7411499023438,711.9866333007812,695.9627075195312,702.3269653320312,893387310.0,6040.0400390625,108.26000213623047,2620.0,0.45910000801086426,165.19366455078125
2024-12-26,702.3269653320312,718.1624145507812,683.262451171875,688.360107421875,1253518341.0,6037.58984375,108.12999725341797,2638.800048828125,0.4578999996185303,165.19366455078125
2024-12-27,688.3508911132812,709.6464233398438,685.1991577148438,690.4293823242188,1884726979.0,5970.83984375,108.0,2617.199951171875,0.461899995803833,165.19366455078125
2024-12-28,690.4293823242188,729.3158569335938,690.4293823242188,720.9590454101562,1890880986.0,5970.83984375,108.0,2617.199951171875,0.461899995803833,165.19366455078125
2024-12-29,720.9590454101562,722.7669677734375,689.4752197265625,693.7545166015625,1647228348.0,5970.83984375,108.0,2617.199951171875,0.461899995803833,165.19366455078125
2024-12-30,693.7542724609375,711.03564453125,686.9070434570312,704.1463012695312,1790325219.0,5906.93994140625,108.12999725341797,2606.10009765625,0.4545000076293945,165.19366455078125
2024-12-31,704.1463012695312,713.5983276367188,698.0257568359375,700.9868774414062,2372886701.0,5881.6298828125,108.48999786376953,2629.199951171875,0.45729999542236327,165.19366455078125
2025-01-01,700.9868774414062,709.198974609375,699.7586059570312,706.512939453125,1420234997.0,5881.6298828125,108.48999786376953,2629.199951171875,0.45729999542236327,165.19366455078125
2025-01-02,706.512451171875,714.4386596679688,697.7047119140625,705.6785888671875,1880664942.0,5868.5498046875,109.38999938964844,2658.89990234375,0.45749998092651367,165.19366455078125
2025-01-03,705.6785888671875,715.0968627929688,697.5460815429688,713.6435546875,1822243906.0,5942.47021484375,108.94999694824219,2645.0,0.45960001945495604,165.19366455078125
2025-01-04,713.6435546875,721.15625,708.851318359375,713.8411865234375,1524500208.0,5942.47021484375,108.94999694824219,2645.0,0.45960001945495604,165.19366455078125
2025-01-05,713.8411865234375,713.8411865234375,703.0022583007812,709.25830078125,1411808759.0,5942.47021484375,108.94999694824219,2645.0,0.45960001945495604,165.19366455078125
2025-01-06,709.25830078125,745.153564453125,706.1865844726562,729.4000854492188,2056633884.0,5975.3798828125,108.26000213623047,2638.39990234375,0.46180000305175783,165.19366455078125
2025-01-07,729.3932495117188,733.0914306640625,691.5519409179688,697.368896484375,2200352831.0,5909.02978515625,108.54000091552734,2656.699951171875,0.46830000877380373,165.19366455078125
2025-01-08,697.368896484375,706.7611083984375,677.1226196289062,695.837158203125,2189465209.0,5918.25,109.08999633789062,2664.5,0.4692999839782715,165.19366455078125
2025-01-09,695.837158203125,700.9730224609375,675.7342529296875,685.1207275390625,1931492677.0,5918.25,109.18000030517578,2683.800048828125,0.4692999839782715,165.19366455078125
2025-01-10,685.120361328125,700.4706420898438,683.6865844726562,693.6244506835938,1680784122.0,5827.0400390625,109.6500015258789,2708.5,0.4776000022888184,165.19366455078125
2025-01-11,693.6244506835938,700.7665405273438,690.4573364257812,696.6578369140625,1290072226.0,5827.0400390625,109.6500015258789,2708.5,0.4776000022888184,165.19366455078125
2025-01-12,696.6578369140625,697.9985961914062,689.8890991210938,693.0482788085938,1291862069.0,5827.0400390625,109.6500015258789,2708.5,0.4776000022888184,165.19366455078125
2025-01-13,693.048095703125,699.4813842773438,659.7593994140625,688.2675170898438,2127442444.0,5836.22021484375,109.95999908447266,2673.5,0.4802999973297119,165.19366455078125
2025-01-14,688.2675170898438,699.8079223632812,686.4327392578125,698.6196899414062,1566844744.0,5842.91015625,109.2699966430664,2677.5,0.47880001068115235,165.19366455078125
2025-01-15,698.6196899414062,714.6610107421875,688.7565307617188,714.0284423828125,1856118408.0,5949.91015625,109.08999633789062,2712.5,0.46529998779296877,165.19366455078125
2025-01-16,714.0716552734375,717.0333251953125,701.2029418945312,708.2980346679688,1899114340.0,5937.33984375,108.95999908447266,2746.39990234375,0.4605999946594238,165.19366455078125
2025-01-17,708.2980346679688,729.853515625,708.1862182617188,721.75048828125,1946000436.0,5996.66015625,109.3499984741211,2744.300048828125,0.46090002059936525,165.19366455078125
2025-01-18,721.75048828125,723.0932006835938,695.2164306640625,709.4249877929688,2200623289.0,5996.66015625,109.3499984741211,2744.300048828125,0.46090002059936525,165.19366455078125
2025-01-19,709.4248046875,713.4689331054688,676.8472900390625,682.2039794921875,2841079952.0,5996.66015625,109.3499984741211,2744.300048828125,0.46090002059936525,165.19366455078125
2025-01-20,682.2048950195312,707.5763549804688,672.1893920898438,681.8033447265625,2865652878.0,5996.66015625,109.3499984741211,2744.300048828125,0.46090002059936525,165.19366455078125
2025-01-21,681.8033447265625,696.9175415039062,675.4456787109375,691.8165893554688,2008007873.0,6049.240234375,108.05999755859375,2755.0,0.4573999881744385,165.19366455078125
2025-01-22,691.8165893554688,703.270263671875,690.2745361328125,694.9832153320312,1762077789.0,6086.3701171875,108.16999816894531,2767.60009765625,0.4598999977111816,165.19366455078125
2025-01-23,694.96484375,697.00146484375,681.0576782226562,690.2037353515625,2277458782.0,6118.7099609375,108.05000305175781,2763.10009765625,0.46380000114440917,165.19366455078125
2025-01-24,690.2037353515625,690.8380126953125,679.0867309570312,680.2131958007812,1730218663.0,6101.240234375,107.44000244140625,2777.300048828125,0.4625999927520752,165.19366455078125
2025-01-25,680.2141723632812,689.459716796875,678.1116333007812,686.2684936523438,1457363671.0,6101.240234375,107.44000244140625,2777.300048828125,0.4625999927520752,165.19366455078125
2025-01-26,686.2691650390625,690.3150024414062,665.041015625,666.7637939453125,1529267261.0,6101.240234375,107.44000244140625,2777.300048828125,0.4625999927520752,165.19366455078125
2025-01-27,666.7637939453125,679.913330078125,639.9559936523438,679.7933349609375,2295184879.0,6012.27978515625,107.33999633789062,2737.5,0.45279998779296876,165.19366455078125
2025-01-28,679.7933349609375,682.856689453125,659.5821533203125,661.424560546875,1659082131.0,6067.7001953125,107.87000274658203,2766.800048828125,0.45510001182556153,165.19366455078125
2025-01-29,661.426025390625,678.9920654296875,660.2319946289062,667.6857299804688,1716776649.0,6039.31005859375,108.0,2769.10009765625,0.4554999828338623,165.19366455078125
2025-01-30,667.7298583984375,682.32470703125,666.649169921875,677.5535888671875,1506319921.0,6071.169921875,107.80000305175781,2823.0,0.451200008392334,165.19366455078125
2025-01-31,677.5572509765625,689.2151489257812,673.79345703125,677.3753662109375,1589542506.0,6040.52978515625,108.37000274658203,2812.5,0.45689997673034666,165.19366455078125
2025-02-01,677.3399047851562,681.2196044921875,651.126220703125,653.4329223632812,1544346912.0,6040.52978515625,108.37000274658203,2812.5,0.45689997673034666,165.19366455078125
2025-02-02,653.4325561523438,662.6337280273438,602.7611694335938,617.6006469726562,2282982721.0,6040.52978515625,108.37000274658203,2812.5,0.45689997673034666,165.19366455078125
2025-02-03,617.6006469726562,619.1079711914062,519.1922607421875,617.1207885742188,3960962742.0,5994.56982421875,108.98999786376953,2833.89990234375,0.4543000221252441,165.19366455078125
2025-02-04,617.1207885742188,619.3443603515625,559.2634887695312,573.3278198242188,2336864401.0,6037.8798828125,107.95999908447266,2853.300048828125,0.45130000114440916,165.19366455078125
2025-02-05,573.3278198242188,578.96240234375,562.0692749023438,569.7468872070312,1494467850.0,6061.47998046875,107.58000183105469,2871.60009765625,0.4421999931335449,165.19366455078125
2025-02-06,569.7468872070312,589.00634765625,569.597412109375,572.2740478515625,1722558011.0,6083.56982421875,107.69000244140625,2856.0,0.4440000057220459,165.19366455078125
2025-02-07,572.2747192382812,589.6243286132812,571.2775268554688,578.0668334960938,1583843573.0,6025.990234375,108.04000091552734,2867.300048828125,0.4486999988555908,165.19366455078125
2025-02-08,578.0668334960938,633.0552368164062,574.0418701171875,613.32421875,2087349099.0,6025.990234375,108.04000091552734,2867.300048828125,0.4486999988555908,165.19366455078125
2025-02-09,613.32421875,647.7876586914062,603.4038696289062,616.64208984375,2630256614.0,6025.990234375,108.04000091552734,2867.300048828125,0.4486999988555908,165.19366455078125
2025-02-10,616.64208984375,621.4203491210938,597.0648193359375,618.3145141601562,1860480297.0,6066.43994140625,108.31999969482422,2914.300048828125,0.4493000030517578,165.19366455078125
2025-02-11,618.3145141601562,646.0993041992188,615.691650390625,642.5872802734375,2162944541.0,6068.5,107.95999908447266,2912.5,0.45370001792907716,165.19366455078125
2025-02-12,642.5872802734375,704.7020263671875,627.5713500976562,698.037353515625,3007130370.0,6051.97021484375,107.94000244140625,2909.0,0.463700008392334,165.19366455078125
2025-02-13,698.037353515625,730.834716796875,660.646728515625,668.2775268554688,5139846836.0,6115.06982421875,107.30999755859375,2925.89990234375,0.4525000095367432,165.19366455078125
2025-02-14,668.2775268554688,683.9999389648438,652.4675903320312,658.0436401367188,2581045409.0,6114.6298828125,106.56999969482422,2883.60009765625,0.44720001220703126,165.19366455078125
2025-02-15,658.0436401367188,670.7623291015625,654.4702758789062,662.3276977539062,1794465917.0,6114.6298828125,106.56999969482422,2883.60009765625,0.44720001220703126,165.19366455078125
2025-02-16,662.3275756835938,685.0858764648438,654.3810424804688,674.100830078125,2009553142.0,6114.6298828125,106.56999969482422,2883.60009765625,0.44720001220703126,165.19366455078125
2025-02-17,674.100830078125,681.6255493164062,659.2930908203125,667.2290649414062,1942930816.0,6114.6298828125,106.56999969482422,2883.60009765625,0.44720001220703126,165.19366455078125
2025-02-18,667.2362060546875,667.759521484375,630.6552734375,647.443359375,1985512627.0,6129.580078125,107.05000305175781,2931.60009765625,0.45440001487731935,165.19366455078125
2025-02-19,647.443603515625,659.9885864257812,638.140869140625,653.5147094726562,1916599180.0,6144.14990234375,107.16999816894531,2919.39990234375,0.45349998474121095,165.19366455078125
2025-02-20,653.5147094726562,658.9291381835938,646.6703491210938,657.2009887695312,1709065792.0,6117.52001953125,106.33999633789062,2940.0,0.45,165.19366455078125
2025-02-21,657.2009887695312,668.0032958984375,635.3399047851562,646.8995361328125,1926193637.0,6013.1298828125,106.61000061035156,2937.60009765625,0.4420000076293945,165.19366455078125
2025-02-22,646.8995361328125,679.123291015625,645.6533813476562,668.5747680664062,1899367077.0,6013.1298828125,106.61000061035156,2937.60009765625,0.4420000076293945,165.19366455078125
2025-02-23,668.574462890625,671.0719604492188,648.9799194335938,657.9036865234375,1502735946.0,6013.1298828125,106.61000061035156,2937.60009765625,0.4420000076293945,165.19366455078125
2025-02-24,657.9036865234375,659.1483154296875,612.8212280273438,613.9630126953125,1901201673.0,5983.25,106.5999984741211,2947.89990234375,0.439300012588501,165.19366455078125
2025-02-25,613.9630126953125,627.2440185546875,589.2698364257812,622.9407958984375,2591258749.0,5955.25,106.30999755859375,2904.5,0.42979998588562013,165.19366455078125
2025-02-26,622.9407958984375,630.8197631835938,595.2650146484375,610.6930541992188,1996066325.0,5956.06005859375,106.41999816894531,2916.800048828125,0.4249000072479248,165.19366455078125
2025-02-27,610.6930541992188,618.6282348632812,595.80029296875,605.1236572265625,1866447677.0,5861.56982421875,107.23999786376953,2883.199951171875,0.4284999847412109,165.19366455078125
2025-02-28,605.1236572265625,605.4012451171875,559.970458984375,587.4515991210938,2166029990.0,5954.5,107.61000061035156,2836.800048828125,0.42309999465942383,165.19366455078125
2025-03-01,587.44580078125,608.8959350585938,586.5928344726562,607.5115356445312,1694454521.0,5954.5,107.61000061035156,2836.800048828125,0.42309999465942383,165.19366455078125
2025-03-02,607.5109252929688,634.5426635742188,602.6329956054688,622.9360961914062,2130538305.0,5954.5,107.61000061035156,2836.800048828125,0.42309999465942383,165.19366455078125
2025-03-03,622.9360961914062,623.299560546875,568.5407104492188,575.1699829101562,2161303026.0,5849.72021484375,106.75,2890.199951171875,0.4179999828338623,165.19366455078125
2025-03-04,575.1699829101562,587.8701782226562,551.6925048828125,583.5868530273438,1969539538.0,5778.14990234375,105.73999786376953,2909.60009765625,0.42100000381469727,165.19366455078125
2025-03-05,583.5859985351562,604.5371704101562,581.321533203125,597.975830078125,1534770591.0,5842.6298828125,105.73999786376953,2915.300048828125,0.4264999866485596,165.19366455078125
2025-03-06,597.975830078125,612.0313110351562,589.891357421875,596.7237548828125,1621101888.0,5738.52001953125,104.05999755859375,2916.60009765625,0.42859997749328616,165.19366455078125
2025-03-07,596.7236938476562,609.43115234375,579.3677978515625,593.96337890625,1866542048.0,5770.2001953125,103.83999633789062,2904.699951171875,0.4316999912261963,165.19366455078125
2025-03-08,593.9637451171875,601.6478881835938,591.710205078125,593.0808715820312,1147671365.0,5770.2001953125,103.83999633789062,2904.699951171875,0.4316999912261963,165.19366455078125
2025-03-09,593.0823974609375,593.0997314453125,551.1481323242188,554.5804443359375,1540503120.0,5770.2001953125,103.83999633789062,2904.699951171875,0.4316999912261963,165.19366455078125
2025-03-10,554.5804443359375,572.0503540039062,524.99609375,532.1218872070312,1896805158.0,5614.56005859375,103.91000366210938,2891.0,0.42129998207092284,165.19366455078125
2025-03-11,532.106201171875,565.158203125,509.835693359375,551.4745483398438,2438043846.0,5572.06982421875,103.44000244140625,2912.89990234375,0.42880001068115237,165.19366455078125
2025-03-12,551.4745483398438,574.4215698242188,545.266845703125,569.8948364257812,1792696031.0,5599.2998046875,103.61000061035156,2939.10009765625,0.43179998397827146,165.19366455078125
2025-03-13,569.8948364257812,603.405029296875,568.1260375976562,579.2188110351562,2402408414.0,5521.52001953125,103.83000183105469,2984.300048828125,0.427400016784668,165.19366455078125
2025-03-14,579.2188110351562,589.1632080078125,577.2465209960938,587.1362915039062,1535548122.0,5638.93994140625,103.72000122070312,2994.5,0.4308000087738037,165.19366455078125
2025-03-15,587.1140747070312,619.49951171875,587.083984375,619.486083984375,1403335470.0,5638.93994140625,103.72000122070312,2994.5,0.4308000087738037,165.19366455078125
2025-03-16,619.4927368164062,621.3615112304688,593.9570922851562,602.2166137695312,1437680152.0,5638.93994140625,103.72000122070312,2994.5,0.4308000087738037,165.19366455078125
2025-03-17,602.2096557617188,643.0403442382812,602.2096557617188,631.3626098632812,2488514984.0,5675.1201171875,103.37000274658203,3000.0,0.4306000232696533,165.19366455078125
2025-03-18,631.3464965820312,642.8888549804688,622.400146484375,628.1344604492188,2175151767.0,5614.66015625,103.23999786376953,3035.10009765625,0.4281000137329102,165.19366455078125
2025-03-19,628.1344604492188,628.1376342773438,605.617919921875,619.2575073242188,2006233746.0,5675.2900390625,103.43000030517578,3035.89990234375,0.425600004196167,165.19366455078125
2025-03-20,619.2509765625,637.2163696289062,616.9637451171875,629.9424438476562,2327219768.0,5662.89013671875,103.8499984741211,3040.0,0.42329998016357423,165.19366455078125
2025-03-21,629.9424438476562,637.1900634765625,625.8570556640625,634.6077880859375,1472201311.0,5667.56005859375,104.08999633789062,3018.199951171875,0.4251999855041504,165.19366455078125
2025-03-22,634.5969848632812,635.7655029296875,624.1967163085938,626.5744018554688,1182741851.0,5667.56005859375,104.08999633789062,3018.199951171875,0.4251999855041504,165.19366455078125
2025-03-23,626.5744018554688,628.9656372070312,619.8584594726562,623.3494873046875,1222239081.0,5667.56005859375,104.08999633789062,3018.199951171875,0.4251999855041504,165.19366455078125
2025-03-24,623.3494873046875,639.0225830078125,619.0501708984375,636.64453125,1788439257.0,5767.56982421875,104.26000213623047,3013.10009765625,0.43309998512268066,165.19366455078125
2025-03-25,636.6449584960938,644.874267578125,627.444091796875,629.94287109375,2238118522.0,5776.64990234375,104.18000030517578,3023.699951171875,0.4307000160217285,165.19366455078125
2025-03-26,629.9423828125,634.0476684570312,615.8455200195312,617.8167724609375,1600178624.0,5712.2001953125,104.55000305175781,3020.89990234375,0.43379998207092285,165.19366455078125
2025-03-27,617.8167724609375,641.4896240234375,617.6777954101562,637.2069702148438,2441273622.0,5693.31005859375,104.06999969482422,3060.199951171875,0.436899995803833,165.19366455078125
2025-03-28,637.2064208984375,637.2418823242188,615.9251098632812,619.4749145507812,1608298526.0,5580.93994140625,104.04000091552734,3086.5,0.4255000114440918,165.19366455078125
2025-03-29,619.474609375,623.21240234375,598.2188110351562,603.2378540039062,1367332800.0,5580.93994140625,104.04000091552734,3086.5,0.4255000114440918,165.19366455078125
2025-03-30,603.1913452148438,612.7893676757812,594.21435546875,601.8302001953125,1204098085.0,5580.93994140625,104.04000091552734,3086.5,0.4255000114440918,165.19366455078125
2025-03-31,601.8302001953125,608.5010986328125,588.086181640625,605.0728149414062,1538796118.0,5611.85009765625,104.20999908447266,3122.800048828125,0.4245999813079834,165.19366455078125
2025-04-01,605.0728149414062,618.123779296875,604.7547607421875,611.297119140625,2091803391.0,5633.06982421875,104.26000213623047,3118.89990234375,0.41560001373291017,165.19366455078125
2025-04-02,611.297119140625,611.5181884765625,585.1218872070312,590.6375732421875,1835749587.0,5670.97021484375,103.80999755859375,3139.89990234375,0.4196000099182129,165.19366455078125
2025-04-03,590.6375732421875,609.3446655273438,579.444091796875,592.1244506835938,2067033502.0,5396.52001953125,102.06999969482422,3097.0,0.4054999828338623,165.19366455078125
2025-04-04,592.1237182617188,599.4798583984375,585.3539428710938,597.5794067382812,1520730677.0,5074.080078125,103.0199966430664,3012.0,0.39849998950958254,165.19366455078125
2025-04-05,597.5792846679688,598.5463256835938,589.9329833984375,593.1148681640625,1008300251.0,5074.080078125,103.0199966430664,3012.0,0.39849998950958254,165.19366455078125
2025-04-06,593.1387939453125,593.4614868164062,545.3226928710938,554.5949096679688,1679604717.0,5074.080078125,103.0199966430664,3012.0,0.39849998950958254,165.19366455078125
2025-04-07,554.5949096679688,564.7924194335938,522.7157592773438,554.4833984375,2852045942.0,5062.25,103.26000213623047,2951.300048828125,0.41550002098083494,165.19366455078125
2025-04-08,554.4859008789062,564.938232421875,548.1412353515625,553.4674072265625,1676208165.0,4982.77001953125,102.95999908447266,2968.39990234375,0.42620000839233396,165.19366455078125
2025-04-09,553.4674072265625,585.6036987304688,534.8805541992188,582.3693237304688,1963610005.0,5456.89990234375,102.9000015258789,3056.5,0.4400000095367432,165.19366455078125
2025-04-10,582.378173828125,582.3907470703125,567.2200927734375,577.4059448242188,1731740429.0,5268.0498046875,100.87000274658203,3155.199951171875,0.43940000534057616,165.19366455078125
2025-04-11,577.4059448242188,589.8585205078125,575.7572631835938,586.0889892578125,1369541748.0,5363.35986328125,99.77999877929688,3222.199951171875,0.4493000030517578,165.19366455078125
2025-04-12,586.0889892578125,600.055908203125,583.9794921875,597.123046875,1331878416.0,5363.35986328125,99.77999877929688,3222.199951171875,0.4493000030517578,165.19366455078125
2025-04-13,597.1232299804688,597.5099487304688,580.824462890625,584.04248046875,1318461096.0,5363.35986328125,99.77999877929688,3222.199951171875,0.4493000030517578,165.19366455078125
2025-04-14,584.04248046875,592.5643920898438,583.3970336914062,584.335205078125,1359554984.0,5405.97021484375,99.63999938964844,3204.800048828125,0.4363999843597412,165.19366455078125
2025-04-15,584.3346557617188,590.5156860351562,579.6400756835938,579.68603515625,1329270099.0,5396.6298828125,100.22000122070312,3218.699951171875,0.4322999954223633,165.19366455078125
2025-04-16,579.6860961914062,585.4108276367188,576.459228515625,582.8062133789062,1435912484.0,5275.7001953125,99.37999725341797,3326.60009765625,0.42789998054504397,165.19366455078125
2025-04-17,582.8062133789062,592.8593139648438,581.203857421875,590.1621704101562,1401643770.0,5282.7001953125,99.37999725341797,3308.699951171875,0.4333000183105469,165.19366455078125
2025-04-18,590.1621704101562,595.766357421875,587.26611328125,591.7638549804688,1418376835.0,5282.7001953125,99.37999725341797,3308.699951171875,0.4333000183105469,165.19366455078125
2025-04-19,591.7638549804688,594.1421508789062,587.9763793945312,591.7767944335938,1227124904.0,5282.7001953125,99.37999725341797,3308.699951171875,0.4333000183105469,165.19366455078125
2025-04-20,591.7767944335938,595.1541137695312,587.765380859375,592.972412109375,1307477245.0,5282.7001953125,99.37999725341797,3308.699951171875,0.4333000183105469,165.19366455078125
2025-04-21,592.972412109375,607.8202514648438,592.6761474609375,597.4141845703125,1430343137.0,5158.2001953125,98.27999877929688,3406.199951171875,0.44050002098083496,165.19366455078125
2025-04-22,597.4171752929688,618.9900512695312,595.8809814453125,618.8269653320312,1734142941.0,5287.759765625,98.91999816894531,3400.800048828125,0.4388999938964844,165.19366455078125
2025-04-23,618.8269653320312,619.8624877929688,601.9541625976562,605.8150024414062,1834047719.0,5375.85986328125,99.83999633789062,3276.300048828125,0.438700008392334,165.19366455078125
2025-04-24,605.8150024414062,606.7443237304688,594.3950805664062,601.7158203125,1573943361.0,5484.77001953125,99.29000091552734,3332.0,0.4304999828338623,165.19366455078125
2025-04-25,601.7152709960938,610.1796264648438,597.7703247070312,600.1810302734375,1735398071.0,5525.2099609375,99.47000122070312,3282.39990234375,0.42659997940063477,165.19366455078125
2025-04-26,600.19189453125,609.1361083984375,600.0881958007812,607.7041015625,1507509250.0,5525.2099609375,99.47000122070312,3282.39990234375,0.42659997940063477,165.19366455078125
2025-04-27,607.7041015625,608.5829467773438,597.9349975585938,603.6184692382812,1452152303.0,5525.2099609375,99.47000122070312,3282.39990234375,0.42659997940063477,165.19366455078125
2025-04-28,603.6246337890625,608.1511840820312,598.9937133789062,606.364990234375,1478956158.0,5528.75,99.01000213623047,3332.5,0.4216000080108643,165.19366455078125
2025-04-29,606.364990234375,610.6404418945312,598.6602783203125,601.0289916992188,1587553456.0,5560.830078125,99.23999786376953,3318.800048828125,0.4172999858856201,165.19366455078125
2025-04-30,601.0189819335938,604.4778442382812,592.4177856445312,599.6817016601562,1504095222.0,5569.06005859375,99.47000122070312,3305.0,0.41770000457763673,165.19366455078125
2025-05-01,599.6871948242188,605.1372680664062,598.4885864257812,599.918212890625,1406049035.0,5604.14013671875,100.25,3210.0,0.42309999465942383,165.19366455078125
2025-05-02,599.9290161132812,603.5050659179688,595.8296508789062,601.1641845703125,1444818831.0,5686.669921875,100.0,3231.89990234375,0.4322000026702881,165.19366455078125
2025-05-03,601.1643676757812,601.29443359375,595.5932006835938,599.3313598632812,1221915136.0,5686.669921875,100.0,3231.89990234375,0.4322000026702881,165.19366455078125
2025-05-04,599.3313598632812,600.4434814453125,585.30810546875,585.9950561523438,1306600030.0,5686.669921875,100.0,3231.89990234375,0.4322000026702881,165.19366455078125
2025-05-05,585.9950561523438,599.8522338867188,584.6096801757812,597.6897583007812,1465943685.0,5650.3798828125,99.83000183105469,3311.300048828125,0.43429999351501464,165.19366455078125
2025-05-06,597.6897583007812,602.9686279296875,593.5989990234375,602.473876953125,1594251780.0,5606.91015625,99.23999786376953,3411.39990234375,0.4308000087738037,165.19366455078125
2025-05-07,602.473876953125,608.98583984375,598.2972412109375,603.2796630859375,1537003234.0,5631.27978515625,99.61000061035156,3381.39990234375,0.42750000953674316,165.19366455078125
2025-05-08,603.2794189453125,628.6717529296875,601.0078735351562,628.6634521484375,2061341461.0,5663.93994140625,100.63999938964844,3296.60009765625,0.4373000144958496,165.19366455078125
2025-05-09,628.6528930664062,667.8003540039062,623.8834838867188,666.8784790039062,2418287835.0,5659.91015625,100.33999633789062,3335.39990234375,0.4375,165.19366455078125
2025-05-10,666.8892822265625,677.3533935546875,649.3594970703125,663.6172485351562,2282413256.0,5659.91015625,100.33999633789062,3335.39990234375,0.4375,165.19366455078125
2025-05-11,663.6165161132812,667.635498046875,648.8480834960938,650.6254272460938,1906600802.0,5659.91015625,100.33999633789062,3335.39990234375,0.4375,165.19366455078125
2025-05-12,650.6254272460938,690.3782348632812,648.9622802734375,660.4843139648438,2609669556.0,5844.18994140625,101.79000091552734,3220.0,0.44569997787475585,165.19366455078125
2025-05-13,660.4843139648438,670.8955078125,641.682861328125,665.570556640625,2108811440.0,5886.5498046875,101.0,3240.300048828125,0.4499000072479248,165.19366455078125
2025-05-14,665.6119995117188,665.6529541015625,648.1204833984375,652.571044921875,1876674692.0,5892.580078125,101.04000091552734,3181.39990234375,0.45279998779296876,165.19366455078125
2025-05-15,652.5711669921875,660.2804565429688,643.4594116210938,651.2642211914062,1888457576.0,5916.93017578125,100.87999725341797,3220.699951171875,0.44549999237060545,165.19366455078125
2025-05-16,651.2623291015625,659.6885986328125,644.3860473632812,646.3213500976562,1634445685.0,5958.3798828125,101.08999633789062,3182.0,0.44409999847412107,165.19366455078125
2025-05-17,646.3213500976562,646.7220458984375,635.48486328125,639.618896484375,1449713512.0,5958.3798828125,101.08999633789062,3182.0,0.44409999847412107,165.19366455078125
2025-05-18,639.618896484375,654.7149658203125,635.4116821289062,652.164306640625,1592388678.0,5958.3798828125,101.08999633789062,3182.0,0.44409999847412107,165.19366455078125
2025-05-19,652.1163940429688,652.9885864257812,634.1826782226562,649.8529052734375,1595233688.0,5963.60009765625,100.43000030517578,3228.89990234375,0.44749999046325684,165.19366455078125
2025-05-20,649.8463745117188,653.402099609375,641.1644287109375,650.330810546875,1512635652.0,5940.4599609375,100.12000274658203,3280.300048828125,0.44809999465942385,165.19366455078125
2025-05-21,650.330810546875,677.0289916992188,649.134521484375,673.1486206054688,2377493291.0,5844.60986328125,99.55999755859375,3309.300048828125,0.45960001945495604,165.19366455078125
2025-05-22,673.1505126953125,688.0584106445312,673.1314086914062,686.2356567382812,2248278627.0,5842.009765625,99.95999908447266,3292.300048828125,0.45529999732971194,165.19366455078125
2025-05-23,686.2514038085938,690.9200439453125,654.8810424804688,656.231689453125,1996132529.0,5802.81982421875,99.11000061035156,3363.60009765625,0.4508999824523926,165.19366455078125
2025-05-24,656.2304077148438,676.8643188476562,656.1278076171875,668.3065185546875,1475660792.0,5802.81982421875,99.11000061035156,3363.60009765625,0.4508999824523926,165.19366455078125
2025-05-25,668.3065185546875,671.4579467773438,658.1526489257812,669.9168701171875,1591152958.0,5802.81982421875,99.11000061035156,3363.60009765625,0.4508999824523926,165.19366455078125
2025-05-26,669.91748046875,677.6790771484375,668.89990234375,674.3926391601562,1568627598.0,5802.81982421875,98.93000030517578,3363.60009765625,0.4508999824523926,165.19366455078125
2025-05-27,674.3926391601562,695.868408203125,667.23095703125,687.1594848632812,2019130226.0,5921.5400390625,99.5199966430664,3299.10009765625,0.4434000015258789,165.19366455078125
2025-05-28,687.1602172851562,688.9776000976562,680.665283203125,687.405517578125,1759924602.0,5888.5498046875,99.87999725341797,3293.60009765625,0.44770002365112305,165.19366455078125
2025-05-29,687.4058227539062,690.8436889648438,673.9274291992188,675.1721801757812,1938258667.0,5912.169921875,99.27999877929688,3317.10009765625,0.4423999786376953,165.19366455078125
2025-05-30,675.2001953125,678.1555786132812,654.650634765625,655.482177734375,1904377880.0,5911.68994140625,99.33000183105469,3288.89990234375,0.44159998893737795,165.19366455078125
2025-05-31,655.5108642578125,661.3086547851562,646.9629516601562,658.5012817382812,1478599983.0,5911.68994140625,99.33000183105469,3288.89990234375,0.44159998893737795,165.19366455078125
2025-06-01,658.4995727539062,662.3483276367188,648.2598266601562,660.9917602539062,1468711165.0,5911.68994140625,99.33000183105469,3288.89990234375,0.44159998893737795,165.19366455078125
2025-06-02,660.9854736328125,666.9949340820312,650.44970703125,666.5907592773438,1782539875.0,5935.93994140625,98.69999694824219,3370.60009765625,0.44619998931884763,165.19366455078125
2025-06-03,666.5907592773438,672.7042236328125,658.549560546875,661.6989135742188,1696519631.0,5970.3701171875,99.25,3350.199951171875,0.4460000038146973,165.19366455078125
2025-06-04,661.698974609375,671.9303588867188,661.3744506835938,663.706298828125,1561308740.0,5970.81005859375,98.79000091552734,3373.5,0.43649997711181643,165.19366455078125
2025-06-05,663.7078857421875,670.58056640625,626.680419921875,634.0535888671875,1987901562.0,5939.2998046875,98.73999786376953,3350.699951171875,0.43940000534057616,165.19366455078125
2025-06-06,634.052001953125,651.379638671875,631.1067504882812,643.4342041015625,1728825229.0,6000.35986328125,99.19000244140625,3322.699951171875,0.4510000228881836,165.19366455078125
2025-06-07,643.4424438476562,653.8911743164062,640.9490356445312,651.1504516601562,1468009270.0,6000.35986328125,99.19000244140625,3322.699951171875,0.4510000228881836,165.19366455078125
2025-06-08,651.1504516601562,656.2777099609375,646.9312744140625,652.1478271484375,1385072458.0,6000.35986328125,99.19000244140625,3322.699951171875,0.4510000228881836,165.19366455078125
2025-06-09,652.1478271484375,667.7135009765625,648.5833129882812,665.9540405273438,1629752670.0,6005.8798828125,98.94000244140625,3332.10009765625,0.448199987411499,165.19366455078125
2025-06-10,665.95458984375,673.6307373046875,657.6258544921875,673.6104736328125,1849736872.0,6038.81005859375,99.05000305175781,3320.89990234375,0.44739999771118166,165.19366455078125
2025-06-11,673.6104736328125,673.9506225585938,663.1364135742188,667.6690673828125,1778663531.0,6022.240234375,98.62999725341797,3321.300048828125,0.44120001792907715,165.19366455078125
2025-06-12,667.6690673828125,669.5156860351562,652.7897338867188,656.2438354492188,1695465665.0,6045.259765625,97.91999816894531,3380.89990234375,0.435699987411499,165.19366455078125
2025-06-13,656.2520141601562,659.311767578125,641.3123168945312,655.2557373046875,1964558213.0,5976.97021484375,98.18000030517578,3431.199951171875,0.4423999786376953,165.19366455078125
2025-06-14,655.2623901367188,655.4783935546875,639.6327514648438,645.9127807617188,1337524307.0,5976.97021484375,98.18000030517578,3431.199951171875,0.4423999786376953,165.19366455078125
2025-06-15,645.912353515625,651.7022094726562,642.9979858398438,648.28076171875,1352632285.0,5976.97021484375,98.18000030517578,3431.199951171875,0.4423999786376953,165.19366455078125
2025-06-16,648.2817993164062,659.243408203125,646.8132934570312,650.9617309570312,1588063609.0,6033.10986328125,98.0,3396.39990234375,0.44520001411437987,165.19366455078125
2025-06-17,650.9661865234375,659.038818359375,640.8545532226562,648.5108032226562,1784039065.0,5982.72021484375,98.81999969482422,3386.60009765625,0.439300012588501,165.19366455078125
2025-06-18,648.5108032226562,653.4296875,637.9425659179688,644.8067626953125,1667361898.0,5980.8701171875,98.91000366210938,3389.800048828125,0.43969998359680174,165.19366455078125
2025-06-19,644.8067626953125,646.4259033203125,639.02294921875,644.6807250976562,1374982734.0,5980.8701171875,98.91000366210938,3389.800048828125,0.43969998359680174,165.19366455078125
2025-06-20,644.6846923828125,649.5967407226562,638.6568603515625,641.784423828125,1614121225.0,5967.83984375,98.70999908447266,3368.10009765625,0.4375,165.19366455078125
2025-06-21,641.784423828125,644.9034423828125,624.7100830078125,628.7478637695312,1486820788.0,5967.83984375,98.70999908447266,3368.10009765625,0.4375,165.19366455078125
2025-06-22,628.7477416992188,635.169921875,602.705078125,615.99462890625,1895564160.0,5967.83984375,98.70999908447266,3368.10009765625,0.4375,165.19366455078125
2025-06-23,615.9945678710938,642.7957763671875,615.58837890625,641.2962036132812,1783710380.0,6025.169921875,98.41999816894531,3377.699951171875,0.4320000171661377,165.19366455078125
2025-06-24,641.2962036132812,644.28173828125,636.9046020507812,643.7371826171875,1498769929.0,6092.18017578125,97.86000061035156,3317.39990234375,0.42930002212524415,165.19366455078125
2025-06-25,643.7371826171875,650.2681884765625,642.5645751953125,645.9231567382812,1653677161.0,6092.16015625,97.68000030517578,3327.10009765625,0.42930002212524415,165.19366455078125
2025-06-26,645.9231567382812,649.984130859375,641.8189086914062,642.4142456054688,1439442979.0,6141.02001953125,97.1500015258789,3333.5,0.42529997825622556,165.19366455078125
2025-06-27,642.4138793945312,647.4111328125,640.5480346679688,646.1536254882812,1358247058.0,6173.06982421875,97.4000015258789,3273.699951171875,0.4282999992370605,165.19366455078125
2025-06-28,646.1536254882812,649.1661376953125,644.57421875,648.7504272460938,1185616315.0,6173.06982421875,97.4000015258789,3273.699951171875,0.4282999992370605,165.19366455078125
2025-06-29,648.7504272460938,655.6026611328125,647.2733154296875,655.0361938476562,1284469590.0,6173.06982421875,97.4000015258789,3273.699951171875,0.4282999992370605,165.19366455078125
2025-06-30,655.0361938476562,659.8912353515625,651.8738403320312,657.0253295898438,1487336817.0,6204.9501953125,96.87999725341797,3294.39990234375,0.42300000190734866,165.19366455078125
2025-07-01,657.0258178710938,658.9859619140625,644.6724853515625,646.39794921875,1382771755.0,6198.009765625,96.81999969482422,3336.699951171875,0.4250999927520752,165.19366455078125
2025-07-02,646.39794921875,664.7877807617188,644.872802734375,660.0572509765625,1576434816.0,6227.419921875,96.77999877929688,3348.0,0.42930002212524415,165.19366455078125
2025-07-03,660.0572509765625,664.3876953125,657.2025756835938,663.3231201171875,1512518612.0,6279.35009765625,97.18000030517578,3331.60009765625,0.4348000049591064,165.19366455078125
2025-07-04,663.3231201171875,664.0619506835938,650.7118530273438,653.739501953125,1379813703.0,6279.35009765625,97.18000030517578,3332.5,0.4348000049591064,165.19366455078125
2025-07-05,653.739501953125,656.661865234375,652.3401489257812,656.1428833007812,1193229342.0,6279.35009765625,97.18000030517578,3332.5,0.4348000049591064,165.19366455078125
2025-07-06,656.1429443359375,664.6273803710938,653.8736572265625,663.0889892578125,1387600565.0,6279.35009765625,97.18000030517578,3332.5,0.4348000049591064,165.19366455078125
2025-07-07,663.0889892578125,663.2283325195312,657.1060791015625,661.0181884765625,1524912345.0,6229.97998046875,97.4800033569336,3332.199951171875,0.4394999980926514,165.19366455078125
2025-07-08,661.01806640625,662.4974365234375,657.5650634765625,660.7628784179688,1517607542.0,6225.52001953125,97.51000213623047,3307.0,0.4414999961853027,165.19366455078125
2025-07-09,660.7628784179688,670.7850952148438,659.5992431640625,669.1525268554688,1667011677.0,6263.259765625,97.47000122070312,3311.60009765625,0.43420000076293946,165.19366455078125
2025-07-10,669.1525268554688,687.354248046875,668.0310668945312,685.6607055664062,2023565748.0,6280.4599609375,97.6500015258789,3317.39990234375,0.4346000194549561,165.19366455078125
2025-07-11,685.6607055664062,696.8695068359375,683.8527221679688,689.8733520507812,2327541748.0,6259.75,97.8499984741211,3356.0,0.44229998588562014,165.19366455078125
2025-07-12,689.8733520507812,696.9548950195312,680.401611328125,685.7778930664062,1715321874.0,6259.75,97.8499984741211,3356.0,0.44229998588562014,165.19366455078125
2025-07-13,685.7778930664062,694.0123291015625,685.4672241210938,692.2304077148438,1631603869.0,6259.75,97.8499984741211,3356.0,0.44229998588562014,165.19366455078125
2025-07-14,692.2304077148438,706.7133178710938,686.828857421875,689.416748046875,2362276526.0,6268.56005859375,98.08000183105469,3351.5,0.4427000045776367,165.19366455078125
2025-07-15,689.416748046875,692.9431762695312,675.876708984375,689.921142578125,2167202399.0,6243.759765625,98.62000274658203,3329.800048828125,0.4488999843597412,165.19366455078125
2025-07-16,689.921142578125,714.7908935546875,685.6761474609375,708.1260986328125,2298649454.0,6263.7001953125,98.38999938964844,3352.5,0.44549999237060545,165.19366455078125
2025-07-17,708.1260986328125,726.66064453125,707.8897705078125,721.2119750976562,2877681453.0,6297.35986328125,98.7300033569336,3340.10009765625,0.44629998207092286,165.19366455078125
2025-07-18,721.2119750976562,763.0548095703125,720.235595703125,730.2163696289062,3407382999.0,6296.7900390625,98.4800033569336,3353.0,0.44320001602172854,165.19366455078125
2025-07-19,730.2608032226562,742.331787109375,721.0870361328125,733.529052734375,2067691091.0,6296.7900390625,98.4800033569336,3353.0,0.44320001602172854,165.19366455078125
2025-07-20,733.529052734375,760.4404907226562,732.3448486328125,757.7399291992188,2353254456.0,6296.7900390625,98.4800033569336,3353.0,0.44320001602172854,165.19366455078125
2025-07-21,757.7399291992188,780.9653930664062,747.5570678710938,766.783935546875,2776231461.0,6305.60009765625,97.8499984741211,3401.89990234375,0.4372000217437744,165.19366455078125
2025-07-22,766.783935546875,787.2482299804688,746.1088256835938,786.1411743164062,3009453883.0,6309.6201171875,97.38999938964844,3439.199951171875,0.43359999656677245,165.19366455078125
2025-07-23,786.1411743164062,809.3135986328125,753.7788696289062,776.6404418945312,3987433985.0,6358.91015625,97.20999908447266,3394.10009765625,0.4388000011444092,165.19366455078125
2025-07-24,776.6744995117188,785.4175415039062,745.3941040039062,771.239990234375,2833667773.0,6363.35009765625,97.37999725341797,3371.0,0.44079999923706054,165.19366455078125
2025-07-25,771.239990234375,785.6441040039062,753.606201171875,785.6064453125,2536046506.0,6388.64013671875,97.6500015258789,3334.0,0.4386000156402588,165.19366455078125
2025-07-26,785.6064453125,797.1967163085938,778.9398193359375,793.2825927734375,1760509145.0,6388.64013671875,97.6500015258789,3334.0,0.4386000156402588,165.19366455078125
2025-07-27,793.2825927734375,846.2210693359375,792.663330078125,843.261962890625,2914460887.0,6388.64013671875,97.6500015258789,3334.0,0.4386000156402588,165.19366455078125
2025-07-28,843.261962890625,859.5628662109375,821.6815795898438,822.0185546875,3448410233.0,6389.77001953125,98.66000366210938,3309.10009765625,0.4420000076293945,165.19366455078125
2025-07-29,822.0791625976562,834.46142578125,800.642822265625,804.89892578125,3097306022.0,6370.85986328125,98.91000366210938,3323.39990234375,0.4329999923706055,165.19366455078125
2025-07-30,804.89892578125,810.4419555664062,771.1812744140625,793.1448364257812,2836541071.0,6362.89990234375,99.94000244140625,3295.800048828125,0.4375999927520752,165.19366455078125
2025-07-31,793.1448364257812,813.0089111328125,782.8258666992188,783.6668090820312,2581137230.0,6339.39013671875,100.02999877929688,3293.199951171875,0.43600001335144045,165.19366455078125
2025-08-01,783.6646728515625,794.8995361328125,746.3453369140625,757.1865844726562,3061372565.0,6238.009765625,98.69000244140625,3347.699951171875,0.42199997901916503,165.19366455078125
2025-08-02,757.2212524414062,769.56103515625,732.53173828125,736.6464233398438,2181365266.0,6238.009765625,98.69000244140625,3347.699951171875,0.42199997901916503,165.19366455078125
2025-08-03,736.6464233398438,755.1250610351562,732.3884887695312,751.5609741210938,1761506433.0,6238.009765625,98.69000244140625,3347.699951171875,0.42199997901916503,165.19366455078125
2025-08-04,751.559814453125,769.5585327148438,750.8377075195312,769.05908203125,1940596416.0,6329.93994140625,98.77999877929688,3374.39990234375,0.4199999809265137,165.19366455078125
2025-08-05,769.0582885742188,769.1633911132812,746.6951904296875,754.8510131835938,1951120762.0,6299.18994140625,98.77999877929688,3381.89990234375,0.4196000099182129,165.19366455078125
2025-08-06,754.8510131835938,774.8028564453125,747.7263793945312,769.8478393554688,1969112524.0,6345.06005859375,98.18000030517578,3380.0,0.42199997901916503,165.19366455078125
2025-08-07,769.8478393554688,788.1963500976562,765.3430786132812,788.1963500976562,2162190917.0,6340.0,98.4000015258789,3400.300048828125,0.42439999580383303,165.19366455078125
2025-08-08,788.196533203125,797.8942260742188,781.4666137695312,793.4395751953125,2429517922.0,6389.4501953125,98.18000030517578,3439.10009765625,0.4284999847412109,165.19366455078125
2025-08-09,793.4395751953125,818.5120849609375,793.1973266601562,799.0867309570312,2215143664.0,6389.4501953125,98.18000030517578,3439.10009765625,0.4284999847412109,165.19366455078125
2025-08-10,799.0867309570312,815.072509765625,796.2681884765625,805.8734741210938,2090904941.0,6389.4501953125,98.18000030517578,3439.10009765625,0.4284999847412109,165.19366455078125
2025-08-11,805.8734741210938,826.5098266601562,793.378662109375,806.730224609375,2805693912.0,6373.4501953125,98.5199966430664,3353.10009765625,0.42729997634887695,165.19366455078125
2025-08-12,806.7435913085938,838.8615112304688,798.6620483398438,832.9265747070312,2889217820.0,6445.759765625,98.0999984741211,3348.89990234375,0.42930002212524415,165.19366455078125
2025-08-13,832.9265747070312,857.7623901367188,829.0764770507812,849.0054931640625,3364649534.0,6466.580078125,97.83999633789062,3358.699951171875,0.423799991607666,165.19366455078125
2025-08-14,849.0054931640625,868.6798095703125,826.002197265625,840.9309692382812,4687490471.0,6468.5400390625,98.25,3335.199951171875,0.42930002212524415,165.19366455078125
2025-08-15,840.9309692382812,853.4983520507812,813.8512573242188,827.2891845703125,3843113557.0,6449.7998046875,97.8499984741211,3336.0,0.4328000068664551,165.19366455078125
2025-08-16,827.2891845703125,839.5164794921875,826.6146850585938,839.3980712890625,1960223183.0,6449.7998046875,97.8499984741211,3336.0,0.4328000068664551,165.19366455078125
2025-08-17,839.3967895507812,863.3430786132812,839.1815795898438,856.4029541015625,2286889646.0,6449.7998046875,97.8499984741211,3336.0,0.4328000068664551,165.19366455078125
2025-08-18,856.4033203125,858.3074340820312,826.5350341796875,847.4179077148438,2765082388.0,6449.14990234375,98.16999816894531,3331.699951171875,0.43410000801086424,165.19366455078125
2025-08-19,847.4179077148438,851.9415893554688,823.356689453125,823.56591796875,2718797059.0,6411.3701171875,98.2699966430664,3313.39990234375,0.43020000457763674,165.19366455078125
2025-08-20,823.56591796875,880.3314819335938,819.3298950195312,869.1038818359375,3612563758.0,6395.77978515625,98.22000122070312,3343.39990234375,0.4296000003814697,165.19366455078125
2025-08-21,869.1038818359375,882.5895385742188,834.07958984375,839.0408325195312,2848998239.0,6370.169921875,98.62000274658203,3336.89990234375,0.4329999923706055,165.19366455078125
2025-08-22,839.0408325195312,899.7001342773438,839.0408325195312,898.7745361328125,3534039226.0,6466.91015625,97.72000122070312,3374.39990234375,0.4260000228881836,165.19366455078125
2025-08-23,898.7745361328125,899.3594360351562,876.5121459960938,880.046142578125,2470653598.0,6466.91015625,97.72000122070312,3374.39990234375,0.4260000228881836,165.19366455078125
2025-08-24,880.0533447265625,885.5560302734375,860.0352172851562,876.0802001953125,2909070734.0,6466.91015625,97.72000122070312,3374.39990234375,0.4260000228881836,165.19366455078125
2025-08-25,876.0802001953125,879.9407348632812,835.2559814453125,840.1719360351562,3300479072.0,6439.31982421875,98.43000030517578,3373.800048828125,0.42750000953674316,165.19366455078125
2025-08-26,840.1710205078125,867.7128295898438,832.7194213867188,863.6304931640625,2609863400.0,6465.93994140625,98.2300033569336,3388.60009765625,0.4257999897003174,165.19366455078125
2025-08-27,863.6304931640625,866.9847412109375,853.8656616210938,855.6463012695312,2391188252.0,6481.39990234375,98.2300033569336,3404.60009765625,0.423799991607666,165.19366455078125
2025-08-28,855.6463012695312,878.80859375,851.8986206054688,874.3660278320312,2744315947.0,6501.85986328125,97.80999755859375,3431.800048828125,0.4206999778747559,165.19366455078125
2025-08-29,874.3545532226562,876.8477172851562,851.3141479492188,863.2765502929688,2614507748.0,6460.259765625,97.7699966430664,3473.699951171875,0.422700023651123,165.19366455078125
2025-08-30,863.2821655273438,863.644775390625,852.8187255859375,862.4039916992188,2030968355.0,6460.259765625,97.7699966430664,3473.699951171875,0.422700023651123,165.19366455078125
2025-08-31,862.4039916992188,867.5966796875,857.3178100585938,857.8167724609375,1741117798.0,6460.259765625,97.7699966430664,3473.699951171875,0.422700023651123,165.19366455078125
2025-09-01,857.8126220703125,866.973876953125,840.8975219726562,845.8262939453125,2756614903.0,6460.259765625,97.7699966430664,3473.699951171875,0.422700023651123,165.19366455078125
2025-09-02,845.8262939453125,856.4644165039062,841.6126098632812,851.7772216796875,2385434736.0,6415.5400390625,98.4000015258789,3549.39990234375,0.42769999504089357,165.19366455078125
2025-09-03,851.7772216796875,863.4725341796875,849.157958984375,855.2587890625,1915348780.0,6448.259765625,98.13999938964844,3593.199951171875,0.42109999656677244,165.19366455078125
2025-09-04,855.2588500976562,856.9368286132812,841.8807983398438,843.802978515625,1915009280.0,6502.080078125,98.3499984741211,3565.800048828125,0.4176000118255615,165.19366455078125
2025-09-05,843.802978515625,857.224609375,843.7465209960938,849.979248046875,2025139739.0,6481.5,97.7699966430664,3613.199951171875,0.4085999965667725,165.19366455078125
2025-09-06,849.979248046875,864.4991455078125,849.5745849609375,861.7720947265625,1992250771.0,6481.5,97.7699966430664,3613.199951171875,0.4085999965667725,165.19366455078125
2025-09-07,861.7720947265625,882.8858032226562,861.2745361328125,880.613037109375,1996378716.0,6481.5,97.7699966430664,3613.199951171875,0.4085999965667725,165.19366455078125
2025-09-08,880.613037109375,885.2318115234375,872.0386352539062,878.2759399414062,2289021738.0,6495.14990234375,97.44999694824219,3638.10009765625,0.4046000003814697,165.19366455078125
2025-09-09,878.2759399414062,884.2359008789062,871.8602294921875,880.0150146484375,1795168603.0,6512.60986328125,97.79000091552734,3643.300048828125,0.40739998817443845,165.19366455078125
2025-09-10,880.0150146484375,906.1226196289062,877.5120239257812,893.5665893554688,2868650920.0,6532.0400390625,97.77999877929688,3643.60009765625,0.40320000648498533,165.19366455078125
2025-09-11,893.5665893554688,903.3329467773438,889.3707275390625,902.9833374023438,2250551806.0,6587.47021484375,97.54000091552734,3636.89990234375,0.40110001564025877,165.19366455078125
2025-09-12,902.9833374023438,928.6170043945312,901.97412109375,925.0307006835938,2648100391.0,6584.2900390625,97.55000305175781,3649.39990234375,0.4060999870300293,165.19366455078125
2025-09-13,925.0307006835938,942.5284423828125,923.8671875,933.899658203125,2744192106.0,6584.2900390625,97.55000305175781,3649.39990234375,0.4060999870300293,165.19366455078125
2025-09-14,933.899658203125,944.0581665039062,923.7640380859375,927.24169921875,2338327311.0,6584.2900390625,97.55000305175781,3649.39990234375,0.4060999870300293,165.19366455078125
2025-09-15,927.2432250976562,935.2177124023438,911.5524291992188,919.97021484375,2475846477.0,6615.27978515625,97.30000305175781,3682.199951171875,0.40339999198913573,165.19366455078125
2025-09-16,919.97021484375,958.6553955078125,917.2383422851562,955.7125854492188,3101245055.0,6606.759765625,96.62999725341797,3688.89990234375,0.40260000228881837,165.19366455078125
2025-09-17,955.6878662109375,993.1290283203125,947.77099609375,990.3097534179688,3641636248.0,6600.35009765625,96.87000274658203,3681.800048828125,0.40760002136230467,165.19366455078125
2025-09-18,990.3190307617188,1005.292236328125,980.3798217773438,981.835205078125,3741252935.0,6631.9599609375,97.3499984741211,3643.699951171875,0.4104000091552734,165.19366455078125
2025-09-19,981.835205078125,1002.0828857421875,975.811767578125,984.1240844726562,3293771895.0,6664.35986328125,97.63999938964844,3671.5,0.41389999389648435,165.19366455078125
2025-09-20,984.134521484375,1043.243896484375,984.1197509765625,1042.650146484375,3759046572.0,6664.35986328125,97.63999938964844,3671.5,0.41389999389648435,165.19366455078125
2025-09-21,1042.6627197265625,1080.4776611328125,1041.0262451171875,1048.67236328125,4306431415.0,6664.35986328125,97.63999938964844,3671.5,0.41389999389648435,165.19366455078125
2025-09-22,1048.671142578125,1050.318359375,978.5733032226562,993.0140380859375,4892903256.0,6693.75,97.33000183105469,3740.699951171875,0.41430001258850097,165.19366455078125
2025-09-23,993.0140380859375,1026.24560546875,964.55322265625,1017.0198974609375,4038510425.0,6656.919921875,97.26000213623047,3780.60009765625,0.4119999885559082,165.19366455078125
2025-09-24,1017.029296875,1034.0548095703125,995.2929077148438,1018.8478393554688,3603925585.0,6637.97021484375,97.87000274658203,3732.10009765625,0.41469998359680177,165.19366455078125
2025-09-25,1018.8718872070312,1019.8428344726562,943.3248291015625,945.713623046875,4693762081.0,6604.72021484375,98.55000305175781,3736.89990234375,0.41719999313354494,165.19366455078125
2025-09-26,945.713623046875,964.7283935546875,933.5052490234375,960.9239501953125,3789703570.0,6643.7001953125,98.1500015258789,3775.300048828125,0.4186999797821045,165.19366455078125
2025-09-27,960.9239501953125,983.9268798828125,957.402099609375,968.78955078125,2777184185.0,6643.7001953125,98.1500015258789,3775.300048828125,0.4186999797821045,165.19366455078125
2025-09-28,968.78955078125,993.3856811523438,964.2875366210938,993.3155517578125,2519459113.0,6643.7001953125,98.1500015258789,3775.300048828125,0.4186999797821045,165.19366455078125
2025-09-29,993.3157958984375,1035.7254638671875,992.6415405273438,1030.7412109375,3359320684.0,6661.2099609375,97.91000366210938,3820.89990234375,0.41409997940063475,165.19366455078125
2025-09-30,1030.7412109375,1032.7960205078125,994.4840087890625,1008.4834594726562,3076619211.0,6688.4599609375,97.7699966430664,3840.800048828125,0.41479997634887694,165.19366455078125
2025-10-01,1008.4834594726562,1034.8297119140625,1003.8837280273438,1026.166748046875,3100184262.0,6711.2001953125,97.70999908447266,3867.5,0.4105999946594238,165.19366455078125
2025-10-02,1026.166748046875,1097.2117919921875,1023.9827270507812,1090.6556396484375,3813163059.0,6715.35009765625,97.8499984741211,3839.699951171875,0.40879998207092283,165.19366455078125
2025-10-03,1090.6556396484375,1190.354248046875,1085.595458984375,1189.9190673828125,6097241167.0,6715.7900390625,97.72000122070312,3880.800048828125,0.411899995803833,165.19366455078125
2025-10-04,1189.9288330078125,1190.0084228515625,1138.26611328125,1150.547607421875,3775482131.0,6715.7900390625,97.72000122070312,3880.800048828125,0.411899995803833,165.19366455078125
2025-10-05,1150.5452880859375,1186.8543701171875,1145.52880859375,1165.527587890625,3611451465.0,6715.7900390625,97.72000122070312,3880.800048828125,0.411899995803833,165.19366455078125
2025-10-06,1165.527587890625,1237.8118896484375,1164.016845703125,1223.5810546875,5653272930.0,6740.27978515625,98.11000061035156,3948.5,0.4162000179290771,165.19366455078125
2025-10-07,1223.580078125,1336.5655517578125,1209.281494140625,1310.21435546875,11163171147.0,6714.58984375,98.58000183105469,3976.60009765625,0.4126999855041504,165.19366455078125
2025-10-08,1310.2276611328125,1332.83154296875,1270.310302734375,1306.599365234375,7916662087.0,6753.72021484375,98.8499984741211,4043.300048828125,0.4129000186920166,165.19366455078125
2025-10-09,1306.597412109375,1318.057373046875,1228.08203125,1255.890625,8172167891.0,6735.10986328125,99.54000091552734,3946.300048828125,0.41479997634887694,165.19366455078125
2025-10-10,1255.8875732421875,1276.358154296875,962.4681396484375,1106.8985595703125,10329526518.0,6552.509765625,98.9800033569336,3975.89990234375,0.40510001182556155,165.19366455078125
2025-10-11,1106.8985595703125,1180.52587890625,1080.7183837890625,1137.1993408203125,8101403820.0,6552.509765625,98.9800033569336,3975.89990234375,0.40510001182556155,165.19366455078125
2025-10-12,1137.1993408203125,1319.77197265625,1110.1973876953125,1303.1173095703125,10201040572.0,6552.509765625,98.9800033569336,3975.89990234375,0.40510001182556155,165.19366455078125
2025-10-13,1303.1473388671875,1370.5460205078125,1257.1102294921875,1293.4732666015625,11820387271.0,6654.72021484375,99.2699966430664,4108.60009765625,0.40510001182556155,165.19366455078125
2025-10-14,1293.4732666015625,1316.4071044921875,1147.75,1211.0511474609375,10106588255.0,6644.31005859375,99.05000305175781,4138.7001953125,0.40219998359680176,165.19366455078125
2025-10-15,1211.0511474609375,1221.70751953125,1151.835205078125,1162.6917724609375,5853929585.0,6671.06005859375,98.79000091552734,4176.89990234375,0.4046000003814697,165.19366455078125
2025-10-16,1162.6937255859375,1193.77392578125,1125.333251953125,1145.8253173828125,5605348340.0,6629.06982421875,98.38999938964844,4280.2001953125,0.39760000705718995,165.19366455078125
2025-10-17,1145.8179931640625,1154.8912353515625,1024.083251953125,1071.9630126953125,6656427568.0,6664.009765625,98.43000030517578,4189.89990234375,0.4006999969482422,165.19366455078125
2025-10-18,1071.965576171875,1129.1925048828125,1071.473876953125,1093.1524658203125,3767783165.0,6664.009765625,98.43000030517578,4189.89990234375,0.4006999969482422,165.19366455078125
2025-10-19,1093.1524658203125,1132.3472900390625,1069.3074951171875,1109.6800537109375,3690436753.0,6664.009765625,98.43000030517578,4189.89990234375,0.4006999969482422,165.19366455078125
2025-10-20,1109.68212890625,1142.7445068359375,1090.0068359375,1101.0616455078125,4209252745.0,6735.1298828125,98.58999633789062,4336.39990234375,0.39860000610351565,165.19366455078125
2025-10-21,1101.1649169921875,1114.313232421875,1054.304931640625,1057.4404296875,4398689427.0,6735.35009765625,98.93000030517578,4087.699951171875,0.39630000591278075,165.19366455078125
2025-10-22,1057.4404296875,1082.9290771484375,1054.0701904296875,1072.0479736328125,3625757780.0,6699.39990234375,98.9000015258789,4044.39990234375,0.39530000686645506,165.19366455078125
2025-10-23,1072.0509033203125,1150.999267578125,1071.939453125,1127.572998046875,5661131703.0,6738.43994140625,98.94000244140625,4125.5,0.3990999937057495,165.19366455078125
2025-10-24,1127.5726318359375,1141.639404296875,1098.9310302734375,1109.148681640625,3451758493.0,6791.68994140625,98.94999694824219,4118.39990234375,0.3996999979019165,165.19366455078125
2025-10-25,1109.14990234375,1120.0706787109375,1102.4951171875,1116.7412109375,2230311136.0,6791.68994140625,98.94999694824219,4118.39990234375,0.3996999979019165,165.19366455078125
2025-10-26,1116.741943359375,1141.9556884765625,1115.5335693359375,1137.5869140625,2746697366.0,6791.68994140625,98.94999694824219,4118.39990234375,0.3996999979019165,165.19366455078125
2025-10-27,1137.587646484375,1180.014892578125,1134.291015625,1139.7459716796875,4501355092.0,6875.16015625,98.77999877929688,4001.89990234375,0.3996999979019165,165.19366455078125
2025-10-28,1139.7508544921875,1148.558349609375,1088.881591796875,1103.144775390625,4178047763.0,6890.89013671875,98.69000244140625,3966.199951171875,0.39830000400543214,165.19366455078125
2025-10-29,1103.149169921875,1120.72998046875,1089.7681884765625,1107.163330078125,4169218996.0,6890.58984375,99.22000122070312,3983.699951171875,0.40580000877380373,165.19366455078125
2025-10-30,1107.1619873046875,1123.6968994140625,1050.1282958984375,1078.6114501953125,4153774666.0,6822.33984375,99.52999877929688,4001.300048828125,0.40929999351501467,165.19366455078125
2025-10-31,1078.612548828125,1104.24755859375,1073.4539794921875,1088.9554443359375,4399392720.0,6840.2001953125,99.80000305175781,3982.199951171875,0.41009998321533203,165.19366455078125
2025-11-01,1088.9443359375,1097.13818359375,1082.4669189453125,1094.642333984375,2138185589.0,6840.2001953125,99.80000305175781,3982.199951171875,0.41009998321533203,165.19366455078125
2025-11-02,1094.6414794921875,1094.64453125,1073.653076171875,1084.35986328125,2049912244.0,6840.2001953125,99.80000305175781,3982.199951171875,0.41009998321533203,165.19366455078125
2025-11-03,1084.33642578125,1086.594482421875,975.796142578125,992.535400390625,4849653054.0,6851.97021484375,99.87000274658203,4000.300048828125,0.4105999946594238,165.19366455078125
2025-11-04,992.5518798828125,1000.1986083984375,886.3854370117188,937.8932495117188,5824529918.0,6771.5498046875,100.22000122070312,3947.699951171875,0.40890002250671387,165.19366455078125
2025-11-05,937.88232421875,966.803955078125,903.8692626953125,959.9510498046875,3816276917.0,6796.2900390625,100.19999694824219,3980.300048828125,0.41570000648498534,165.19366455078125
2025-11-06,959.9534301757812,964.3312377929688,927.4452514648438,949.1804809570312,2798073439.0,6720.31982421875,99.7300033569336,3979.89990234375,0.40929999351501467,165.19366455078125
2025-11-07,949.2072143554688,994.412841796875,927.10986328125,990.5523681640625,3614944089.0,6728.7998046875,99.5999984741211,3999.39990234375,0.40929999351501467,165.19366455078125
2025-11-08,990.5819091796875,1005.8635864257812,981.1117553710938,990.2227172851562,2913804232.0,6728.7998046875,99.5999984741211,3999.39990234375,0.40929999351501467,165.19366455078125
2025-11-09,990.2310791015625,1005.9384765625,977.64404296875,996.579833984375,2642212274.0,6728.7998046875,99.5999984741211,3999.39990234375,0.40929999351501467,165.19366455078125
2025-11-10,996.5888671875,1017.682861328125,977.107666015625,991.919677734375,2844075057.0,6832.43017578125,99.62000274658203,4111.7998046875,0.41100001335144043,165.19366455078125
2025-11-11,991.9202880859375,1005.9725341796875,956.8362426757812,958.2657470703125,2696896367.0,6846.60986328125,99.45999908447266,4106.7998046875,0.4119999885559082,165.19366455078125
2025-11-12,958.2320556640625,976.957763671875,940.8616943359375,953.010498046875,2405972144.0,6850.919921875,99.4800033569336,4204.39990234375,0.4065000057220459,165.19366455078125
2025-11-13,953.0198364257812,969.8464965820312,907.6197509765625,928.046630859375,3034452281.0,6737.490234375,99.18000030517578,4186.89990234375,0.41119999885559083,165.19366455078125
2025-11-14,928.0397338867188,932.64501953125,889.4031982421875,915.3092651367188,3778463496.0,6734.10986328125,99.2699966430664,4087.60009765625,0.41479997634887694,165.19366455078125
2025-11-15,915.19384765625,944.0817260742188,915.19384765625,932.201904296875,1963778260.0,6734.10986328125,99.2699966430664,4087.60009765625,0.41479997634887694,165.19366455078125
2025-11-16,932.1851806640625,948.5120239257812,910.9035034179688,927.2578735351562,2497118342.0,6734.10986328125,99.2699966430664,4087.60009765625,0.41479997634887694,165.19366455078125
2025-11-17,927.2578735351562,936.9906616210938,893.0040893554688,906.482421875,3757441490.0,6672.41015625,99.58999633789062,4068.300048828125,0.4132999897003174,165.19366455078125
2025-11-18,906.4705810546875,937.3841552734375,888.5147094726562,932.4823608398438,3623344375.0,6617.31982421875,99.55000305175781,4061.300048828125,0.41230001449584963,165.19366455078125
2025-11-19,932.4846801757812,939.2861328125,872.9431762695312,895.6196899414062,3254464199.0,6642.16015625,100.2300033569336,4077.699951171875,0.4132999897003174,165.19366455078125
2025-11-20,895.6640014648438,912.6580200195312,866.3438720703125,866.3438720703125,3038816761.0,6538.759765625,100.16000366210938,4056.5,0.4105999946594238,165.19366455078125
2025-11-21,866.3346557617188,874.2615966796875,793.8209228515625,830.0787353515625,4772315493.0,6602.990234375,100.18000030517578,4076.699951171875,0.4063000202178955,165.19366455078125
2025-11-22,830.0795288085938,841.4924926757812,815.2092895507812,833.35107421875,2015396840.0,6602.990234375,100.18000030517578,4076.699951171875,0.4063000202178955,165.19366455078125
2025-11-23,833.3475952148438,854.4036865234375,833.2874755859375,843.2247924804688,1754920246.0,6602.990234375,100.18000030517578,4076.699951171875,0.4063000202178955,165.19366455078125
2025-11-24,843.2236328125,875.2612915039062,832.0480346679688,864.421142578125,2485800089.0,6705.1201171875,100.13999938964844,4091.89990234375,0.40380001068115234,165.19366455078125
2025-11-25,864.4609985351562,866.9095458984375,838.9786376953125,862.1080322265625,2007620452.0,6765.8798828125,99.66000366210938,4139.2001953125,0.40019998550415037,165.19366455078125
2025-11-26,862.1033935546875,896.6287841796875,852.4906005859375,891.7533569335938,2040255309.0,6812.60986328125,99.5999984741211,4165.2001953125,0.3997999906539917,165.19366455078125
2025-11-27,891.7745971679688,902.5869140625,885.2288208007812,895.559814453125,1780660164.0,6812.60986328125,99.5999984741211,4165.2001953125,0.3997999906539917,165.19366455078125
2025-11-28,895.5643920898438,904.3790893554688,877.3135375976562,887.6467895507812,2009647841.0,6849.08984375,99.45999908447266,4218.2998046875,0.4017000198364258,165.19366455078125
2025-11-29,887.6465454101562,888.85302734375,869.8357543945312,873.6898803710938,1357539865.0,6849.08984375,99.45999908447266,4218.2998046875,0.4017000198364258,165.19366455078125
2025-11-30,873.6884765625,899.5747680664062,871.07373046875,877.5767822265625,1452982911.0,6849.08984375,99.45999908447266,4218.2998046875,0.4017000198364258,165.19366455078125
2025-12-01,877.5615844726562,877.704833984375,803.458251953125,827.4053955078125,2778473663.0,6812.6298828125,99.41000366210938,4239.2998046875,0.40960001945495605,165.19366455078125
2025-12-02,827.4092407226562,884.0598754882812,821.3009643554688,877.03466796875,2264885312.0,6829.3701171875,99.36000061035156,4186.60009765625,0.4085999965667725,165.19366455078125
2025-12-03,877.0285034179688,922.1299438476562,874.4122314453125,921.7537231445312,2754777581.0,6849.72021484375,98.8499984741211,4199.2998046875,0.4057000160217285,165.19366455078125
2025-12-04,921.7321166992188,927.4549560546875,889.617431640625,900.0661010742188,2052379059.0,6857.1201171875,98.98999786376953,4211.7998046875,0.4107999801635742,165.19366455078125
2025-12-05,900.063720703125,906.8523559570312,873.4063720703125,884.2180786132812,1968850986.0,6870.39990234375,98.98999786376953,4212.89990234375,0.41389999389648435,165.19366455078125
2025-12-06,884.2127685546875,896.6558227539062,878.9838256835938,890.5450439453125,1418385761.0,6870.39990234375,98.98999786376953,4212.89990234375,0.41389999389648435,165.19366455078125
2025-12-07,890.5266723632812,905.114501953125,872.8945922851562,894.0222778320312,1779976227.0,6870.39990234375,98.98999786376953,4212.89990234375,0.41389999389648435,165.19366455078125
2025-12-08,894.02734375,911.5386352539062,891.7789916992188,897.6040649414062,1906067258.0,6846.509765625,99.08999633789062,4187.2001953125,0.41719999313354494,165.19366455078125
2025-12-09,897.5906372070312,926.51708984375,882.4072265625,898.8104248046875,2357057936.0,6840.509765625,99.22000122070312,4206.7001953125,0.4185999870300293,165.19366455078125
2025-12-10,898.7805786132812,914.1864013671875,884.947509765625,894.650634765625,2429639422.0,6886.68017578125,98.79000091552734,4196.39990234375,0.41640000343322753,165.19366455078125
2025-12-11,894.6589965820312,894.6589965820312,861.253662109375,886.1666259765625,2524483059.0,6901.0,98.3499984741211,4285.5,0.41409997940063475,165.19366455078125
2025-12-12,886.1660766601562,895.4688720703125,873.608154296875,881.8676147460938,1807202490.0,6827.41015625,98.4000015258789,4300.10009765625,0.4193999767303467,165.19366455078125
2025-12-13,881.8624267578125,903.7582397460938,880.7807006835938,897.4295654296875,1472368344.0,6827.41015625,98.4000015258789,4300.10009765625,0.4193999767303467,165.19366455078125
2025-12-14,897.435791015625,899.2176513671875,874.129638671875,877.806884765625,1640570319.0,6827.41015625,98.4000015258789,4300.10009765625,0.4193999767303467,165.19366455078125
2025-12-15,877.7892456054688,894.2052612304688,843.7678833007812,858.5451049804688,2222157806.0,6816.509765625,98.1500015258789,4306.7001953125,0.4182000160217285,165.19366455078125
2025-12-16,858.5458984375,877.6130981445312,851.3676147460938,874.8990478515625,2379705373.0,6800.259765625,98.1500015258789,4304.5,0.414900016784668,165.19366455078125
2025-12-17,874.905517578125,875.11083984375,834.8516845703125,842.93017578125,2968394043.0,6721.43017578125,98.37000274658203,4347.5,0.4151000022888184,165.19366455078125
2025-12-18,842.9312744140625,850.8983764648438,819.9838256835938,829.3011474609375,3195634004.0,6774.759765625,98.43000030517578,4339.5,0.41160001754760744,165.19366455078125
2025-12-19,829.3038940429688,861.0877075195312,823.1718139648438,855.9432983398438,5429911683.0,6834.5,98.5999984741211,4361.39990234375,0.4151000022888184,165.19366455078125
2025-12-20,855.9429931640625,858.7412109375,850.890869140625,853.586181640625,1374684930.0,6834.5,98.5999984741211,4361.39990234375,0.4151000022888184,165.19366455078125
2025-12-21,853.5969848632812,858.9291381835938,846.0993041992188,857.8892211914062,1501917010.0,6834.5,98.5999984741211,4361.39990234375,0.4151000022888184,165.19366455078125
2025-12-22,857.8866577148438,869.0992431640625,852.6373291015625,857.857421875,1959463444.0,6878.490234375,98.29000091552734,4444.60009765625,0.4169000148773193,165.19366455078125
2025-12-23,857.8599243164062,860.7771606445312,839.5874633789062,843.7714233398438,1696809904.0,6909.7900390625,97.94000244140625,4482.7998046875,0.4169000148773193,165.19366455078125
2025-12-24,843.7693481445312,849.3277587890625,835.2703857421875,846.2596435546875,1535799969.0,6932.0498046875,97.9800033569336,4480.60009765625,0.4136000156402588,165.19366455078125
2025-12-25,846.2431030273438,847.0791625976562,827.6585693359375,829.4244384765625,1415229398.0,6932.0498046875,97.9800033569336,4480.60009765625,0.4136000156402588,165.19366455078125
2025-12-26,829.4263916015625,845.7174682617188,823.3729248046875,834.1515502929688,1730790904.0,6929.93994140625,98.0199966430664,4529.10009765625,0.4136000156402588,165.19366455078125
2025-12-27,834.1513671875,844.5943603515625,834.1458740234375,844.5545043945312,1496575663.0,6929.93994140625,98.0199966430664,4529.10009765625,0.4136000156402588,165.19366455078125
2025-12-28,844.5575561523438,864.9430541992188,839.5921020507812,858.8287963867188,1855190489.0,6929.93994140625,98.0199966430664,4529.10009765625,0.4136000156402588,165.19366455078125
2025-12-29,858.835205078125,869.98583984375,846.6453247070312,851.1875610351562,2271142660.0,6905.740234375,98.04000091552734,4325.10009765625,0.41160001754760744,165.19366455078125
2025-12-30,851.1907348632812,862.0198364257812,848.4505004882812,860.5537109375,2042633098.0,6896.240234375,98.23999786376953,4370.10009765625,0.4130000114440918,165.19366455078125
2025-12-31,860.5555419921875,873.8369140625,856.8807983398438,863.2573852539062,2539874072.0,6845.5,98.27999877929688,4325.60009765625,0.41630001068115235,165.19366455078125
2026-01-01,863.2581787109375,872.2593994140625,855.6074829101562,863.0546264648438,1623168589.0,6845.5,98.27999877929688,4325.60009765625,0.41630001068115235,165.19366455078125
2026-01-02,863.05517578125,890.1697387695312,858.8756103515625,880.8441772460938,2274583336.0,6858.47021484375,98.41999816894531,4314.39990234375,0.4186999797821045,165.19366455078125
2026-01-03,880.8558959960938,883.4481201171875,869.5321044921875,878.6394653320312,1660447864.0,6858.47021484375,98.41999816894531,4314.39990234375,0.4186999797821045,165.19366455078125
2026-01-04,878.6434326171875,902.0450439453125,878.4307250976562,894.3836669921875,1869811425.0,6858.47021484375,98.41999816894531,4314.39990234375,0.4186999797821045,165.19366455078125
2026-01-05,894.3954467773438,915.7417602539062,891.7756958007812,910.7883911132812,2191450063.0,6902.0498046875,98.2699966430664,4436.89990234375,0.41649999618530276,165.19366455078125
2026-01-06,910.7823486328125,921.5477905273438,892.9228515625,917.5072631835938,2396005647.0,6944.81982421875,98.58000183105469,4482.2001953125,0.41789999008178713,165.19366455078125
2026-01-07,917.507568359375,918.7974853515625,892.78076171875,899.414306640625,2328531769.0,6920.93017578125,98.68000030517578,4449.2998046875,0.4138000011444092,165.19366455078125
2026-01-08,899.4205932617188,903.2437133789062,875.6906127929688,891.7537231445312,2150672078.0,6921.4599609375,98.93000030517578,4449.7001953125,0.4183000087738037,165.19366455078125
2026-01-09,891.74267578125,899.3383178710938,885.8805541992188,895.46923828125,1729373289.0,6966.27978515625,99.12999725341797,4490.2998046875,0.4171000003814697,165.19366455078125
2026-01-10,895.4766235351562,913.9031982421875,895.4766235351562,906.1124877929688,1917030206.0,6966.27978515625,99.12999725341797,4490.2998046875,0.4171000003814697,165.19366455078125
2026-01-11,906.108154296875,915.600830078125,898.7893676757812,902.7507934570312,1753041961.0,6966.27978515625,99.12999725341797,4490.2998046875,0.4171000003814697,165.19366455078125
2026-01-12,902.7498168945312,909.0939331054688,894.8656616210938,905.4176635742188,2073080994.0,6977.27001953125,98.86000061035156,4604.2998046875,0.4186999797821045,165.19366455078125
2026-01-13,905.41455078125,949.0227661132812,901.7335205078125,942.4600830078125,3312675690.0,6963.740234375,99.12999725341797,4589.2001953125,0.4171000003814697,165.19366455078125
2026-01-14,942.4613647460938,951.8939819335938,928.5576171875,949.10888671875,2898477115.0,6926.60009765625,99.12999725341797,4626.2998046875,0.4139999866485596,165.19366455078125
2026-01-15,949.0888061523438,949.0888061523438,924.7374267578125,930.8783569335938,2344675895.0,6944.47021484375,99.31999969482422,4616.2998046875,0.4159999847412109,165.19366455078125
2026-01-16,930.880615234375,938.5700073242188,924.5513916015625,937.5318603515625,1873697028.0,6940.009765625,99.38999938964844,4588.39990234375,0.42309999465942383,165.19366455078125
2026-01-17,937.5349731445312,954.8583374023438,935.4063720703125,947.0445556640625,1840297630.0,6940.009765625,99.38999938964844,4588.39990234375,0.42309999465942383,165.19366455078125
2026-01-18,947.0431518554688,952.6962280273438,932.496826171875,932.5913696289062,1896106924.0,6940.009765625,99.38999938964844,4588.39990234375,0.42309999465942383,165.19366455078125
2026-01-19,932.5845947265625,932.5851440429688,910.626220703125,922.4950561523438,3099807569.0,6940.009765625,99.38999938964844,4588.39990234375,0.42309999465942383,165.19366455078125
2026-01-20,922.5040893554688,931.8021850585938,884.2285766601562,884.6754760742188,2987548371.0,6796.85986328125,98.63999938964844,4759.60009765625,0.42950000762939455,165.19366455078125
2026-01-21,884.6625366210938,892.538818359375,864.4113159179688,882.5582885742188,3827882862.0,6875.6201171875,98.76000213623047,4831.7998046875,0.42529997825622556,165.19366455078125
2026-01-22,882.560302734375,896.4900512695312,878.450927734375,886.9723510742188,1870632923.0,6913.35009765625,98.36000061035156,4908.7998046875,0.4249000072479248,165.19366455078125
2026-01-23,886.9716796875,902.139892578125,883.2767333984375,890.7664184570312,2043693107.0,6915.60986328125,97.5999984741211,4976.2001953125,0.4238999843597412,165.19366455078125
2026-01-24,890.7814331054688,892.8172607421875,885.5463256835938,886.1796264648438,1290044834.0,6915.60986328125,97.5999984741211,4976.2001953125,0.4238999843597412,165.19366455078125
2026-01-25,886.1843872070312,886.1843872070312,855.9146118164062,864.7267456054688,2065395074.0,6915.60986328125,97.5999984741211,4976.2001953125,0.4238999843597412,165.19366455078125
2026-01-26,864.7274169921875,880.0272827148438,864.7274169921875,878.7445068359375,2107947407.0,6950.22998046875,97.04000091552734,5079.7001953125,0.42129998207092284,165.19366455078125
2026-01-27,878.7389526367188,899.839599609375,875.3734130859375,897.66552734375,2080464235.0,6978.60009765625,96.22000122070312,5079.89990234375,0.42230000495910647,165.19366455078125
2026-01-28,897.6614990234375,907.3658447265625,893.4732055664062,901.348876953125,1929255921.0,6978.02978515625,96.44999694824219,5301.60009765625,0.4250999927520752,165.19366455078125
2026-01-29,901.3906860351562,904.4390869140625,853.1878662109375,867.09814453125,3967708737.0,6969.009765625,96.27999877929688,5318.39990234375,0.422700023651123,165.19366455078125
2026-01-30,867.0933837890625,867.9181518554688,832.5636596679688,857.2587280273438,3063940340.0,6939.02978515625,96.98999786376953,4713.89990234375,0.4241000175476074,165.19366455078125
2026-01-31,857.252685546875,858.8644409179688,765.6923217773438,780.4845581054688,3250985432.0,6939.02978515625,96.98999786376953,4713.89990234375,0.4241000175476074,165.19366455078125
2026-02-01,780.4640502929688,788.1553344726562,742.9596557617188,758.4573974609375,2530207621.0,6939.02978515625,96.98999786376953,4713.89990234375,0.4241000175476074,165.19366455078125
2026-02-02,758.4321899414062,779.3193969726562,730.0673217773438,774.5792846679688,3129876950.0,6976.43994140625,97.61000061035156,4622.5,0.42750000953674316,165.19366455078125
2026-02-03,774.5657958984375,782.135498046875,736.810791015625,753.5781860351562,2673231321.0,6917.81005859375,97.44000244140625,4903.7001953125,0.427400016784668,165.19366455078125
2026-02-04,753.5673217773438,763.9029541015625,687.341552734375,697.8617553710938,3263769381.0,6882.72021484375,97.62000274658203,4920.39990234375,0.42750000953674316,165.19366455078125
2026-02-05,697.8231811523438,699.7532958984375,603.3870239257812,606.5428466796875,4896219244.0,6798.39990234375,97.81999969482422,4861.39990234375,0.42100000381469727,165.19366455078125
2026-02-06,606.547607421875,668.3985595703125,576.7190551757812,657.4215087890625,4201603681.0,6932.2998046875,97.62999725341797,4951.2001953125,0.42059998512268065,165.19366455078125
2026-02-07,657.4197998046875,662.0016479492188,631.9534301757812,647.3502807617188,2237248068.0,6932.2998046875,97.62999725341797,4951.2001953125,0.42059998512268065,165.19366455078125
2026-02-08,647.3492431640625,650.4102783203125,633.6199951171875,640.253662109375,1623329068.0,6932.2998046875,97.62999725341797,4951.2001953125,0.42059998512268065,165.19366455078125
2026-02-09,640.2106323242188,644.5773315429688,616.7033081054688,635.9544677734375,1879500739.0,6964.81982421875,96.81999969482422,5050.89990234375,0.4197999954223633,165.19366455078125
2026-02-10,635.9563598632812,640.9609985351562,614.6978759765625,619.5703125,1623315797.0,6941.81005859375,96.80000305175781,5003.7998046875,0.41469998359680177,165.19366455078125
2026-02-11,619.5706787109375,623.1843872070312,587.8129272460938,607.1871337890625,2137150889.0,6941.47021484375,96.83000183105469,5071.60009765625,0.41719999313354494,165.19366455078125
2026-02-12,607.189453125,619.1156005859375,601.8274536132812,613.7109375,1596683425.0,6832.759765625,96.93000030517578,4923.7001953125,0.4104000091552734,165.19366455078125
2026-02-13,613.7088012695312,621.9074096679688,592.6002807617188,619.0838623046875,1865657141.0,6836.169921875,96.87999725341797,5022.0,0.40560002326965333,165.19366455078125
2026-02-14,619.086181640625,636.5562744140625,616.19287109375,633.34521484375,1422078768.0,6836.169921875,96.87999725341797,5022.0,0.40560002326965333,165.19366455078125
2026-02-15,633.3302612304688,640.5645141601562,609.2208862304688,614.6380004882812,1572726908.0,6836.169921875,96.87999725341797,5022.0,0.40560002326965333,165.19366455078125
2026-02-16,614.6565551757812,629.6680297851562,605.3688354492188,626.5706787109375,1384918308.0,6836.169921875,96.87999725341797,5022.0,0.40560002326965333,165.19366455078125
2026-02-17,626.5838623046875,630.4534912109375,610.81884765625,617.5620727539062,1273885332.0,6843.22021484375,97.16000366210938,4882.89990234375,0.4052000045776367,165.19366455078125
2026-02-18,617.5640258789062,624.6931762695312,602.2733764648438,604.5238037109375,1407996950.0,6881.31005859375,97.69999694824219,4986.5,0.4078999996185303,165.19366455078125
2026-02-19,604.5213012695312,613.7492065429688,597.5038452148438,607.1598510742188,1468442931.0,6861.89013671875,97.93000030517578,4975.89990234375,0.4074999809265137,165.19366455078125
2026-02-20,607.1751708984375,628.9857788085938,601.8662109375,625.6635131835938,1709915616.0,6909.509765625,97.80000305175781,5059.2998046875,0.4085999965667725,165.19366455078125
2026-02-21,625.6677856445312,633.5925903320312,624.1028442382812,625.8980712890625,1183913259.0,6909.509765625,97.80000305175781,5059.2998046875,0.4085999965667725,165.19366455078125
2026-02-22,625.8922119140625,626.5341186523438,610.2918090820312,614.4066772460938,1089029749.0,6909.509765625,97.80000305175781,5059.2998046875,0.4085999965667725,165.19366455078125
2026-02-23,614.40625,614.85791015625,586.0204467773438,595.8651123046875,2110764624.0,6837.75,97.69999694824219,5204.7001953125,0.40289998054504395,165.19366455078125
2026-02-24,595.8753051757812,602.2252197265625,578.3405151367188,584.1098022460938,1777417541.0,6890.06982421875,97.87999725341797,5155.7998046875,0.40329999923706056,165.19366455078125
2026-02-25,584.1054077148438,636.5101318359375,582.2049560546875,629.0726318359375,2691687940.0,6946.1298828125,97.69999694824219,5206.39990234375,0.4047999858856201,165.19366455078125
2026-02-26,629.0772094726562,633.10009765625,615.2544555664062,625.9132080078125,2766164029.0,6908.85986328125,97.79000091552734,5176.5,0.4017000198364258,165.19366455078125
2026-02-27,625.9151000976562,633.1871948242188,607.4542846679688,613.9695434570312,1782727960.0,6878.8798828125,97.61000061035156,5230.5,0.39619998931884765,165.19366455078125
2026-02-28,613.9728393554688,620.1138305664062,589.5475463867188,617.2463989257812,1819918584.0,6878.8798828125,97.61000061035156,5230.5,0.39619998931884765,165.19366455078125
2026-03-01,617.2444458007812,631.6217651367188,611.6749877929688,618.107177734375,1918919287.0,6878.8798828125,97.61000061035156,5230.5,0.39619998931884765,165.19366455078125
2026-03-02,618.0946655273438,651.0946655273438,613.5411376953125,637.2395629882812,1947915391.0,6881.6201171875,98.37999725341797,5294.39990234375,0.4047999858856201,165.19366455078125
2026-03-03,637.2459716796875,641.4384155273438,621.8411254882812,633.8309326171875,1802590269.0,6816.6298828125,99.05000305175781,5107.39990234375,0.40560002326965333,165.19366455078125
2026-03-04,633.8281860351562,665.103271484375,627.156494140625,657.8167724609375,2127945160.0,6869.5,98.7699966430664,5120.2001953125,0.40799999237060547,165.19366455078125
2026-03-05,657.8167724609375,664.6438598632812,646.8931884765625,647.6258544921875,1672800685.0,6830.7099609375,99.31999969482422,5065.2998046875,0.41459999084472654,165.19366455078125
2026-03-06,647.622802734375,651.22705078125,626.0018310546875,627.2734375,1385900394.0,6740.02001953125,98.98999786376953,5146.10009765625,0.4132999897003174,165.19366455078125
2026-03-07,627.2833862304688,629.9575805664062,619.0372924804688,620.0662841796875,1082294510.0,6740.02001953125,98.98999786376953,5146.10009765625,0.4132999897003174,165.19366455078125
2026-03-08,620.0664672851562,623.7977294921875,609.404296875,612.0388793945312,1289759347.0,6740.02001953125,98.98999786376953,5146.10009765625,0.4132999897003174,165.19366455078125
2026-03-09,612.0381469726562,642.1057739257812,611.7686157226562,634.5003662109375,1626567950.0,6795.990234375,99.18000030517578,5091.5,0.4136000156402588,165.19366455078125
2026-03-10,634.5062866210938,651.5347900390625,634.5042724609375,641.8792114257812,1580638205.0,6781.47998046875,98.83000183105469,5229.7001953125,0.4136000156402588,165.19366455078125
2026-03-11,641.8812255859375,655.0443725585938,636.7280883789062,651.4783325195312,1616600713.0,6775.7998046875,99.2300033569336,5167.39990234375,0.42080001831054686,165.19366455078125
2026-03-12,651.4718627929688,656.0228881835938,642.4793701171875,652.135009765625,1564250832.0,6672.6201171875,99.73999786376953,5115.7998046875,0.42729997634887695,165.19366455078125
2026-03-13,652.1265869140625,677.7486572265625,651.46240234375,655.8819580078125,2275392491.0,6632.18994140625,100.36000061035156,5052.5,0.4284999847412109,165.19366455078125
2026-03-14,655.87353515625,657.8693237304688,650.6181640625,657.8316040039062,1300376753.0,6632.18994140625,100.36000061035156,5052.5,0.4284999847412109,165.19366455078125
2026-03-15,657.8248291015625,678.3255615234375,654.6995849609375,673.701171875,1570006668.0,6632.18994140625,100.36000061035156,5052.5,0.4284999847412109,165.19366455078125
2026-03-16,673.7127685546875,685.4031372070312,670.8892211914062,679.3547973632812,2399816312.0,6699.3798828125,99.70999908447266,4994.0,0.42199997901916503,165.19366455078125
2026-03-17,679.3580322265625,685.6272583007812,664.715576171875,668.7809448242188,1875359590.0,6716.08984375,99.58000183105469,5001.0,0.4202000141143799,165.19366455078125
2026-03-18,668.7760620117188,676.30078125,645.5967407226562,652.05908203125,1920423223.0,6624.7001953125,100.08999633789062,4889.89990234375,0.4258999824523926,165.19366455078125
2026-03-19,652.0613403320312,655.2645263671875,634.0431518554688,639.2661743164062,1763650441.0,6606.490234375,99.2300033569336,4600.7001953125,0.4281000137329102,165.19366455078125
2026-03-20,639.2692260742188,646.859130859375,637.0761108398438,642.183349609375,1633691311.0,6506.47998046875,99.6500015258789,4570.39990234375,0.4390999794006348,165.19366455078125
2026-03-21,642.1868896484375,645.5946655273438,629.8920288085938,630.1337890625,1236470411.0,6506.47998046875,99.6500015258789,4570.39990234375,0.4390999794006348,165.19366455078125
2026-03-22,629.8768310546875,636.671142578125,622.8684692382812,626.601318359375,1616327413.0,6506.47998046875,99.6500015258789,4570.39990234375,0.4390999794006348,165.19366455078125
2026-03-23,626.5970458984375,648.4214477539062,621.026123046875,638.5368041992188,2371029968.0,6581.0,98.94999694824219,4404.10009765625,0.43340001106262205,165.19366455078125
2026-03-24,638.5543823242188,639.3514404296875,627.3970336914062,638.2528076171875,1645704845.0,6556.3701171875,99.43000030517578,4399.2998046875,0.43920001983642576,165.19366455078125
2026-03-25,638.2496337890625,651.9640502929688,638.2335205078125,647.328125,1700935601.0,6591.89990234375,99.5999984741211,4549.7998046875,0.4328000068664551,165.19366455078125
2026-03-26,647.3297729492188,647.84765625,623.0634155273438,628.9946899414062,1566197398.0,6477.16015625,99.9000015258789,4375.5,0.44159998893737795,165.19366455078125
2026-03-27,628.994384765625,631.232177734375,606.0051879882812,613.2924194335938,1674423686.0,6368.85009765625,100.1500015258789,4492.0,0.4440000057220459,165.19366455078125
2026-03-28,613.30712890625,617.5477294921875,610.1975708007812,610.7012329101562,875286131.0,6368.85009765625,100.1500015258789,4492.0,0.4440000057220459,165.19366455078125
2026-03-29,610.7001342773438,614.4796752929688,598.7274780273438,605.6762084960938,1340354447.0,6368.85009765625,100.1500015258789,4492.0,0.4440000057220459,165.19366455078125
2026-03-30,605.6853637695312,620.2302856445312,605.1995849609375,608.5535278320312,1691424092.0,6343.72021484375,100.51000213623047,4526.0,0.43420000076293946,165.19366455078125
2026-03-31,608.5606079101562,618.4916381835938,599.7499389648438,617.0491943359375,1789909133.0,6528.52001953125,99.95999908447266,4647.60009765625,0.4310999870300293,165.19366455078125
2026-04-01,617.0487670898438,620.9547119140625,610.3040771484375,610.6229858398438,1708753116.0,6575.31982421875,99.6500015258789,4783.2001953125,0.4318999767303467,165.19366455078125
2026-04-02,610.6221923828125,612.9745483398438,570.6839599609375,583.1368408203125,2253593411.0,6582.68994140625,100.02999877929688,4651.5,0.4313000202178955,165.19366455078125
2026-04-03,583.1388549804688,589.0858154296875,582.391845703125,588.1000366210938,1249381771.0,6582.68994140625,100.02999877929688,4651.5,0.4313000202178955,165.19366455078125
2026-04-04,588.0983276367188,595.6993408203125,587.4022827148438,593.28369140625,730361887.0,6582.68994140625,100.02999877929688,4651.5,0.4313000202178955,165.19366455078125
2026-04-05,593.28369140625,603.0015869140625,587.622314453125,601.5355834960938,869628725.0,6582.68994140625,100.02999877929688,4651.5,0.4313000202178955,165.19366455078125
2026-04-06,601.5371704101562,608.5709228515625,597.8638916015625,600.3857421875,1559391237.0,6611.830078125,99.9800033569336,4656.7998046875,0.4335000038146973,165.19366455078125
2026-04-07,600.3787841796875,623.72119140625,593.1414794921875,620.898681640625,1954715522.0,6616.85009765625,99.63999938964844,4657.10009765625,0.43429999351501464,165.19366455078125
2026-04-08,620.8573608398438,621.1431274414062,600.3358764648438,601.1722412109375,2031695469.0,6782.81005859375,99.12999725341797,4749.5,0.42909998893737794,165.19366455078125
2026-04-09,601.1717529296875,610.0821533203125,597.3724365234375,602.8275146484375,1836620252.0,6824.66015625,98.81999969482422,4792.2001953125,0.42930002212524415,165.19366455078125
2026-04-10,602.8265991210938,610.1380004882812,598.0321044921875,605.9915161132812,1779562868.0,6816.89013671875,98.6500015258789,4761.89990234375,0.4316999912261963,165.19366455078125
2026-04-11,605.9866333007812,613.906494140625,603.7946166992188,607.3914184570312,1673930281.0,6816.89013671875,98.6500015258789,4761.89990234375,0.4316999912261963,165.19366455078125
2026-04-12,607.390380859375,607.4102783203125,589.6085815429688,592.2140502929688,1835478450.0,6816.89013671875,98.6500015258789,4761.89990234375,0.4316999912261963,165.19366455078125
2026-04-13,592.2178344726562,617.2954711914062,592.0985717773438,615.05126953125,1956433843.0,6886.240234375,98.37000274658203,4742.39990234375,0.4296999931335449,165.19366455078125
2026-04-14,615.05224609375,624.8760375976562,611.7742309570312,614.0372314453125,2008088284.0,6967.3798828125,98.12000274658203,4825.0,0.425600004196167,165.19366455078125
2026-04-15,614.0441284179688,626.7930297851562,610.9451904296875,622.6653442382812,1644633857.0,7022.9501953125,98.05999755859375,4800.0,0.42820000648498535,165.19366455078125
2026-04-16,622.6685180664062,636.8116455078125,616.1176147460938,635.5833740234375,1856483537.0,7041.27978515625,98.22000122070312,4785.39990234375,0.43090000152587893,165.19366455078125
2026-04-17,635.5836791992188,645.67626953125,627.1564331054688,643.4501342773438,1994808217.0,7126.06005859375,98.0999984741211,4857.60009765625,0.4245999813079834,165.19366455078125
2026-04-18,643.4588012695312,648.50390625,628.5675659179688,630.3224487304688,1585391318.0,7126.06005859375,98.0999984741211,4857.60009765625,0.4245999813079834,165.19366455078125
2026-04-19,630.3184204101562,630.4656982421875,615.6062622070312,616.5244750976562,1507732097.0,7126.06005859375,98.0999984741211,4857.60009765625,0.4245999813079834,165.19366455078125
2026-04-20,616.5169677734375,631.8038940429688,616.4576416015625,629.2551879882812,1537738592.0,7109.14013671875,98.05000305175781,4806.60009765625,0.425,165.19366455078125
2026-04-21,629.2555541992188,640.5401000976562,625.4496459960938,631.7921752929688,1638232350.0,7064.009765625,98.41000366210938,4698.39990234375,0.4291999816894531,165.19366455078125
2026-04-22,631.792236328125,651.9832153320312,631.4053344726562,637.9317626953125,1843147330.0,7137.89990234375,98.58999633789062,4732.5,0.4294000148773193,165.19366455078125
2026-04-23,637.9317626953125,640.2591552734375,631.4028930664062,638.7262573242188,1592966390.0,7108.39990234375,98.80000305175781,4705.10009765625,0.4322999954223633,165.19366455078125
2026-04-24,638.7290649414062,640.2322387695312,632.4772338867188,636.4029541015625,1358812029.0,7165.080078125,98.51000213623047,4722.2998046875,0.4309999942779541,165.19366455078125
2026-04-25,636.3995361328125,638.4401245117188,627.6519775390625,628.6572875976562,758377286.0,7165.080078125,98.51000213623047,4722.2998046875,0.4309999942779541,165.19366455078125
2026-04-26,628.6551513671875,637.398193359375,627.7479858398438,636.1114501953125,1164927198.0,7165.080078125,98.51000213623047,4722.2998046875,0.4309999942779541,165.19366455078125
2026-04-27,636.1132202148438,639.6881713867188,619.8306274414062,626.9642333984375,1637610223.0,7173.91015625,98.4800033569336,4675.39990234375,0.43359999656677245,165.19366455078125
2026-04-28,626.9631958007812,627.419921875,619.69189453125,624.31103515625,1232472114.0,7138.7998046875,98.62000274658203,4591.5,0.43540000915527344,165.19366455078125
2026-04-29,624.3167724609375,629.2849731445312,611.4309692382812,617.3297729492188,1599657620.0,7135.9501953125,98.91999816894531,4545.2001953125,0.44180002212524416,165.19366455078125
2026-04-30,617.3309936523438,620.086669921875,613.9241333007812,615.0667114257812,1271759829.0,7209.009765625,98.08000183105469,4614.7001953125,0.43899998664855955,165.19366455078125
2026-05-01,615.0634765625,622.49072265625,614.2719116210938,615.3310546875,1373446549.0,7230.1201171875,98.20999908447266,4629.89990234375,0.4377999782562256,165.19366455078125
2026-05-02,615.3344116210938,620.3760986328125,614.1849365234375,617.82763671875,712563317.0,7230.1201171875,98.20999908447266,4629.89990234375,0.4377999782562256,165.19366455078125
2026-05-03,617.8273315429688,621.7371215820312,615.1119995117188,617.4823608398438,834198484.0,7230.1201171875,98.20999908447266,4629.89990234375,0.4377999782562256,165.19366455078125
2026-05-04,617.4823608398438,637.5142822265625,615.694091796875,622.6590576171875,2279940194.0,7200.75,98.47000122070312,4519.5,0.4446000099182129,165.19366455078125
2026-05-05,622.6592407226562,634.3936157226562,622.5728759765625,630.3912353515625,1737844496.0,7259.22021484375,98.4800033569336,4555.7998046875,0.44159998893737795,165.19366455078125
2026-05-06,630.3914184570312,662.101318359375,629.640625,647.57373046875,2481476834.0,7365.1201171875,98.0199966430664,4681.89990234375,0.43559999465942384,165.19366455078125
2026-05-07,647.5768432617188,652.891357421875,634.2047729492188,637.02197265625,1667366871.0,7337.10986328125,98.25,4699.7998046875,0.43920001983642576,165.19366455078125
2026-05-08,637.02197265625,651.1504516601562,635.1071166992188,649.0093383789062,1438423521.0,7398.93017578125,97.83999633789062,4720.39990234375,0.4363999843597412,165.19366455078125
2026-05-09,649.0152587890625,655.5877685546875,646.34765625,649.7373657226562,1278930889.0,7398.93017578125,97.83999633789062,4720.39990234375,0.4363999843597412,165.19366455078125
2026-05-10,649.737060546875,666.179443359375,645.0519409179688,663.6634521484375,1412124607.0,7398.93017578125,97.83999633789062,4720.39990234375,0.4363999843597412,165.19366455078125
2026-05-11,663.6634521484375,672.29296875,649.7805786132812,669.9736328125,1803928124.0,7412.83984375,97.94000244140625,4718.7001953125,0.44099998474121094,165.19366455078125
2026-05-12,669.9802856445312,670.7261962890625,650.7424926757812,664.5411376953125,1642513243.0,7400.9599609375,98.29000091552734,4677.60009765625,0.44629998207092286,165.19366455078125
2026-05-13,664.5421752929688,685.1040649414062,664.40576171875,671.3828125,1960838590.0,7444.25,98.4800033569336,4697.7001953125,0.44809999465942385,165.19366455078125
2026-05-14,671.38232421875,685.026611328125,665.5272827148438,677.9397583007812,1656801797.0,7501.240234375,98.87999725341797,4678.10009765625,0.44609999656677246,165.19366455078125
2026-05-15,677.9467163085938,689.1156005859375,670.1974487304688,672.111328125,1703187702.0,7408.5,99.2699966430664,4555.7998046875,0.45949997901916506,165.19366455078125
2026-05-16,672.100830078125,674.1542358398438,650.8592529296875,656.216064453125,1379762213.0,7408.5,99.2699966430664,4555.7998046875,0.45949997901916506,165.19366455078125
2026-05-17,656.2135009765625,657.0416870117188,643.2247314453125,648.7941284179688,783703455.0,7408.5,99.2699966430664,4555.7998046875,0.45949997901916506,165.19366455078125
2026-05-18,648.7821044921875,649.0114135742188,634.8690795898438,643.0562133789062,1418244426.0,7403.0498046875,98.97000122070312,4552.5,0.4623000144958496,165.19366455078125
2026-05-19,643.0573120117188,646.0852661132812,636.6726684570312,639.4500122070312,1113171362.0,7353.60986328125,99.30000305175781,4506.2998046875,0.46669998168945315,165.19366455078125
2026-05-20,639.4344482421875,650.740966796875,637.5531005859375,648.8192749023438,1126919622.0,7432.97021484375,99.11000061035156,4531.2998046875,0.4572000026702881,165.19366455078125
2026-05-21,648.8208618164062,658.8483276367188,646.0508422851562,657.349853515625,1228340767.0,7445.72021484375,99.19000244140625,4539.7998046875,0.45859999656677247,165.19366455078125
2026-05-22,657.3369140625,662.8820190429688,648.6656494140625,649.4689331054688,1327486028.0,7473.47021484375,99.31999969482422,4521.0,0.4558000087738037,165.19366455078125
2026-05-23,649.475830078125,661.4991455078125,635.64599609375,655.7096557617188,1294474331.0,7473.47021484375,99.31999969482422,4521.0,0.4558000087738037,165.19366455078125
2026-05-24,655.7109985351562,660.9962158203125,649.513916015625,656.0982666015625,1104832926.0,7473.47021484375,99.31999969482422,4521.0,0.4558000087738037,165.19366455078125
2026-05-25,656.0916748046875,672.2332763671875,655.4401245117188,662.3038330078125,1309145054.0,7473.47021484375,99.31999969482422,4521.0,0.4558000087738037,165.19366455078125
2026-05-26,662.3070068359375,667.137939453125,653.2839965820312,655.5963745117188,1618469382.0,7519.1201171875,99.16999816894531,4500.39990234375,0.4493000030517578,165.19366455078125
2026-05-27,655.6019897460938,657.9292602539062,646.1885375976562,648.1592407226562,1299270396.0,7520.35986328125,99.20999908447266,4447.5,0.44809999465942385,165.19366455078125
2026-05-28,648.1614990234375,648.1614990234375,628.17236328125,637.4937744140625,1387114881.0,7563.6298828125,99.0199966430664,4499.2998046875,0.44549999237060545,165.19366455078125
2026-05-29,637.5028076171875,643.6944580078125,631.308349609375,642.2872924804688,1229212667.0,7580.06005859375,98.91000366210938,4560.5,0.4453000068664551,165.19366455078125
2026-05-30,642.301025390625,726.1751708984375,642.0878295898438,717.9337768554688,3590363740.0,7580.06005859375,98.91000366210938,4560.5,0.4453000068664551,165.19366455078125
2026-05-31,717.9302978515625,743.3580932617188,704.9672241210938,708.584228515625,3011261654.0,7580.06005859375,98.91000366210938,4560.5,0.4453000068664551,165.19366455078125
2026-06-01,708.5490112304688,725.1892700195312,674.9254150390625,692.1307983398438,3603890086.0,7599.9599609375,99.19999694824219,4475.2001953125,0.44749999046325684,165.19366455078125
2026-06-02,692.1263427734375,694.2510375976562,645.6150512695312,650.4299926757812,2212967555.0,7609.77978515625,99.22000122070312,4489.10009765625,0.44549999237060545,165.19366455078125
2026-06-03,650.422607421875,655.1470336914062,617.6315307617188,620.0994262695312,2023083015.0,7553.68017578125,99.52999877929688,4436.7001953125,0.4491000175476074,165.19366455078125
2026-06-04,620.0994262695312,623.089111328125,588.540771484375,603.5347290039062,2306830558.0,7584.31005859375,99.41000366210938,4475.7998046875,0.44770002365112305,165.19366455078125
2026-06-05,603.5301513671875,606.1956176757812,558.3897705078125,572.1068725585938,2607132303.0,7383.740234375,100.06999969482422,4337.10009765625,0.4535999774932861,165.19366455078125
2026-06-06,572.1333618164062,583.1162719726562,561.0240478515625,574.5108032226562,1418745727.0,7383.740234375,100.06999969482422,4337.10009765625,0.4535999774932861,165.19366455078125
2026-06-07,574.5046997070312,606.80908203125,573.8145141601562,603.6289672851562,1355939748.0,7383.740234375,100.06999969482422,4337.10009765625,0.4535999774932861,165.19366455078125
2026-06-08,603.6482543945312,609.70458984375,592.0619506835938,601.6277465820312,1157549571.0,7405.72998046875,100.05000305175781,4335.89990234375,0.4552000045776367,165.19366455078125
2026-06-09,601.6333618164062,604.8546752929688,584.650390625,592.8506469726562,1187053835.0,7386.64990234375,99.91000366210938,4260.0,0.45279998779296876,165.19366455078125
2026-06-10,592.8521728515625,596.510986328125,581.291015625,586.173828125,1017565363.0,7266.990234375,99.94999694824219,4108.2001953125,0.45419998168945314,165.19366455078125
2026-06-11,586.1744384765625,605.4056396484375,586.0934448242188,605.0415649414062,1095074108.0,7394.2998046875,99.86000061035156,4090.300048828125,0.44629998207092286,165.19366455078125
2026-06-12,605.0452880859375,611.7357788085938,596.2879638671875,603.506591796875,994015378.0,7431.4599609375,99.75,4215.0,0.4486999988555908,165.19366455078125
2026-06-13,603.5062255859375,610.4230346679688,599.4810180664062,609.5437622070312,821135662.0,7431.4599609375,99.75,4215.0,0.4486999988555908,165.19366455078125
2026-06-14,609.542236328125,616.3787231445312,602.63818359375,616.0859375,1036522794.0,7431.4599609375,99.75,4215.0,0.4486999988555908,165.19366455078125
2026-06-15,616.0867919921875,631.1109619140625,612.6526489257812,617.421875,1343292765.0,7554.2900390625,99.62999725341797,4328.0,0.4468999862670898,165.19366455078125
2026-06-16,617.4208984375,618.8651733398438,602.8196411132812,604.3461303710938,1347367138.0,7511.35009765625,99.54000091552734,4330.89990234375,0.4427999973297119,165.19366455078125
2026-06-17,604.347412109375,611.21240234375,596.4523315429688,600.9586791992188,1281028503.0,7420.10009765625,100.08999633789062,4358.89990234375,0.44629998207092286,165.19366455078125
2026-06-18,600.9449462890625,603.1732788085938,573.3677978515625,578.0147094726562,1125978611.0,7500.580078125,100.8499984741211,4224.10009765625,0.4451000213623047,165.19366455078125
2026-06-19,578.0147094726562,581.93505859375,571.0119018554688,581.1637573242188,869522115.0,7500.580078125,100.8499984741211,4224.10009765625,0.4451000213623047,165.19366455078125
2026-06-20,581.2623901367188,588.56103515625,579.6949462890625,587.6138916015625,828038134.0,7500.580078125,100.8499984741211,4224.10009765625,0.4451000213623047,165.19366455078125
2026-06-21,587.6135864257812,591.3309326171875,583.7308959960938,583.7516479492188,758751631.0,7500.580078125,100.8499984741211,4224.10009765625,0.4451000213623047,165.19366455078125
2026-06-22,583.7490844726562,601.447021484375,583.7190551757812,589.918701171875,989771505.0,7472.7900390625,101.0199966430664,4181.89990234375,0.4508999824523926,165.19366455078125
2026-06-23,589.895751953125,591.8448486328125,570.8225708007812,577.5996704101562,966075609.0,7365.4599609375,101.41000366210938,4129.89990234375,0.4493000030517578,165.19366455078125
2026-06-24,577.6015625,580.5236206054688,548.5870361328125,563.7708129882812,1326402841.0,7358.22021484375,101.61000061035156,3990.300048828125,0.4401999950408936,165.19366455078125
2026-06-25,563.77197265625,571.3173217773438,543.183837890625,559.7989501953125,1359821571.0,7357.490234375,101.43000030517578,4030.5,0.43920001983642576,165.19366455078125
2026-06-26,559.7989501953125,568.9840087890625,550.2499389648438,566.8584594726562,1485816125.0,7354.02001953125,101.36000061035156,4078.699951171875,0.4372000217437744,165.19366455078125
2026-06-27,566.8609008789062,567.6494750976562,555.2898559570312,556.390869140625,908411267.0,7354.02001953125,101.36000061035156,4078.699951171875,0.4372000217437744,165.19366455078125
2026-06-28,556.3785400390625,557.9688110351562,545.8073120117188,550.69970703125,900129154.0,7354.02001953125,101.36000061035156,4078.699951171875,0.4372000217437744,165.19366455078125
2026-06-29,550.6596069335938,561.3637084960938,546.3059692382812,558.668212890625,1115281924.0,7440.43017578125,101.11000061035156,4022.300048828125,0.4374000072479248,165.19366455078125
2026-06-30,558.6676025390625,559.3113403320312,543.345703125,545.6861572265625,1113363069.0,7499.35986328125,101.19000244140625,4022.89990234375,0.44180002212524416,165.19366455078125
2026-07-01,545.67919921875,557.3272705078125,538.5992431640625,550.1094970703125,1369626811.0,7483.22998046875,101.38999938964844,4068.300048828125,0.44749999046325684,165.19366455078125
2026-07-02,550.1113891601562,566.0003051757812,546.3494262695312,558.0145263671875,1333013092.0,7483.240234375,100.86000061035156,4112.7001953125,0.4485000133514404,165.19366455078125
2026-07-03,558.0144653320312,574.17626953125,556.9342651367188,573.4421997070312,1081508938.0,7483.240234375,100.86000061035156,4112.7001953125,0.4485000133514404,165.19366455078125
2026-07-04,573.4444580078125,578.0556640625,568.4288940429688,574.9729614257812,1084811368.0,7483.240234375,100.86000061035156,4112.7001953125,0.4485000133514404,165.19366455078125
2026-07-05,574.9724731445312,592.1261596679688,568.5374145507812,588.9351196289062,1328089383.0,7483.240234375,100.86000061035156,4112.7001953125,0.4485000133514404,165.19366455078125
2026-07-06,588.9380493164062,592.1600341796875,570.1879272460938,585.4335327148438,1405839910.0,7537.43017578125,100.8499984741211,4155.10009765625,0.44790000915527345,165.19366455078125
2026-07-07,585.4364624023438,587.1636962890625,576.1844482421875,576.7965698242188,1091645141.0,7503.85009765625,101.13999938964844,4145.2998046875,0.45289998054504393,165.19366455078125
2026-07-08,576.7944946289062,578.3355712890625,560.27587890625,568.3060913085938,1104808263.0,7482.7099609375,101.05000305175781,4070.89990234375,0.45689997673034666,165.19366455078125
2026-07-09,568.3072509765625,575.0242919921875,565.54150390625,568.4684448242188,1020956200.0,7543.64013671875,100.94000244140625,4130.60009765625,0.45390000343322756,165.19366455078125
2026-07-10,568.4669799804688,577.5811157226562,568.12109375,575.031982421875,1039954030.0,7575.39013671875,100.97000122070312,4104.10009765625,0.45689997673034666,165.19366455078125
2026-07-11,575.0352172851562,582.0732421875,573.1099243164062,574.8894653320312,869866045.0,7575.39013671875,100.97000122070312,4104.10009765625,0.45689997673034666,165.19366455078125
2026-07-12,574.8919067382812,582.97216796875,570.0609130859375,573.9483032226562,968436788.0,7575.39013671875,100.97000122070312,4104.10009765625,0.45689997673034666,165.19366455078125
2026-07-13,573.9459838867188,578.9523315429688,562.2921142578125,566.6336669921875,991239692.0,7515.33984375,101.27999877929688,3997.0,0.46090002059936525,165.19366455078125
2026-07-14,566.6309814453125,583.3642578125,566.2113647460938,581.7556762695312,1188215639.0,7543.58984375,100.94000244140625,4061.10009765625,0.45850000381469724,165.19366455078125
2026-07-15,581.7587280273438,584.1309204101562,575.7394409179688,580.1040649414062,1170264202.0,7572.39990234375,100.5,4044.0,0.4545000076293945,165.19366455078125
2026-07-16,580.107421875,584.1412963867188,571.5925903320312,572.1932373046875,1034278765.0,7533.77001953125,100.7300033569336,3985.60009765625,0.45689997673034666,165.19366455078125
2026-07-17,572.1828002929688,574.2609252929688,555.6729736328125,567.7648315429688,1233596492.0,7457.68994140625,100.75,4012.699951171875,0.4540999889373779,165.19366455078125
2026-07-18,567.7681274414062,571.9390869140625,566.1561279296875,570.2855224609375,834755411.0,7457.68994140625,100.75,4012.699951171875,0.4540999889373779,165.19366455078125
2026-07-19,570.2862548828125,571.658447265625,566.75439453125,570.4041748046875,824772602.0,7457.68994140625,100.75,4012.699951171875,0.4540999889373779,165.19366455078125
2026-07-20,570.4097900390625,574.4619750976562,563.2748413085938,570.7332763671875,1103435923.0,7443.27978515625,100.98999786376953,4010.300048828125,0.45980000495910645,165.19366455078125
2026-07-21,570.7421264648438,579.148193359375,570.5935668945312,573.5968627929688,1115064597.0,7509.2001953125,101.18000030517578,4071.10009765625,0.4627999782562256,165.19366455078125
2026-07-22,573.602294921875,575.0814819335938,567.2611694335938,570.7539672851562,991239577.0,7498.9599609375,101.13999938964844,4146.89990234375,0.46570000648498533,165.19366455078125
2026-07-23,570.7554931640625,571.7393188476562,564.103271484375,566.9454956054688,914774204.0,7408.2998046875,101.43000030517578,4046.60009765625,0.47030000686645507,165.19366455078125
2026-07-24,566.9429321289062,570.5921630859375,556.7088012695312,564.3374633789062,1011337723.0,7411.97998046875,101.47000122070312,4067.60009765625,0.4678999900817871,165.19366455078125
2026-07-25,564.3324584960938,569.3478393554688,563.613037109375,568.46875,785530621.0,7411.97998046875,101.47000122070312,4067.60009765625,0.4678999900817871,165.19366455078125
2026-07-26,568.466796875,575.6427001953125,568.4383544921875,574.5038452148438,818584128.0,7411.97998046875,101.47000122070312,4067.60009765625,0.4678999900817871,165.19366455078125
2026-07-27,574.5032958984375,576.2010498046875,565.3123779296875,565.73046875,961806343.0,7413.18017578125,101.51000213623047,4074.5,0.46409997940063474,165.19366455078125
2026-07-28,565.7461547851562,574.6143188476562,562.9065551757812,570.4871826171875,987867906.0,7428.77978515625,101.37999725341797,4036.300048828125,0.46040000915527346,165.19366455078125
2026-07-29,570.495361328125,572.6674194335938,565.0828247070312,571.4020385742188,939729864.0,7316.14990234375,100.80000305175781,4034.699951171875,0.4622000217437744,165.19366455078125
2026-07-30,571.4003295898438,595.229248046875,570.4595336914062,592.0128173828125,1326666570.0,7437.6298828125,100.01000213623047,4100.10009765625,0.46630001068115234,165.19366455078125
2026-07-31,592.0213623046875,594.3985595703125,583.5209350585938,586.427001953125,1212212216.0,7489.72021484375,99.80000305175781,4049.10009765625,0.4744999885559082,165.19366455078125
2026-08-01,586.4301147460938,591.578125,573.7284545898438,574.9596557617188,1092981314.0,7489.72021484375,99.80000305175781,4049.10009765625,0.4744999885559082,165.19366455078125
2026-08-02,574.9642333984375,590.129638671875,573.700927734375,587.5682983398438,941393721.0,7489.72021484375,99.80000305175781,4049.10009765625,0.4744999885559082,165.19366455078125
2026-08-03,587.5711059570312,593.3220825195312,580.8663330078125,588.795166015625,1006505117.0,7600.5,99.95999908447266,4033.699951171875,0.4685999870300293,165.19366455078125
2026-08-04,588.7953491210938,594.4669799804688,587.5797729492188,592.8079223632812,949346459.0,7736.52001953125,99.88999938964844,4095.39990234375,0.46269998550415037,165.19366455078125
2026-08-05,592.7850952148438,603.9481201171875,591.8446044921875,593.2213134765625,1306888800.0,7723.5498046875,99.69000244140625,4245.7998046875,0.4617000102996826,165.19366455078125
2026-08-06,593.2227783203125,597.4979248046875,589.6243286132812,591.6528930664062,953743093.0,7709.9599609375,99.97000122070312,4242.0,0.46700000762939453,165.19366455078125
2026-08-07,591.6525268554688,593.7726440429688,585.1305541992188,592.1971435546875,1370866961.0,7757.64013671875,99.5999984741211,4340.7001953125,0.46599998474121096,165.19366455078125
2026-08-08,592.193115234375,609.5114135742188,590.5120239257812,600.4220581054688,1072496627.0,7757.64013671875,99.5999984741211,4340.7001953125,0.46599998474121096,165.19366455078125
2026-08-09,600.4210205078125,610.097412109375,599.9470825195312,601.7662963867188,1032011852.0,7757.64013671875,99.5999984741211,4340.7001953125,0.46599998474121096,165.19366455078125
2026-08-10,601.7837524414062,605.95361328125,597.3451538085938,598.6873168945312,1054595862.0,7753.10986328125,99.80999755859375,4361.7998046875,0.46989998817443845,165.19366455078125
2026-08-11,598.6846923828125,616.8174438476562,598.1167602539062,616.4986572265625,1311056319.0,7728.2001953125,99.81999969482422,4383.0,0.4684000015258789,165.19366455078125
2026-08-12,616.498291015625,619.3920288085938,608.5897827148438,609.6798095703125,1179194321.0,7748.5,100.01000213623047,4408.89990234375,0.4682000160217285,165.19366455078125
2026-08-13,609.66552734375,614.0260009765625,605.6968994140625,610.0366821289062,991318908.0,7798.990234375,99.95999908447266,4363.60009765625,0.46409997940063474,165.19366455078125
2026-08-14,610.0361328125,611.791748046875,602.6419067382812,607.5797729492188,904964325.0,7785.759765625,99.66999816894531,4380.39990234375,0.4696000099182129,165.19366455078125
2026-08-15,607.5783081054688,611.7791137695312,606.84814453125,607.104248046875,555761984.0,7785.759765625,99.66999816894531,4380.39990234375,0.4696000099182129,165.19366455078125
2026-08-16,607.1052856445312,607.660888671875,601.1326904296875,602.4793701171875,635151199.0,7785.759765625,99.66999816894531,4380.39990234375,0.4696000099182129,165.19366455078125
2026-08-17,602.4811401367188,607.151123046875,600.982666015625,605.17236328125,1022798732.0,7745.06005859375,99.63999938964844,4417.7998046875,0.47239999771118163,165.19366455078125
2026-08-18,605.1646118164062,605.3096313476562,599.52783203125,603.5281982421875,972520123.0,7691.759765625,99.6500015258789,4366.0,0.47059998512268064,165.19366455078125
2026-08-19,603.52880859375,635.4505615234375,600.863525390625,626.4718017578125,1864254281.0,7707.97998046875,98.83000183105469,4489.39990234375,0.46529998779296877,165.19366455078125
2026-08-20,626.4666748046875,657.6785278320312,622.2499389648438,654.9075317382812,2301724571.0,7641.16015625,98.9000015258789,4516.2998046875,0.4696000099182129,165.19366455078125
2026-08-21,654.9114379882812,691.3654174804688,653.5401000976562,686.966796875,2932629797.0,7674.3701171875,98.80000305175781,4624.10009765625,0.473799991607666,165.19366455078125
2026-08-22,686.971435546875,725.3282470703125,683.4513549804688,695.7017211914062,3166031052.0,7674.3701171875,98.80000305175781,4624.10009765625,0.473799991607666,165.19366455078125
2026-08-23,695.713134765625,706.6343383789062,678.8565673828125,701.8467407226562,1748341826.0,7674.3701171875,98.80000305175781,4624.10009765625,0.473799991607666,165.19366455078125
2026-08-24,701.8606567382812,715.3873291015625,693.6182861328125,703.6381225585938,1930945903.0,7652.85986328125,99.0,4640.7998046875,0.4703999996185303,165.19366455078125
2026-08-25,703.7933349609375,718.1685791015625,702.504638671875,702.1799926757812,2119886592.0,7652.85986328125,98.96600341796875,4686.10009765625,0.4703999996185303,165.19366455078125
