,open,high,low,close,volume,sp500_close,dxy,gold,treasury_10y,gpr
2022-08-25,21368.05,21819.88,21310.15,21559.04,169915.78301,4199.1201171875,108.47000122070312,1757.699951171875,0.30260000228881834,144.47335815429688
2022-08-26,21559.04,21886.77,20107.9,20241.05,273811.61955,4057.659912109375,108.80000305175781,1736.0999755859375,0.30350000858306886,144.47335815429688
2022-08-27,20239.14,20402.93,19800.0,20037.6,162582.46032,4057.659912109375,108.80000305175781,1736.0999755859375,0.30350000858306886,144.47335815429688
2022-08-28,20037.6,20171.18,19520.0,19555.61,139307.95976,4057.659912109375,108.80000305175781,1736.0999755859375,0.30350000858306886,144.47335815429688
2022-08-29,19555.61,20433.62,19550.79,20285.73,210509.49545,4030.610107421875,108.83999633789062,1736.5999755859375,0.3109999895095825,144.47335815429688
2022-08-30,20287.2,20576.25,19540.0,19811.66,256634.35529,3986.159912109375,108.7699966430664,1723.199951171875,0.3109999895095825,144.47335815429688
2022-08-31,19813.03,20490.0,19797.94,20050.02,276946.60765,3955.0,108.69999694824219,1712.800048828125,0.31329998970031736,144.47335815429688
2022-09-01,20048.44,20208.37,19565.66,20131.46,245289.97263,3966.85009765625,109.69000244140625,1696.5999755859375,0.3265000104904175,144.47335815429688
2022-09-02,20132.64,20441.26,19755.29,19951.86,245986.6033,3924.260009765625,109.52999877929688,1709.800048828125,0.3193000078201294,144.47335815429688
2022-09-03,19950.98,20055.93,19652.72,19831.9,146639.03204,3924.260009765625,109.52999877929688,1709.800048828125,0.3193000078201294,144.47335815429688
2022-09-04,19832.45,20029.23,19583.1,20000.3,145588.77893,3924.260009765625,109.52999877929688,1709.800048828125,0.3193000078201294,144.47335815429688
2022-09-05,20000.3,20057.27,19633.83,19796.84,222543.01057,3924.260009765625,109.52999877929688,1709.800048828125,0.3193000078201294,144.47335815429688
2022-09-06,19795.34,20180.0,18649.51,18790.61,356315.05718,3908.18994140625,110.20999908447266,1700.4000244140625,0.33399999141693115,144.47335815429688
2022-09-07,18790.61,19464.06,18510.77,19292.84,287394.7788,3979.8701171875,109.83999633789062,1715.300048828125,0.3265000104904175,144.47335815429688
2022-09-08,19292.85,19458.25,19012.0,19319.77,262813.28273,4006.179931640625,109.70999908447266,1708.0,0.329200005531311,144.47335815429688
2022-09-09,19320.54,21597.22,19291.75,21360.11,428919.74652,4067.360107421875,109.0,1716.199951171875,0.33210000991821287,144.47335815429688
2022-09-10,21361.62,21810.8,21111.13,21648.34,307997.33504,4067.360107421875,109.0,1716.199951171875,0.33210000991821287,144.47335815429688
2022-09-11,21647.21,21860.0,21350.0,21826.87,280702.55149,4067.360107421875,109.0,1716.199951171875,0.33210000991821287,144.47335815429688
2022-09-12,21826.87,22488.0,21538.51,22395.74,395395.61828,4110.41015625,108.33000183105469,1728.0999755859375,0.3361999988555908,144.47335815429688
2022-09-13,22395.44,22799.0,19860.0,20173.57,431915.03333,3932.68994140625,109.81999969482422,1705.0,0.34219999313354493,144.47335815429688
2022-09-14,20173.62,20541.48,19617.62,20226.71,340826.40151,3946.010009765625,109.66000366210938,1696.5,0.34119999408721924,144.47335815429688
2022-09-15,20227.17,20330.24,19497.0,19701.88,333069.76076,3901.35009765625,109.73999786376953,1665.4000244140625,0.3459000110626221,144.47335815429688
2022-09-16,19701.88,19890.0,19320.01,19803.3,283791.07064,3873.330078125,109.76000213623047,1671.699951171875,0.3447999954223633,144.47335815429688
2022-09-17,19803.3,20189.0,19748.08,20113.62,179350.24338,3873.330078125,109.76000213623047,1671.699951171875,0.3447999954223633,144.47335815429688
2022-09-18,20112.61,20117.26,19335.62,19416.18,254217.46904,3873.330078125,109.76000213623047,1671.699951171875,0.3447999954223633,144.47335815429688
2022-09-19,19417.45,19686.2,18232.56,19537.02,380512.40306,3899.889892578125,109.73999786376953,1666.199951171875,0.34900000095367434,144.47335815429688
2022-09-20,19537.02,19634.62,18711.87,18875.0,324098.3286,3855.929931640625,110.22000122070312,1659.699951171875,0.3571000099182129,144.47335815429688
2022-09-21,18874.31,19956.0,18125.98,18461.36,385034.10021,3789.929931640625,110.63999938964844,1664.5999755859375,0.3509999990463257,144.47335815429688
2022-09-22,18461.36,19550.17,18356.39,19401.63,379321.72111,3757.989990234375,111.3499984741211,1670.800048828125,0.37079999446868894,144.47335815429688
2022-09-23,19401.63,19500.0,18531.42,19289.91,385886.91829,3693.22998046875,113.19000244140625,1645.300048828125,0.3697000026702881,144.47335815429688
2022-09-24,19288.57,19316.14,18805.34,18920.5,239496.56746,3693.22998046875,113.19000244140625,1645.300048828125,0.3697000026702881,144.47335815429688
2022-09-25,18921.99,19180.21,18629.2,18807.38,191191.4492,3693.22998046875,113.19000244140625,1645.300048828125,0.3697000026702881,144.47335815429688
2022-09-26,18809.13,19318.96,18680.72,19227.82,439239.21943,3655.0400390625,114.0999984741211,1623.300048828125,0.3878000020980835,144.47335815429688
2022-09-27,19226.68,20385.86,18816.32,19079.13,593260.74161,3647.2900390625,114.11000061035156,1626.699951171875,0.396399998664856,144.47335815429688
2022-09-28,19078.1,19790.0,18471.28,19412.82,521385.45547,3719.0400390625,112.5999984741211,1660.4000244140625,0.3704999923706055,144.47335815429688
2022-09-29,19412.82,19645.52,18843.01,19591.51,406424.93256,3640.469970703125,112.25,1658.5,0.3746999979019165,144.47335815429688
2022-09-30,19590.54,20185.0,19155.36,19422.61,444322.9534,3585.6201171875,112.12000274658203,1662.4000244140625,0.3803999900817871,144.47335815429688
2022-10-01,19422.61,19484.0,19159.42,19310.95,165625.13959,3585.6201171875,112.12000274658203,1662.4000244140625,0.3803999900817871,144.47335815429688
2022-10-02,19312.24,19395.91,18920.35,19056.8,206812.47032,3585.6201171875,112.12000274658203,1662.4000244140625,0.3803999900817871,144.47335815429688
2022-10-03,19057.74,19719.1,18959.68,19629.08,293585.75212,3678.429931640625,111.75,1692.9000244140625,0.36510000228881834,144.47335815429688
2022-10-04,19629.08,20475.0,19490.6,20337.82,327012.00127,3790.929931640625,110.06999969482422,1721.0999755859375,0.36170001029968263,144.47335815429688
2022-10-05,20337.82,20365.6,19730.0,20158.26,312239.75224,3783.280029296875,111.06999969482422,1711.4000244140625,0.37590000629425047,144.47335815429688
2022-10-06,20158.26,20456.6,19853.0,19960.67,320122.1702,3744.52001953125,112.26000213623047,1711.699951171875,0.38259999752044677,144.47335815429688
2022-10-07,19960.67,20068.82,19320.0,19530.09,220874.83913,3639.659912109375,112.80000305175781,1700.5,0.38829998970031737,144.47335815429688
2022-10-08,19530.09,19627.38,19237.14,19417.96,102480.09842,3639.659912109375,112.80000305175781,1700.5,0.38829998970031737,144.47335815429688
2022-10-09,19416.52,19558.0,19316.04,19439.02,113900.82681,3639.659912109375,112.80000305175781,1700.5,0.38829998970031737,144.47335815429688
2022-10-10,19439.96,19525.0,19020.25,19131.87,212509.09849,3612.389892578125,113.13999938964844,1667.300048828125,0.38880000114440916,144.47335815429688
2022-10-11,19131.87,19268.09,18860.0,19060.0,243473.84286,3588.840087890625,113.22000122070312,1678.699951171875,0.3938999891281128,144.47335815429688
2022-10-12,19060.0,19238.31,18965.88,19155.53,213826.26731,3577.030029296875,113.31999969482422,1670.300048828125,0.39019999504089353,144.47335815429688
2022-10-13,19155.1,19513.79,18190.0,19375.13,399756.68337,3669.909912109375,112.36000061035156,1670.0,0.39519999027252195,144.47335815429688
2022-10-14,19375.58,19951.87,19070.37,19176.93,351634.32601,3583.070068359375,113.30999755859375,1641.699951171875,0.4010000228881836,144.47335815429688
2022-10-15,19176.93,19227.68,18975.18,19069.39,113847.64232,3583.070068359375,113.30999755859375,1641.699951171875,0.4010000228881836,144.47335815429688
2022-10-16,19068.4,19425.84,19063.74,19262.98,131894.61885,3583.070068359375,113.30999755859375,1641.699951171875,0.4010000228881836,144.47335815429688
2022-10-17,19262.98,19676.96,19152.03,19549.86,222813.87634,3677.949951171875,112.04000091552734,1657.0,0.40149998664855957,144.47335815429688
2022-10-18,19548.48,19706.66,19091.0,19327.44,260313.07848,3719.97998046875,112.12999725341797,1649.0,0.3997999906539917,144.47335815429688
2022-10-19,19327.44,19360.16,19065.97,19123.97,186137.29538,3695.159912109375,112.9800033569336,1627.5,0.4126999855041504,144.47335815429688
2022-10-20,19123.35,19347.82,18900.0,19041.92,223530.13068,3665.780029296875,112.87999725341797,1630.800048828125,0.42259998321533204,144.47335815429688
2022-10-21,19041.92,19250.0,18650.0,19164.37,269310.75769,3752.75,112.01000213623047,1651.0,0.42129998207092284,144.47335815429688
2022-10-22,19164.37,19257.0,19112.72,19204.35,110403.90837,3752.75,112.01000213623047,1651.0,0.42129998207092284,144.47335815429688
2022-10-23,19204.29,19695.0,19070.11,19570.4,167057.20184,3752.75,112.01000213623047,1651.0,0.42129998207092284,144.47335815429688
2022-10-24,19570.4,19601.15,19157.0,19329.72,256168.14467,3797.340087890625,111.98999786376953,1648.699951171875,0.4234000205993652,144.47335815429688
2022-10-25,19330.6,20415.87,19237.0,20080.07,326370.67061,3859.110107421875,110.94999694824219,1652.800048828125,0.4107999801635742,144.47335815429688
2022-10-26,20079.02,21020.0,20050.41,20771.59,380492.69576,3830.60009765625,109.69999694824219,1664.0,0.40149998664855957,144.47335815429688
2022-10-27,20771.61,20872.21,20200.0,20295.11,328643.57791,3807.300048828125,110.58999633789062,1660.699951171875,0.3937000036239624,144.47335815429688
2022-10-28,20295.11,20750.0,20000.09,20591.84,287039.94569,3901.06005859375,110.66999816894531,1639.5999755859375,0.4010000228881836,144.47335815429688
2022-10-29,20591.84,21085.0,20554.01,20809.67,254881.77755,3901.06005859375,110.66999816894531,1639.5999755859375,0.4010000228881836,144.47335815429688
2022-10-30,20809.68,20931.21,20515.0,20627.48,192795.60886,3901.06005859375,110.66999816894531,1639.5999755859375,0.4010000228881836,144.47335815429688
2022-10-31,20627.48,20845.92,20237.95,20490.74,303567.61628,3871.97998046875,111.52999877929688,1635.9000244140625,0.4077000141143799,144.47335815429688
2022-11-01,20490.74,20700.0,20330.74,20483.62,279932.43771,3856.10009765625,111.4800033569336,1645.0,0.4052000045776367,144.47335815429688
2022-11-02,20482.81,20800.0,20048.04,20151.84,373716.27299,3759.68994140625,111.3499984741211,1645.699951171875,0.4059000015258789,144.47335815429688
2022-11-03,20151.84,20393.32,20031.24,20207.82,319185.1544,3719.889892578125,112.93000030517578,1627.300048828125,0.4124000072479248,144.47335815429688
2022-11-04,20207.12,21302.05,20180.96,21148.52,453694.39165,3770.550048828125,110.87999725341797,1672.5,0.41560001373291017,144.47335815429688
2022-11-05,21148.52,21480.65,21080.65,21299.37,245621.98525,3770.550048828125,110.87999725341797,1672.5,0.41560001373291017,144.47335815429688
2022-11-06,21299.37,21365.27,20886.13,20905.58,230036.97217,3770.550048828125,110.87999725341797,1672.5,0.41560001373291017,144.47335815429688
2022-11-07,20905.58,21069.77,20384.89,20591.13,386977.60337,3806.800048828125,110.12000274658203,1676.5,0.4214000225067139,144.47335815429688
2022-11-08,20590.67,20700.88,17166.83,18547.23,760705.362783,3828.110107421875,109.62000274658203,1712.0999755859375,0.4125999927520752,144.47335815429688
2022-11-09,18545.38,18587.76,15588.0,15922.81,731926.929729,3748.570068359375,110.55000305175781,1710.0999755859375,0.4151000022888184,144.47335815429688
2022-11-10,15922.68,18199.0,15754.26,17601.15,608448.36432,3956.3701171875,108.20999908447266,1750.300048828125,0.3828999996185303,144.47335815429688
2022-11-11,17602.45,17695.0,16361.6,17070.31,393552.86492,3992.929931640625,106.29000091552734,1766.0,0.3812999963760376,144.47335815429688
2022-11-12,17069.98,17119.1,16631.39,16812.08,167819.96035,3992.929931640625,106.29000091552734,1766.0,0.3812999963760376,144.47335815429688
2022-11-13,16813.16,16954.28,16229.0,16329.85,184960.78846,3992.929931640625,106.29000091552734,1766.0,0.3812999963760376,144.47335815429688
2022-11-14,16331.78,17190.0,15815.21,16619.46,380210.7775,3957.25,106.66000366210938,1773.5999755859375,0.3865000009536743,144.47335815429688
2022-11-15,16617.72,17134.69,16527.72,16900.57,282461.84391,3991.72998046875,106.4000015258789,1773.800048828125,0.37990000247955324,144.47335815429688
2022-11-16,16900.57,17015.92,16378.61,16662.76,261493.40809,3958.7900390625,106.27999877929688,1773.0,0.3691999912261963,144.47335815429688
2022-11-17,16661.61,16751.0,16410.74,16692.56,228038.97873,3946.56005859375,106.69000244140625,1760.800048828125,0.3775000095367432,144.47335815429688
2022-11-18,16692.56,17011.0,16546.04,16700.45,214224.18184,3965.340087890625,106.93000030517578,1751.9000244140625,0.3818000078201294,144.47335815429688
2022-11-19,16699.43,16822.41,16553.53,16700.68,104963.15558,3965.340087890625,106.93000030517578,1751.9000244140625,0.3818000078201294,144.47335815429688
2022-11-20,16700.68,16753.33,16180.0,16280.23,154842.13478,3965.340087890625,106.93000030517578,1751.9000244140625,0.3818000078201294,144.47335815429688
2022-11-21,16279.5,16319.0,15476.0,15781.29,324096.997753,3949.93994140625,107.83999633789062,1737.4000244140625,0.3825000047683716,144.47335815429688
2022-11-22,15781.29,16315.0,15616.63,16226.94,239548.06623,4003.580078125,107.22000122070312,1738.300048828125,0.37579998970031736,144.47335815429688
2022-11-23,16227.96,16706.0,16160.2,16603.11,264927.70408,4027.260009765625,106.08000183105469,1744.9000244140625,0.3706000089645386,144.47335815429688
2022-11-24,16603.11,16812.63,16458.05,16598.95,206565.92346,4027.260009765625,106.08000183105469,1744.9000244140625,0.3706000089645386,144.47335815429688
2022-11-25,16599.55,16666.0,16342.81,16522.14,182089.49533,4026.1201171875,105.95999908447266,1753.300048828125,0.3690999984741211,144.47335815429688
2022-11-26,16521.35,16701.99,16385.0,16458.57,181804.81666,4026.1201171875,105.95999908447266,1753.300048828125,0.3690999984741211,144.47335815429688
2022-11-27,16457.61,16600.0,16401.0,16428.78,162025.47607,4026.1201171875,105.95999908447266,1753.300048828125,0.3690999984741211,144.47335815429688
2022-11-28,16428.77,16487.04,15995.27,16212.91,252695.40367,3963.93994140625,106.68000030517578,1740.0999755859375,0.3703000068664551,144.47335815429688
2022-11-29,16212.18,16548.71,16100.0,16442.53,248106.25009,3957.6298828125,106.81999969482422,1748.4000244140625,0.3747999906539917,144.47335815429688
2022-11-30,16442.91,17249.0,16428.3,17163.64,303019.80719,4080.110107421875,105.94999694824219,1746.0,0.3703000068664551,144.47335815429688
2022-12-01,17165.53,17324.0,16855.01,16977.37,232818.18218,4076.570068359375,104.7300033569336,1801.0999755859375,0.35290000438690183,144.47335815429688
2022-12-02,16978.0,17105.73,16787.85,17092.74,202372.2062,4071.699951171875,104.55000305175781,1795.9000244140625,0.350600004196167,144.47335815429688
2022-12-03,17092.13,17188.98,16858.74,16885.2,154542.57306,4071.699951171875,104.55000305175781,1795.9000244140625,0.350600004196167,144.47335815429688
2022-12-04,16885.2,17202.84,16878.25,17105.7,178619.13387,4071.699951171875,104.55000305175781,1795.9000244140625,0.350600004196167,144.47335815429688
2022-12-05,17106.65,17424.25,16867.0,16966.35,233703.29225,3998.840087890625,105.29000091552734,1767.4000244140625,0.35989999771118164,144.47335815429688
2022-12-06,16966.35,17107.01,16906.37,17088.96,218730.76883,3941.260009765625,105.58000183105469,1769.300048828125,0.3513000011444092,144.47335815429688
2022-12-07,17088.96,17142.21,16678.83,16836.64,220657.41334,3933.919921875,105.0999984741211,1785.5,0.34079999923706056,144.47335815429688
2022-12-08,16836.64,17299.0,16733.49,17224.1,236417.97804,3963.510009765625,104.7699966430664,1788.699951171875,0.3490999937057495,144.47335815429688
2022-12-09,17224.1,17360.0,17058.21,17128.56,238422.06465,3934.3798828125,104.80999755859375,1798.0999755859375,0.3566999912261963,144.47335815429688
2022-12-10,17128.56,17227.72,17092.0,17127.49,140573.97937,3934.3798828125,104.80999755859375,1798.0999755859375,0.3566999912261963,144.47335815429688
2022-12-11,17127.49,17270.99,17071.0,17085.05,155286.47871,3934.3798828125,104.80999755859375,1798.0999755859375,0.3566999912261963,144.47335815429688
2022-12-12,17085.05,17241.89,16871.85,17209.83,226227.49694,3990.56005859375,105.12999725341797,1780.5,0.3611000061035156,144.47335815429688
2022-12-13,17208.93,18000.0,17080.14,17774.7,284462.9139,4019.64990234375,103.9800033569336,1813.9000244140625,0.3500999927520752,144.47335815429688
2022-12-14,17775.82,18387.95,17660.94,17803.15,266681.22209,3995.320068359375,103.7699966430664,1807.5,0.3503000020980835,144.47335815429688
2022-12-15,17804.01,17854.82,17275.51,17356.34,223701.96882,3895.75,104.55999755859375,1777.199951171875,0.34500000476837156,144.47335815429688
2022-12-16,17356.96,17531.73,16527.32,16632.12,253379.04116,3852.360107421875,104.69999694824219,1790.0,0.3482000112533569,144.47335815429688
2022-12-17,16631.5,16796.82,16579.85,16776.52,144825.66684,3852.360107421875,104.69999694824219,1790.0,0.3482000112533569,144.47335815429688
2022-12-18,16777.54,16863.26,16663.07,16738.21,112619.31646,3852.360107421875,104.69999694824219,1790.0,0.3482000112533569,144.47335815429688
2022-12-19,16739.0,16815.99,16256.3,16438.88,179094.28305,3817.659912109375,104.72000122070312,1787.699951171875,0.3581000089645386,144.47335815429688
2022-12-20,16438.88,17061.27,16397.2,16895.56,248808.92324,3821.6201171875,103.97000122070312,1815.9000244140625,0.36840000152587893,144.47335815429688
2022-12-21,16896.15,16925.0,16723.0,16824.67,156810.96362,3878.43994140625,104.16000366210938,1815.9000244140625,0.36840000152587893,144.47335815429688
2022-12-22,16824.68,16868.52,16559.85,16821.43,176044.27235,3822.389892578125,104.43000030517578,1787.0,0.36689999103546145,144.47335815429688
2022-12-23,16821.9,16955.14,16731.13,16778.5,161612.00947,3844.820068359375,104.30999755859375,1795.9000244140625,0.3750999927520752,144.47335815429688
2022-12-24,16778.52,16869.99,16776.62,16836.12,100224.29096,3844.820068359375,104.30999755859375,1795.9000244140625,0.3750999927520752,144.47335815429688
2022-12-25,16835.73,16857.96,16721.0,16832.11,125441.07202,3844.820068359375,104.30999755859375,1795.9000244140625,0.3750999927520752,144.47335815429688
2022-12-26,16832.11,16944.52,16791.0,16919.39,124564.00656,3844.820068359375,104.30999755859375,1795.9000244140625,0.3750999927520752,144.47335815429688
2022-12-27,16919.39,16972.83,16592.37,16706.36,173749.58616,3829.25,104.18000030517578,1814.800048828125,0.38599998950958253,144.47335815429688
2022-12-28,16706.06,16785.19,16465.33,16547.31,193037.56577,3783.219970703125,104.45999908447266,1807.9000244140625,0.388700008392334,144.47335815429688
2022-12-29,16547.32,16664.41,16488.91,16633.47,160998.47158,3849.280029296875,103.83999633789062,1819.5,0.3835000038146973,144.47335815429688
2022-12-30,16633.47,16677.35,16333.0,16607.48,164916.31174,3839.5,103.5199966430664,1819.699951171875,0.3878999948501587,144.47335815429688
2022-12-31,16607.48,16644.09,16470.0,16542.4,114490.42864,3839.5,103.5199966430664,1819.699951171875,0.3878999948501587,144.47335815429688
2023-01-01,16541.77,16628.0,16499.01,16616.75,96925.41374,3839.5,103.5199966430664,1819.699951171875,0.3878999948501587,144.47335815429688
2023-01-02,16617.17,16799.23,16548.7,16672.87,121888.57191,3839.5,103.5199966430664,1819.699951171875,0.3878999948501587,144.47335815429688
2023-01-03,16672.78,16778.4,16605.28,16675.18,159541.53733,3824.139892578125,104.5199966430664,1839.699951171875,0.37929999828338623,144.47335815429688
2023-01-04,16675.65,16991.87,16652.66,16850.36,220362.18862,3852.969970703125,104.25,1852.800048828125,0.37090001106262205,144.47335815429688
2023-01-05,16850.36,16879.82,16753.0,16831.85,163473.56641,3808.10009765625,105.04000091552734,1834.800048828125,0.37200000286102297,144.47335815429688
2023-01-06,16831.85,17041.0,16679.0,16950.65,207401.28415,3895.080078125,103.87999725341797,1864.199951171875,0.3569000005722046,144.47335815429688
2023-01-07,16950.31,16981.91,16908.0,16943.57,104526.5688,3895.080078125,103.87999725341797,1864.199951171875,0.3569000005722046,144.47335815429688
2023-01-08,16943.83,17176.99,16911.0,17127.83,135155.89695,3895.080078125,103.87999725341797,1864.199951171875,0.3569000005722046,144.47335815429688
2023-01-09,17127.83,17398.8,17104.66,17178.26,266211.52723,3892.090087890625,103.0,1872.699951171875,0.35169999599456786,144.47335815429688
2023-01-10,17179.04,17499.0,17146.34,17440.66,221382.42581,3919.25,103.23999786376953,1871.5999755859375,0.3621000051498413,144.47335815429688
2023-01-11,17440.64,18000.0,17315.6,17943.26,262221.60653,3969.610107421875,103.19000244140625,1874.5999755859375,0.35539999008178713,144.47335815429688
2023-01-12,17943.26,19117.04,17892.05,18846.62,454568.32178,3983.169921875,102.25,1895.5,0.34489998817443845,144.47335815429688
2023-01-13,18846.62,20000.0,18714.12,19930.01,368615.87823,3999.090087890625,102.19999694824219,1918.4000244140625,0.3510999917984009,144.47335815429688
2023-01-14,19930.01,21258.0,19888.05,20954.92,393913.74951,3999.090087890625,102.19999694824219,1918.4000244140625,0.3510999917984009,144.47335815429688
2023-01-15,20952.76,21050.74,20551.01,20871.5,178542.22549,3999.090087890625,102.19999694824219,1918.4000244140625,0.3510999917984009,144.47335815429688
2023-01-16,20872.99,21474.05,20611.48,21185.65,293078.08262,3999.090087890625,102.19999694824219,1918.4000244140625,0.3510999917984009,144.47335815429688
2023-01-17,21185.65,21647.45,20841.31,21134.81,275407.74409,3990.969970703125,102.38999938964844,1907.199951171875,0.35350000858306885,144.47335815429688
2023-01-18,21132.29,21650.0,20407.15,20677.47,350916.01949,3928.860107421875,102.36000061035156,1904.4000244140625,0.3375,144.47335815429688
2023-01-19,20677.47,21192.0,20659.19,21071.59,251385.84925,3898.85009765625,102.05999755859375,1922.0999755859375,0.3397000074386597,144.47335815429688
2023-01-20,21071.59,22755.93,20861.28,22667.21,338079.13659,3972.610107421875,102.01000213623047,1926.4000244140625,0.3483999967575073,144.47335815429688
2023-01-21,22666.0,23371.8,22422.0,22783.55,346445.48432,3972.610107421875,102.01000213623047,1926.4000244140625,0.3483999967575073,144.47335815429688
2023-01-22,22783.35,23078.71,22292.37,22707.88,253577.75286,3972.610107421875,102.01000213623047,1926.4000244140625,0.3483999967575073,144.47335815429688
2023-01-23,22706.02,23180.0,22500.0,22916.45,293588.37938,4019.81005859375,102.13999938964844,1927.0999755859375,0.35250000953674315,144.47335815429688
2023-01-24,22917.81,23162.2,22462.93,22632.89,293158.78254,4016.949951171875,101.91999816894531,1933.9000244140625,0.3469000101089478,144.47335815429688
2023-01-25,22631.94,23816.73,22300.0,23060.94,346042.83223,4016.219970703125,101.63999938964844,1941.199951171875,0.34619998931884766,144.47335815429688
2023-01-26,23060.42,23282.47,22850.01,23009.65,288924.43581,4060.429931640625,101.83999633789062,1929.0999755859375,0.3493000030517578,144.47335815429688
2023-01-27,23009.65,23500.0,22534.88,23074.16,280833.86315,4070.56005859375,101.93000030517578,1928.5999755859375,0.3517999887466431,144.47335815429688
2023-01-28,23074.16,23189.0,22878.46,23022.6,148115.71085,4070.56005859375,101.93000030517578,1928.5999755859375,0.3517999887466431,144.47335815429688
2023-01-29,23021.4,23960.54,22967.76,23742.3,295688.79204,4070.56005859375,101.93000030517578,1928.5999755859375,0.3517999887466431,144.47335815429688
2023-01-30,23743.37,23800.51,22500.0,22826.15,302405.90121,4017.77001953125,102.27999877929688,1922.9000244140625,0.3551000118255615,144.47335815429688
2023-01-31,22827.38,23320.0,22714.77,23125.13,264649.34909,4076.60009765625,102.0999984741211,1929.5,0.35290000438690183,144.47335815429688
2023-02-01,23125.13,23812.66,22760.23,23732.66,310790.42271,4119.2099609375,101.22000122070312,1927.800048828125,0.3397000074386597,144.47335815429688
2023-02-02,23731.41,24255.0,23363.27,23488.94,364177.20751,4179.759765625,101.75,1916.300048828125,0.3395999908447266,144.47335815429688
2023-02-03,23489.33,23715.7,23204.62,23431.9,332571.02904,4136.47998046875,102.91999816894531,1862.9000244140625,0.35320000648498534,144.47335815429688
2023-02-04,23431.9,23587.78,23253.96,23326.84,166126.47295,4136.47998046875,102.91999816894531,1862.9000244140625,0.35320000648498534,144.47335815429688
2023-02-05,23327.66,23433.33,22743.0,22932.91,209251.33917,4136.47998046875,102.91999816894531,1862.9000244140625,0.35320000648498534,144.47335815429688
2023-02-06,22932.91,23158.25,22628.13,22762.52,265371.6069,4111.080078125,103.62000274658203,1866.199951171875,0.3634000062942505,144.47335815429688
2023-02-07,22762.52,23350.25,22745.78,23240.46,308006.72482,4164.0,103.43000030517578,1871.699951171875,0.36740000247955323,144.47335815429688
2023-02-08,23242.42,23452.0,22665.85,22963.0,280056.30717,4117.85986328125,103.41000366210938,1877.4000244140625,0.36530001163482667,144.47335815429688
2023-02-09,22961.85,23011.39,21688.0,21796.35,402894.6955,4081.5,103.22000122070312,1866.199951171875,0.3683000087738037,144.47335815429688
2023-02-10,21797.83,21938.16,21451.0,21625.19,338591.94247,4090.4599609375,103.62999725341797,1862.800048828125,0.374399995803833,144.47335815429688
2023-02-11,21625.19,21906.32,21599.78,21862.55,177021.58433,4090.4599609375,103.62999725341797,1862.800048828125,0.374399995803833,144.47335815429688
2023-02-12,21862.02,22090.0,21630.0,21783.54,204435.65163,4090.4599609375,103.62999725341797,1862.800048828125,0.374399995803833,144.47335815429688
2023-02-13,21782.37,21894.99,21351.07,21773.97,295730.76791,4137.2900390625,103.3499984741211,1851.9000244140625,0.37170000076293946,144.47335815429688
2023-02-14,21774.63,22319.08,21532.77,22199.84,361958.40109,4136.1298828125,103.2300033569336,1854.0,0.37609999179840087,144.47335815429688
2023-02-15,22199.84,24380.0,22047.28,24324.05,375669.16111,4147.60009765625,103.91999816894531,1834.199951171875,0.3809000015258789,144.47335815429688
2023-02-16,24322.87,25250.0,23505.25,23517.72,450080.68366,4090.409912109375,103.86000061035156,1842.0,0.38429999351501465,144.47335815429688
2023-02-17,23517.72,25021.11,23339.37,24569.97,496813.21376,4079.090087890625,103.86000061035156,1840.4000244140625,0.3828000068664551,144.47335815429688
2023-02-18,24568.24,24877.0,24430.0,24631.95,216917.25213,4079.090087890625,103.86000061035156,1840.4000244140625,0.3828000068664551,144.47335815429688
2023-02-19,24632.05,25192.0,24192.57,24271.76,300395.99542,4079.090087890625,103.86000061035156,1840.4000244140625,0.3828000068664551,144.47335815429688
2023-02-20,24272.51,25121.23,23840.83,24842.2,346938.56997,4079.090087890625,103.86000061035156,1840.4000244140625,0.3828000068664551,144.47335815429688
2023-02-21,24843.89,25250.0,24148.34,24452.16,376000.82868,3997.340087890625,104.18000030517578,1833.0,0.39549999237060546,144.47335815429688
2023-02-22,24450.67,24476.05,23574.69,24182.21,379425.75365,3991.050048828125,104.58999633789062,1832.0,0.392300009727478,144.47335815429688
2023-02-23,24182.21,24599.59,23608.0,23940.2,398400.45437,4012.320068359375,104.5999984741211,1818.0,0.3878999948501587,144.47335815429688
2023-02-24,23940.2,24132.35,22841.19,23185.29,343582.57453,3970.0400390625,105.20999908447266,1808.800048828125,0.3948999881744385,144.47335815429688
2023-02-25,23184.04,23219.13,22722.0,23157.07,191311.8101,3970.0400390625,105.20999908447266,1808.800048828125,0.3948999881744385,144.47335815429688
2023-02-26,23157.07,23689.99,23059.18,23554.85,202323.73623,3970.0400390625,105.20999908447266,1808.800048828125,0.3948999881744385,144.47335815429688
2023-02-27,23554.85,23897.99,23106.77,23492.09,283706.0859,3982.239990234375,104.66999816894531,1817.0,0.3921999931335449,144.47335815429688
2023-02-28,23492.09,23600.0,23020.97,23141.57,264140.99894,3970.14990234375,104.87000274658203,1828.9000244140625,0.3915999889373779,144.47335815429688
2023-03-01,23141.57,24000.0,23020.03,23628.97,315287.41737,3951.389892578125,104.4800033569336,1837.699951171875,0.399399995803833,144.47335815429688
2023-03-02,23629.76,23796.93,23195.9,23465.32,239315.45219,3981.35009765625,105.02999877929688,1833.5,0.4072999954223633,144.47335815429688
2023-03-03,23465.32,23476.95,21971.13,22354.34,319954.19785,4045.639892578125,104.5199966430664,1847.699951171875,0.396399998664856,144.47335815429688
2023-03-04,22354.34,22410.0,22157.08,22346.57,121257.38132,4045.639892578125,104.5199966430664,1847.699951171875,0.396399998664856,144.47335815429688
2023-03-05,22346.57,22662.09,22189.22,22430.24,154841.75786,4045.639892578125,104.5199966430664,1847.699951171875,0.396399998664856,144.47335815429688
2023-03-06,22430.24,22602.19,22258.0,22410.0,203751.82957,4048.419921875,104.3499984741211,1847.9000244140625,0.39830000400543214,144.47335815429688
2023-03-07,22409.41,22557.91,21927.0,22197.96,292519.80912,3986.3701171875,105.62000274658203,1813.9000244140625,0.39749999046325685,144.47335815429688
2023-03-08,22198.56,22287.0,21580.0,21705.44,301460.57272,3992.010009765625,105.66000366210938,1812.699951171875,0.39760000705718995,144.47335815429688
2023-03-09,21704.37,21834.99,20042.72,20362.22,443658.28584,3918.320068359375,105.30999755859375,1829.300048828125,0.39249999523162843,144.47335815429688
2023-03-10,20362.21,20367.78,19549.09,20150.69,618456.4671,3861.590087890625,104.58000183105469,1862.0,0.3694999933242798,144.47335815429688
2023-03-11,20150.69,20686.51,19765.03,20455.73,427831.82133,3861.590087890625,104.58000183105469,1862.0,0.3694999933242798,144.47335815429688
2023-03-12,20455.73,22150.0,20270.6,21997.11,430944.94288,3861.590087890625,104.58000183105469,1862.0,0.3694999933242798,144.47335815429688
2023-03-13,21998.05,24500.0,21813.88,24113.48,687889.31259,3855.760009765625,103.5999984741211,1911.699951171875,0.35150001049041746,144.47335815429688
2023-03-14,24112.27,26386.87,23976.42,24670.41,699360.93423,3919.2900390625,103.5999984741211,1906.199951171875,0.3638000011444092,144.47335815429688
2023-03-15,24670.41,25196.97,23896.95,24285.66,581450.72984,3891.929931640625,104.6500015258789,1926.5999755859375,0.3492000102996826,144.47335815429688
2023-03-16,24285.66,25167.4,24123.0,24998.78,439421.32998,3960.280029296875,104.41999816894531,1919.0,0.35850000381469727,144.47335815429688
2023-03-17,24998.78,27756.84,24890.0,27395.13,624460.68091,3916.639892578125,103.70999908447266,1969.800048828125,0.33949999809265136,144.47335815429688
2023-03-18,27395.13,27724.85,26578.0,26907.49,371238.97174,3916.639892578125,103.70999908447266,1969.800048828125,0.33949999809265136,144.47335815429688
2023-03-19,26907.49,28390.1,26827.22,27972.87,372066.99054,3916.639892578125,103.70999908447266,1969.800048828125,0.33949999809265136,144.47335815429688
2023-03-20,27972.87,28472.0,27124.47,27717.01,477378.23373,3951.570068359375,103.27999877929688,1979.199951171875,0.3480999946594238,144.47335815429688
2023-03-21,27717.01,28438.55,27303.1,28105.47,420929.7422,4002.8701171875,103.26000213623047,1938.0,0.36059999465942383,144.47335815429688
2023-03-22,28107.81,28868.05,26601.8,27250.97,224113.41296,3936.969970703125,102.3499984741211,1946.800048828125,0.35,144.47335815429688
2023-03-23,27250.97,28750.0,27105.0,28295.41,128649.60818,3948.719970703125,102.52999877929688,1993.800048828125,0.3405999898910522,144.47335815429688
2023-03-24,28295.42,28374.3,27000.0,27454.47,86242.06544,3970.989990234375,103.12000274658203,1982.0999755859375,0.3380000114440918,144.47335815429688
2023-03-25,27454.46,27787.33,27156.09,27462.95,50844.08102,3970.989990234375,103.12000274658203,1982.0999755859375,0.3380000114440918,144.47335815429688
2023-03-26,27462.96,28194.4,27417.76,27968.05,49671.70353,3970.989990234375,103.12000274658203,1982.0999755859375,0.3380000114440918,144.47335815429688
2023-03-27,27968.05,28023.86,26508.14,27124.91,88039.46898,3977.530029296875,102.86000061035156,1952.4000244140625,0.35280001163482666,144.47335815429688
2023-03-28,27124.9,27520.0,26631.78,27261.07,78602.44341,3971.27001953125,102.43000030517578,1972.4000244140625,0.35639998912811277,144.47335815429688
2023-03-29,27261.06,28650.0,27240.1,28348.6,89486.16008,4027.81005859375,102.63999938964844,1966.0999755859375,0.3565999984741211,144.47335815429688
2023-03-30,28348.6,29184.68,27686.0,28028.53,98865.43256,4050.830078125,102.13999938964844,1980.300048828125,0.3551000118255615,144.47335815429688
2023-03-31,28028.53,28656.69,27511.71,28465.36,78198.12139,4109.31005859375,102.51000213623047,1969.0,0.349399995803833,144.47335815429688
2023-04-01,28465.36,28819.71,28220.27,28452.73,30238.44753,4109.31005859375,102.51000213623047,1969.0,0.349399995803833,144.47335815429688
2023-04-02,28452.74,28530.0,27856.43,28171.87,37365.65692,4109.31005859375,102.51000213623047,1969.0,0.349399995803833,144.47335815429688
2023-04-03,28171.87,28500.99,27200.24,27800.0,79180.01405,4124.509765625,102.08999633789062,1983.9000244140625,0.3430000066757202,144.47335815429688
2023-04-04,27800.0,28444.44,27662.79,28165.47,49722.55691,4100.60009765625,101.58999633789062,2022.199951171875,0.33369998931884765,144.47335815429688
2023-04-05,28165.47,28775.0,27805.1,28170.01,60737.64732,4090.3798828125,101.8499984741211,2020.9000244140625,0.3286999940872192,144.47335815429688
2023-04-06,28170.01,28182.05,27711.0,28033.82,40118.94963,4105.02001953125,101.81999969482422,2011.9000244140625,0.32880001068115233,144.47335815429688
2023-04-07,28033.83,28100.0,27766.94,27906.33,24762.09387,4105.02001953125,101.81999969482422,2011.9000244140625,0.32880001068115233,144.47335815429688
2023-04-08,27906.34,28154.99,27859.02,27938.38,19479.96735,4105.02001953125,101.81999969482422,2011.9000244140625,0.32880001068115233,144.47335815429688
2023-04-09,27938.38,28530.0,27800.0,28323.76,32531.16101,4105.02001953125,101.81999969482422,2011.9000244140625,0.32880001068115233,144.47335815429688
2023-04-10,28323.76,29770.0,28170.0,29637.34,67754.0622,4109.10986328125,102.58000183105469,1989.0999755859375,0.34149999618530275,144.47335815429688
2023-04-11,29637.35,30550.0,29590.0,30200.42,67990.07621,4108.93994140625,102.19999694824219,2004.800048828125,0.3434000015258789,144.47335815429688
2023-04-12,30200.43,30486.0,29637.4,29888.07,62049.48451,4091.949951171875,101.5,2010.9000244140625,0.3421000003814697,144.47335815429688
2023-04-13,29888.07,30595.0,29854.59,30373.84,51934.11731,4146.22021484375,101.01000213623047,2041.300048828125,0.34519999027252196,144.47335815429688
2023-04-14,30373.84,31000.0,29966.0,30466.93,75984.19452,4137.64013671875,101.55000305175781,2002.199951171875,0.35220000743865965,144.47335815429688
2023-04-15,30466.93,30595.6,30202.0,30295.09,25429.81247,4137.64013671875,101.55000305175781,2002.199951171875,0.35220000743865965,144.47335815429688
2023-04-16,30295.1,30549.99,30120.0,30304.65,26431.99322,4137.64013671875,101.55000305175781,2002.199951171875,0.35220000743865965,144.47335815429688
2023-04-17,30304.66,30316.06,29240.65,29430.27,56441.81127,4151.31982421875,102.0999984741211,1994.199951171875,0.3591000080108643,144.47335815429688
2023-04-18,29430.27,30485.0,29096.78,30380.01,62004.89434,4154.8701171875,101.75,2007.4000244140625,0.35720000267028806,144.47335815429688
2023-04-19,30380.01,30413.53,28520.0,28797.1,86575.48656,4154.52001953125,101.97000122070312,1995.199951171875,0.36019999980926515,144.47335815429688
2023-04-20,28797.1,29088.3,28010.0,28243.65,76879.09372,4129.7900390625,101.83999633789062,2007.5999755859375,0.35450000762939454,144.47335815429688
2023-04-21,28243.65,28374.02,27125.0,27262.84,77684.7679,4133.52001953125,101.81999969482422,1979.5,0.3569999933242798,144.47335815429688
2023-04-22,27262.84,27882.72,27140.35,27816.85,36023.69686,4133.52001953125,101.81999969482422,1979.5,0.3569999933242798,144.47335815429688
2023-04-23,27816.85,27816.85,27311.25,27590.6,34812.09581,4133.52001953125,101.81999969482422,1979.5,0.3569999933242798,144.47335815429688
2023-04-24,27590.59,28000.0,26942.82,27510.93,53111.56874,4137.0400390625,101.3499984741211,1989.0999755859375,0.35150001049041746,144.47335815429688
2023-04-25,27510.93,28399.99,27192.0,28300.79,52325.14637,4071.6298828125,101.86000061035156,1994.0,0.3395999908447266,144.47335815429688
2023-04-26,28300.8,30036.0,27235.0,28415.29,129228.40403,4055.989990234375,101.47000122070312,1985.699951171875,0.3431999921798706,144.47335815429688
2023-04-27,28415.29,29890.0,28378.86,29472.77,95430.82431,4135.35009765625,101.5,1989.9000244140625,0.35280001163482666,144.47335815429688
2023-04-28,29472.77,29599.54,28891.0,29311.7,54298.16578,4169.47998046875,101.66999816894531,1990.0999755859375,0.34519999027252196,144.47335815429688
2023-04-29,29311.69,29448.88,29031.0,29230.45,20466.83058,4169.47998046875,101.66999816894531,1990.0999755859375,0.34519999027252196,144.47335815429688
2023-04-30,29230.45,29969.39,29079.59,29233.21,39752.5372,4169.47998046875,101.66999816894531,1990.0999755859375,0.34519999027252196,144.47335815429688
2023-05-01,29233.2,29337.34,27666.95,28068.26,64433.65958,4167.8701171875,102.1500015258789,1983.4000244140625,0.35739998817443847,144.47335815429688
2023-05-02,28068.26,28879.88,27872.0,28669.86,50824.5224,4119.580078125,101.95999908447266,2014.300048828125,0.3438999891281128,144.47335815429688
2023-05-03,28669.85,29266.66,28113.69,29026.16,64615.79213,4090.75,101.33999633789062,2028.5999755859375,0.34030001163482665,144.47335815429688
2023-05-04,29026.16,29379.83,28663.64,28838.16,42575.47501,4061.219970703125,101.4000015258789,2048.0,0.33510000705718995,144.47335815429688
2023-05-05,28838.16,29677.0,28800.0,29505.61,58415.83048,4136.25,101.20999908447266,2017.4000244140625,0.3446000099182129,144.47335815429688
2023-05-06,29505.6,29820.0,28300.0,28848.2,49249.28459,4136.25,101.20999908447266,2017.4000244140625,0.3446000099182129,144.47335815429688
2023-05-07,28848.19,29138.29,28395.23,28430.1,30003.41028,4136.25,101.20999908447266,2017.4000244140625,0.3446000099182129,144.47335815429688
2023-05-08,28430.09,28631.01,27262.0,27668.79,68244.36179,4138.1201171875,101.37000274658203,2026.300048828125,0.35209999084472654,144.47335815429688
2023-05-09,27668.8,27818.0,27353.0,27628.27,40113.31069,4119.169921875,101.63999938964844,2036.199951171875,0.35209999084472654,144.47335815429688
2023-05-10,27628.28,28331.42,26777.0,27598.75,71155.11355,4137.64013671875,101.4800033569336,2030.5,0.3438999891281128,144.47335815429688
2023-05-11,27598.74,27630.14,26702.05,26968.62,47635.31365,4130.6201171875,102.05999755859375,2014.699951171875,0.3397000074386597,144.47335815429688
2023-05-12,26968.61,27091.12,25811.46,26795.01,67207.93494,4124.080078125,102.68000030517578,2014.5,0.34630000591278076,144.47335815429688
2023-05-13,26795.01,27045.45,26692.03,26775.28,22814.90421,4124.080078125,102.68000030517578,2014.5,0.34630000591278076,144.47335815429688
2023-05-14,26775.27,27200.0,26560.53,26917.62,21594.8036,4124.080078125,102.68000030517578,2014.5,0.34630000591278076,144.47335815429688
2023-05-15,26917.61,27663.59,26726.0,27162.14,40430.08333,4136.27978515625,102.43000030517578,2018.0,0.3507999897003174,144.47335815429688
2023-05-16,27162.15,27296.89,26852.11,27033.84,33270.45451,4109.89990234375,102.55999755859375,1988.4000244140625,0.3549000024795532,144.47335815429688
2023-05-17,27033.85,27500.0,26544.71,27405.61,42958.97785,4158.77001953125,102.87999725341797,1980.699951171875,0.3581000089645386,144.47335815429688
2023-05-18,27405.62,27485.33,26361.2,26821.28,49198.65143,4198.0498046875,103.58000183105469,1956.5,0.3648000001907349,144.47335815429688
2023-05-19,26821.28,27183.6,26630.0,26880.26,28754.13544,4191.97998046875,103.19999694824219,1978.699951171875,0.3691999912261963,144.47335815429688
2023-05-20,26880.26,27150.0,26825.11,27102.43,14434.54718,4191.97998046875,103.19999694824219,1978.699951171875,0.3691999912261963,144.47335815429688
2023-05-21,27102.42,27277.55,26666.03,26747.78,21347.87279,4191.97998046875,103.19999694824219,1978.699951171875,0.3691999912261963,144.47335815429688
2023-05-22,26747.78,27099.89,26538.21,26849.27,26458.83828,4192.6298828125,103.19999694824219,1974.800048828125,0.37190001010894774,144.47335815429688
2023-05-23,26849.28,27495.83,26798.11,27219.61,38700.83858,4145.580078125,103.48999786376953,1972.4000244140625,0.3697999954223633,144.47335815429688
2023-05-24,27219.61,27219.61,26080.5,26329.01,54393.0657,4115.240234375,103.88999938964844,1962.800048828125,0.37190001010894774,144.47335815429688
2023-05-25,26329.0,26631.98,25871.89,26473.79,37435.44895,4151.27978515625,104.20999908447266,1943.0999755859375,0.3813999891281128,144.47335815429688
2023-05-26,26473.8,26932.16,26327.24,26705.92,35061.18713,4205.4501953125,104.20999908447266,1944.0999755859375,0.3809999942779541,144.47335815429688
2023-05-27,26705.93,26895.0,26551.0,26854.27,15095.6867,4205.4501953125,104.20999908447266,1944.0999755859375,0.3809999942779541,144.47335815429688
2023-05-28,26854.28,28261.32,26764.36,28065.0,43916.00855,4205.4501953125,104.20999908447266,1944.0999755859375,0.3809999942779541,144.47335815429688
2023-05-29,28065.01,28447.14,27524.6,27736.4,42385.41945,4205.4501953125,104.20999908447266,1944.0999755859375,0.3809999942779541,144.47335815429688
2023-05-30,27736.39,28038.59,27554.0,27694.4,32686.75371,4205.52001953125,104.16999816894531,1958.0,0.3700000047683716,144.47335815429688
2023-05-31,27694.39,27835.51,26839.01,27210.35,46588.80573,4179.830078125,104.31999969482422,1963.9000244140625,0.36370000839233396,144.47335815429688
2023-06-01,27210.36,27350.0,26605.05,26817.93,39217.8088,4221.02001953125,103.55999755859375,1978.0,0.3608000040054321,144.47335815429688
2023-06-02,26817.93,27300.0,26505.0,27242.59,36380.90269,4282.3701171875,104.0199966430664,1952.4000244140625,0.3690999984741211,144.47335815429688
2023-06-03,27242.59,27333.29,26914.93,27069.22,16595.34117,4282.3701171875,104.0199966430664,1952.4000244140625,0.3690999984741211,144.47335815429688
2023-06-04,27069.22,27455.02,26951.0,27115.21,19258.41049,4282.3701171875,104.0199966430664,1952.4000244140625,0.3690999984741211,144.47335815429688
2023-06-05,27115.2,27129.33,25388.0,25728.2,65805.60305,4273.7900390625,104.0,1958.0,0.3693000078201294,144.47335815429688
2023-06-06,25728.2,27355.33,25351.02,27230.08,68392.60438,4283.85009765625,104.12999725341797,1965.5,0.3698999881744385,144.47335815429688
2023-06-07,27230.07,27391.77,26125.01,26339.34,59619.44364,4267.52001953125,104.0999984741211,1942.699951171875,0.37839999198913576,144.47335815429688
2023-06-08,26339.34,26810.0,26210.0,26498.61,31075.51083,4293.93017578125,103.33999633789062,1963.5999755859375,0.37139999866485596,144.47335815429688
2023-06-09,26498.62,26783.33,26269.91,26477.81,27934.7097,4298.85986328125,103.55999755859375,1962.199951171875,0.3744999885559082,144.47335815429688
2023-06-10,26477.8,26533.87,25358.0,25841.21,64944.60108,4298.85986328125,103.55999755859375,1962.199951171875,0.3744999885559082,144.47335815429688
2023-06-11,25841.22,26206.88,25634.7,25925.55,30014.29595,4298.85986328125,103.55999755859375,1962.199951171875,0.3744999885559082,144.47335815429688
2023-06-12,25925.54,26106.48,25602.11,25905.19,29900.50893,4338.93017578125,103.62999725341797,1955.300048828125,0.3765000104904175,144.47335815429688
2023-06-13,25905.2,26433.21,25712.57,25934.25,41065.60853,4369.009765625,103.33999633789062,1944.5999755859375,0.38389999866485597,144.47335815429688
2023-06-14,25934.24,26098.0,24820.56,25128.6,45077.31608,4372.58984375,103.01000213623047,1955.300048828125,0.37960000038146974,144.47335815429688
2023-06-15,25128.6,25759.01,24800.0,25598.49,48664.86063,4425.83984375,102.12000274658203,1957.800048828125,0.37279999256134033,144.47335815429688
2023-06-16,25598.49,26518.0,25175.56,26345.0,51596.91662,4409.58984375,102.30000305175781,1958.4000244140625,0.37690000534057616,144.47335815429688
2023-06-17,26345.01,26839.99,26181.0,26516.99,27842.2195,4409.58984375,102.30000305175781,1958.4000244140625,0.37690000534057616,144.47335815429688
2023-06-18,26516.99,26700.0,26255.85,26339.97,21538.31022,4409.58984375,102.30000305175781,1958.4000244140625,0.37690000534057616,144.47335815429688
2023-06-19,26339.98,27068.09,26256.61,26844.35,35872.65974,4409.58984375,102.30000305175781,1958.4000244140625,0.37690000534057616,144.47335815429688
2023-06-20,26844.35,28402.74,26652.0,28307.99,69666.95525,4388.7099609375,102.54000091552734,1935.5,0.37290000915527344,144.47335815429688
2023-06-21,28308.0,30800.0,28257.99,29993.89,108926.40412,4365.68994140625,102.06999969482422,1933.300048828125,0.3723000049591064,144.47335815429688
2023-06-22,29993.89,30500.0,29525.61,29884.92,59054.5646,4381.89013671875,102.38999938964844,1912.699951171875,0.37990000247955324,144.47335815429688
2023-06-23,29884.92,31431.94,29800.0,30688.5,73931.89635,4348.330078125,102.9000015258789,1919.0999755859375,0.37390000820159913,144.47335815429688
2023-06-24,30688.51,30800.0,30250.0,30527.43,30513.30135,4348.330078125,102.9000015258789,1919.0999755859375,0.37390000820159913,144.47335815429688
2023-06-25,30527.44,31046.01,30277.49,30462.66,30223.44801,4348.330078125,102.9000015258789,1919.0999755859375,0.37390000820159913,144.47335815429688
2023-06-26,30462.67,30666.0,29930.0,30267.99,45180.41489,4328.81982421875,102.69000244140625,1923.699951171875,0.37190001010894774,144.47335815429688
2023-06-27,30267.99,30994.97,30226.17,30692.44,42699.64157,4378.41015625,102.48999786376953,1914.0,0.37679998874664306,144.47335815429688
2023-06-28,30692.44,30709.74,29858.8,30077.41,40463.51937,4376.85986328125,102.91000366210938,1912.300048828125,0.3710000038146973,144.47335815429688
2023-06-29,30077.4,30843.98,30049.98,30447.31,36330.62903,4396.43994140625,103.33999633789062,1909.199951171875,0.38540000915527345,144.47335815429688
2023-06-30,30447.31,31282.0,29500.0,30472.0,89419.07618,4450.3798828125,102.91000366210938,1921.0999755859375,0.3819000005722046,144.47335815429688
2023-07-01,30471.99,30661.6,30320.57,30585.9,17501.75075,4450.3798828125,102.91000366210938,1921.0999755859375,0.3819000005722046,144.47335815429688
2023-07-02,30585.9,30791.0,30155.0,30617.03,23286.41019,4450.3798828125,102.91000366210938,1921.0999755859375,0.3819000005722046,144.47335815429688
2023-07-03,30617.02,31380.0,30570.27,31156.2,43761.64311,4455.58984375,102.98999786376953,1921.699951171875,0.38580000400543213,144.47335815429688
2023-07-04,31156.2,31350.69,30620.0,30766.51,33206.11943,4455.58984375,102.98999786376953,1921.699951171875,0.38580000400543213,144.47335815429688
2023-07-05,30766.52,30878.07,30200.0,30504.81,33215.67122,4446.81982421875,103.37000274658203,1919.5999755859375,0.39449999332427976,144.47335815429688
2023-07-06,30504.8,31500.0,29850.45,29895.43,71319.6261,4411.58984375,103.16999816894531,1908.699951171875,0.4040999889373779,144.47335815429688
2023-07-07,29895.42,30449.0,29701.02,30344.7,34070.53895,4398.9501953125,102.2699966430664,1926.199951171875,0.4050000190734863,144.47335815429688
2023-07-08,30344.7,30386.81,30044.47,30284.63,13094.59042,4398.9501953125,102.2699966430664,1926.199951171875,0.4050000190734863,144.47335815429688
2023-07-09,30284.63,30445.52,30061.12,30160.71,15388.50196,4398.9501953125,102.2699966430664,1926.199951171875,0.4050000190734863,144.47335815429688
2023-07-10,30160.71,31045.78,29950.0,30411.57,41262.87652,4409.52978515625,101.97000122070312,1925.0,0.400600004196167,144.47335815429688
2023-07-11,30411.57,30813.63,30300.0,30622.1,28476.83311,4439.259765625,101.7300033569336,1931.300048828125,0.39800000190734863,144.47335815429688
2023-07-12,30622.1,30983.25,30210.0,30380.0,38108.99669,4472.16015625,100.5199966430664,1956.199951171875,0.38610000610351564,144.47335815429688
2023-07-13,30380.0,31804.2,30251.0,31454.23,70772.51836,4510.0400390625,99.7699966430664,1959.199951171875,0.37609999179840087,144.47335815429688
2023-07-14,31454.23,31630.0,29900.0,30312.01,60749.48424,4505.419921875,99.91000366210938,1960.0999755859375,0.3819000005722046,144.47335815429688
2023-07-15,30312.0,30390.9,30200.0,30289.52,14118.55329,4505.419921875,99.91000366210938,1960.0999755859375,0.3819000005722046,144.47335815429688
2023-07-16,30289.52,30441.46,30064.29,30231.99,15760.1281,4505.419921875,99.91000366210938,1960.0999755859375,0.3819000005722046,144.47335815429688
2023-07-17,30232.0,30336.96,29659.2,30138.0,30882.76839,4522.7900390625,99.83999633789062,1952.4000244140625,0.3796999931335449,144.47335815429688
2023-07-18,30138.01,30239.78,29512.0,29859.13,30003.8601,4554.97998046875,99.94000244140625,1977.199951171875,0.37890000343322755,144.47335815429688
2023-07-19,29859.14,30189.09,29761.96,29909.21,25657.36137,4565.72021484375,100.27999877929688,1977.5,0.37420001029968264,144.47335815429688
2023-07-20,29909.21,30417.46,29570.96,29800.0,37540.68193,4534.8701171875,100.87999725341797,1968.300048828125,0.38540000915527345,144.47335815429688
2023-07-21,29800.0,30061.7,29726.34,29901.72,23881.40865,4536.33984375,101.06999969482422,1964.300048828125,0.38369998931884763,144.47335815429688
2023-07-22,29901.72,29999.0,29625.1,29794.0,14660.40467,4536.33984375,101.06999969482422,1964.300048828125,0.38369998931884763,144.47335815429688
2023-07-23,29793.99,30350.0,29730.0,30083.75,18292.78637,4536.33984375,101.06999969482422,1964.300048828125,0.38369998931884763,144.47335815429688
2023-07-24,30083.75,30099.58,28861.9,29176.5,39628.99691,4554.64013671875,101.3499984741211,1960.300048828125,0.38570001125335696,144.47335815429688
2023-07-25,29176.5,29376.0,29047.65,29228.91,21565.7478,4567.4599609375,101.3499984741211,1962.0999755859375,0.3911999940872192,144.47335815429688
2023-07-26,29228.91,29690.0,29096.94,29351.96,33931.63366,4566.75,100.88999938964844,1968.9000244140625,0.38510000705718994,144.47335815429688
2023-07-27,29351.95,29567.49,29083.85,29222.78,22476.47626,4537.41015625,101.7699966430664,1945.4000244140625,0.401200008392334,144.47335815429688
2023-07-28,29222.78,29542.22,29123.12,29314.14,23993.61627,4582.22998046875,101.62000274658203,1960.4000244140625,0.39690001010894777,144.47335815429688
2023-07-29,29314.14,29406.92,29256.18,29352.9,10851.36844,4582.22998046875,101.62000274658203,1960.4000244140625,0.39690001010894777,144.47335815429688
2023-07-30,29352.9,29449.0,29033.24,29281.09,15706.97441,4582.22998046875,101.62000274658203,1960.4000244140625,0.39690001010894777,144.47335815429688
2023-07-31,29281.09,29530.0,29101.8,29232.25,22605.48964,4588.9599609375,101.86000061035156,1970.5,0.39590001106262207,144.47335815429688
2023-08-01,29232.26,29739.25,28585.7,29705.99,44719.65162,4576.72998046875,102.30000305175781,1940.699951171875,0.40510001182556155,144.47335815429688
2023-08-02,29705.99,30047.5,28927.5,29186.01,48181.65141,4513.39013671875,102.58999633789062,1937.4000244140625,0.40780000686645507,144.47335815429688
2023-08-03,29186.0,29433.33,28968.0,29193.64,26476.91994,4501.89013671875,102.54000091552734,1932.0,0.4189000129699707,144.47335815429688
2023-08-04,29193.65,29333.08,28807.54,29113.99,23551.95217,4478.02978515625,102.0199966430664,1939.5999755859375,0.4059999942779541,144.47335815429688
2023-08-05,29114.0,29152.23,28978.64,29072.13,11645.52018,4478.02978515625,102.0199966430664,1939.5999755859375,0.4059999942779541,144.47335815429688
2023-08-06,29072.13,29205.09,28991.88,29088.42,13178.1972,4478.02978515625,102.0199966430664,1939.5999755859375,0.4059999942779541,144.47335815429688
2023-08-07,29088.43,29276.78,28701.03,29211.06,30966.87746,4518.43994140625,102.05000305175781,1933.5,0.40780000686645507,144.47335815429688
2023-08-08,29211.06,30244.0,29146.45,29770.42,45700.53392,4499.3798828125,102.52999877929688,1924.0999755859375,0.40260000228881837,144.47335815429688
2023-08-09,29770.41,30160.0,29376.67,29581.99,38003.88725,4467.7099609375,102.48999786376953,1915.4000244140625,0.401200008392334,144.47335815429688
2023-08-10,29581.99,29738.0,29320.2,29455.75,23463.45373,4468.830078125,102.5199966430664,1914.4000244140625,0.40799999237060547,144.47335815429688
2023-08-11,29455.76,29564.52,29252.45,29426.03,20637.0443,4464.0498046875,102.83999633789062,1912.9000244140625,0.41680002212524414,144.47335815429688
2023-08-12,29426.02,29481.35,29381.56,29430.17,8971.48068,4464.0498046875,102.83999633789062,1912.9000244140625,0.41680002212524414,144.47335815429688
2023-08-13,29430.18,29474.65,29272.32,29303.84,11101.70947,4464.0498046875,102.83999633789062,1912.9000244140625,0.41680002212524414,144.47335815429688
2023-08-14,29303.85,29695.32,29102.45,29430.93,31443.11532,4489.72021484375,103.19000244140625,1910.5999755859375,0.4184000015258789,144.47335815429688
2023-08-15,29430.92,29499.26,29059.6,29200.0,27503.87691,4437.85986328125,103.20999908447266,1902.5,0.42210001945495607,144.47335815429688
2023-08-16,29200.01,29259.85,28723.08,28730.51,32996.69854,4404.330078125,103.41999816894531,1896.0999755859375,0.4257999897003174,144.47335815429688
2023-08-17,28730.51,28783.48,25166.0,26623.41,100271.54033,4370.35986328125,103.44000244140625,1884.0999755859375,0.4308000087738037,144.47335815429688
2023-08-18,26623.41,26832.6,25619.0,26054.0,69790.65711,4369.7099609375,103.37999725341797,1886.0999755859375,0.4250999927520752,144.47335815429688
2023-08-19,26054.0,26281.0,25801.09,26100.01,26160.75343,4369.7099609375,103.37999725341797,1886.0999755859375,0.4250999927520752,144.47335815429688
2023-08-20,26100.01,26299.0,25971.05,26189.99,19056.91209,4369.7099609375,103.37999725341797,1886.0999755859375,0.4250999927520752,144.47335815429688
2023-08-21,26190.0,26258.42,25812.0,26126.92,30267.24233,4399.77001953125,103.33000183105469,1893.300048828125,0.43420000076293946,144.47335815429688
2023-08-22,26126.92,26139.42,25300.0,26056.0,34247.06688,4387.5498046875,103.55999755859375,1896.4000244140625,0.4328000068664551,144.47335815429688
2023-08-23,26055.99,26819.27,25812.82,26432.72,44023.69978,4436.009765625,103.36000061035156,1918.5,0.4197999954223633,144.47335815429688
2023-08-24,26432.71,26577.87,25864.0,26180.05,30205.22116,4376.31005859375,103.9800033569336,1918.199951171875,0.42350001335144044,144.47335815429688
2023-08-25,26180.05,26314.05,25777.15,26060.01,27753.33772,4405.7099609375,104.08000183105469,1911.0999755859375,0.4238999843597412,144.47335815429688
2023-08-26,26060.0,26125.77,25985.92,26017.37,10022.22322,4405.7099609375,104.08000183105469,1911.0999755859375,0.4238999843597412,144.47335815429688
2023-08-27,26017.38,26182.23,25966.11,26101.77,12099.64216,4405.7099609375,104.08000183105469,1911.0999755859375,0.4238999843597412,144.47335815429688
2023-08-28,26101.78,26253.99,25864.5,26120.0,22692.62655,4433.31005859375,104.05999755859375,1917.9000244140625,0.42119998931884767,144.47335815429688
2023-08-29,26120.0,28142.85,25922.0,27716.34,74251.99488,4497.6298828125,103.55000305175781,1936.5,0.4122000217437744,144.47335815429688
2023-08-30,27716.34,27768.57,27017.24,27299.99,35448.25848,4514.8701171875,103.16000366210938,1944.300048828125,0.4118000030517578,144.47335815429688
2023-08-31,27299.99,27587.51,25655.01,25940.78,51032.80401,4507.66015625,103.62000274658203,1938.199951171875,0.40929999351501467,144.47335815429688
2023-09-01,25940.77,26156.0,25333.75,25805.05,41032.15056,4515.77001953125,104.23999786376953,1939.800048828125,0.4172999858856201,144.47335815429688
2023-09-02,25805.04,25987.5,25752.47,25869.51,16250.77698,4515.77001953125,104.23999786376953,1939.800048828125,0.4172999858856201,144.47335815429688
2023-09-03,25869.52,26135.0,25800.0,25971.21,17474.47667,4515.77001953125,104.23999786376953,1939.800048828125,0.4172999858856201,144.47335815429688
2023-09-04,25971.21,26108.02,25631.21,25826.02,21777.59609,4515.77001953125,104.23999786376953,1939.800048828125,0.4172999858856201,144.47335815429688
2023-09-05,25826.03,25915.49,25562.62,25792.1,21323.39337,4496.830078125,104.80999755859375,1926.199951171875,0.426800012588501,144.47335815429688
2023-09-06,25792.11,26040.0,25372.51,25759.95,27262.52386,4465.47998046875,104.86000061035156,1918.0999755859375,0.4289999961853027,144.47335815429688
2023-09-07,25759.95,26443.14,25615.38,26255.0,27687.49567,4451.14013671875,105.05999755859375,1917.5,0.4260000228881836,144.47335815429688
2023-09-08,26255.0,26445.5,25647.26,25910.5,28999.76471,4457.490234375,105.08999633789062,1918.4000244140625,0.4257999897003174,144.47335815429688
2023-09-09,25910.5,25945.09,25796.64,25901.61,10980.62277,4457.490234375,105.08999633789062,1918.4000244140625,0.4257999897003174,144.47335815429688
2023-09-10,25901.6,26033.66,25570.57,25841.61,18738.26914,4457.490234375,105.08999633789062,1918.4000244140625,0.4257999897003174,144.47335815429688
2023-09-11,25841.6,25900.69,24901.0,25162.52,41682.32,4487.4599609375,104.56999969482422,1923.300048828125,0.42880001068115237,144.47335815429688
2023-09-12,25162.53,26567.0,25131.48,25840.1,56434.38537,4461.89990234375,104.70999908447266,1911.300048828125,0.42639999389648436,144.47335815429688
2023-09-13,25840.1,26405.22,25764.17,26222.0,31610.82753,4467.43994140625,104.7699966430664,1909.0999755859375,0.4249000072479248,144.47335815429688
2023-09-14,26222.0,26860.49,26126.77,26522.73,38333.1725,4505.10009765625,105.41000366210938,1910.0,0.42880001068115237,144.47335815429688
2023-09-15,26522.73,26888.0,26224.0,26600.0,26227.29369,4450.31982421875,105.31999969482422,1923.699951171875,0.4322000026702881,144.47335815429688
2023-09-16,26599.99,26777.0,26445.0,26559.67,13960.93351,4450.31982421875,105.31999969482422,1923.699951171875,0.4322000026702881,144.47335815429688
2023-09-17,26559.67,26623.25,26399.0,26527.51,12998.10277,4450.31982421875,105.31999969482422,1923.699951171875,0.4322000026702881,144.47335815429688
2023-09-18,26527.5,27409.0,26377.35,26762.51,43000.43256,4453.52978515625,105.19999694824219,1931.5,0.4318999767303467,144.47335815429688
2023-09-19,26762.5,27483.57,26667.79,27210.26,36190.52187,4443.9501953125,105.19999694824219,1932.0,0.43649997711181643,144.47335815429688
2023-09-20,27210.25,27388.63,26800.0,27125.0,34207.21867,4402.2001953125,105.16000366210938,1945.5999755859375,0.43489999771118165,144.47335815429688
2023-09-21,27125.01,27159.6,26377.7,26568.08,34476.82662,4330.0,105.36000061035156,1919.199951171875,0.4480000019073486,144.47335815429688
2023-09-22,26568.08,26743.38,26468.77,26580.14,18198.2292,4320.06005859375,105.58000183105469,1925.4000244140625,0.4438000202178955,144.47335815429688
2023-09-23,26580.14,26632.81,26509.0,26575.96,9440.7026,4320.06005859375,105.58000183105469,1925.4000244140625,0.4438000202178955,144.47335815429688
2023-09-24,26575.97,26738.54,26122.08,26248.38,15706.65771,4320.06005859375,105.58000183105469,1925.4000244140625,0.4438000202178955,144.47335815429688
2023-09-25,26248.39,26446.15,25990.46,26304.81,26266.2039,4337.43994140625,106.0,1916.5999755859375,0.45419998168945314,144.47335815429688
2023-09-26,26304.8,26397.46,26088.34,26221.67,18495.35066,4273.52978515625,106.2300033569336,1900.4000244140625,0.4558000087738037,144.47335815429688
2023-09-27,26221.68,26850.0,26112.06,26372.99,34771.57978,4274.509765625,106.66999816894531,1871.5999755859375,0.4625999927520752,144.47335815429688
2023-09-28,26373.0,27308.48,26342.4,27021.39,44517.83491,4299.7001953125,106.22000122070312,1860.4000244140625,0.45970001220703127,144.47335815429688
2023-09-29,27021.39,27244.89,26665.16,26906.96,28478.76219,4288.0498046875,106.16999816894531,1848.0999755859375,0.45729999542236327,144.47335815429688
2023-09-30,26906.96,27094.99,26886.31,26962.56,12804.62307,4288.0498046875,106.16999816894531,1848.0999755859375,0.45729999542236327,144.47335815429688
2023-10-01,26962.57,28065.51,26954.09,27992.57,24602.81468,4288.0498046875,106.16999816894531,1848.0999755859375,0.45729999542236327,144.47335815429688
2023-10-02,27992.58,28580.0,27281.44,27494.51,57071.14241,4288.39013671875,106.9000015258789,1830.0,0.46830000877380373,144.47335815429688
2023-10-03,27494.51,27676.52,27160.5,27426.46,28928.96555,4229.4501953125,107.0,1824.5999755859375,0.48020000457763673,144.47335815429688
2023-10-04,27426.45,27839.72,27202.0,27778.57,29816.142,4263.75,106.80000305175781,1818.5,0.47350001335144043,144.47335815429688
2023-10-05,27778.57,28120.39,27352.0,27410.39,30681.49619,4258.18994140625,106.33000183105469,1816.5999755859375,0.47170000076293944,144.47335815429688
2023-10-06,27410.39,28295.0,27175.94,27931.09,37983.24277,4308.5,106.04000091552734,1830.199951171875,0.47839999198913574,144.47335815429688
2023-10-07,27931.1,28029.67,27842.08,27956.67,13348.83825,4308.5,106.04000091552734,1830.199951171875,0.47839999198913574,144.47335815429688
2023-10-08,27956.67,28095.14,27687.5,27917.05,19693.56921,4308.5,106.04000091552734,1830.199951171875,0.47839999198913574,144.47335815429688
2023-10-09,27917.06,27987.93,27260.0,27590.12,31534.74639,4335.66015625,106.08000183105469,1849.5,0.47969999313354494,144.47335815429688
2023-10-10,27590.12,27735.0,27298.0,27390.12,22776.84383,4358.240234375,105.83000183105469,1861.0,0.465500020980835,144.47335815429688
2023-10-11,27390.12,27477.39,26538.66,26875.52,37349.44706,4376.9501953125,105.81999969482422,1872.800048828125,0.45949997901916506,144.47335815429688
2023-10-12,26875.52,26947.04,26555.0,26759.63,23428.64112,4349.60986328125,106.56999969482422,1869.300048828125,0.47119998931884766,144.47335815429688
2023-10-13,26759.63,27130.0,26685.0,26862.0,24115.76499,4327.77978515625,106.6500015258789,1927.4000244140625,0.4629000186920166,144.47335815429688
2023-10-14,26862.0,26989.58,26789.0,26852.48,10417.25576,4327.77978515625,106.6500015258789,1927.4000244140625,0.4629000186920166,144.47335815429688
2023-10-15,26852.48,27293.33,26808.25,27154.15,15274.6917,4327.77978515625,106.6500015258789,1927.4000244140625,0.4629000186920166,144.47335815429688
2023-10-16,27154.14,30000.0,27112.66,28500.78,78399.22445,4373.6298828125,106.23999786376953,1921.0999755859375,0.47119998931884766,144.47335815429688
2023-10-17,28500.77,28613.65,28069.32,28395.91,38428.44532,4373.2001953125,106.25,1922.699951171875,0.48470001220703124,144.47335815429688
2023-10-18,28395.91,28982.36,28142.87,28320.0,32162.47591,4314.60009765625,106.56999969482422,1955.300048828125,0.49039998054504397,144.47335815429688
2023-10-19,28320.0,28916.89,28100.66,28713.71,35895.50179,4278.0,106.25,1968.4000244140625,0.498799991607666,144.47335815429688
2023-10-20,28713.71,30207.55,28578.29,29669.04,59422.0992,4224.16015625,106.16000366210938,1982.5,0.4923999786376953,144.47335815429688
2023-10-21,29669.05,30379.99,29464.77,29909.8,27517.51897,4224.16015625,106.16000366210938,1982.5,0.4923999786376953,144.47335815429688
2023-10-22,29909.8,30248.0,29640.0,29992.46,22852.54563,4224.16015625,106.16000366210938,1982.5,0.4923999786376953,144.47335815429688
2023-10-23,29992.46,34741.91,29883.6,33069.99,93513.64246,4217.0400390625,105.54000091552734,1976.300048828125,0.48379998207092284,144.47335815429688
2023-10-24,33069.99,35280.0,32832.34,33922.73,115265.02418,4247.68017578125,106.2699966430664,1975.0,0.48400001525878905,144.47335815429688
2023-10-25,33922.73,35132.85,33679.05,34496.05,54887.02529,4186.77001953125,106.52999877929688,1984.0999755859375,0.4953000068664551,144.47335815429688
2023-10-26,34496.05,34824.13,33751.0,34151.66,39744.66255,4137.22998046875,106.5999984741211,1987.199951171875,0.48449997901916503,144.47335815429688
2023-10-27,34151.66,34245.0,33390.95,33892.02,32330.40106,4117.3701171875,106.55999755859375,1988.5999755859375,0.48449997901916503,144.47335815429688
2023-10-28,33892.01,34493.33,33860.0,34081.0,16880.13144,4117.3701171875,106.55999755859375,1988.5999755859375,0.48449997901916503,144.47335815429688
2023-10-29,34081.01,34750.11,33930.0,34525.89,20685.52176,4117.3701171875,106.55999755859375,1988.5999755859375,0.48449997901916503,144.47335815429688
2023-10-30,34525.88,34856.0,34062.84,34474.73,33657.95976,4166.81982421875,106.12000274658203,1996.199951171875,0.4875,144.47335815429688
2023-10-31,34474.74,34720.49,34025.0,34639.77,32737.89822,4193.7998046875,106.66000366210938,1985.199951171875,0.4875,144.47335815429688
2023-11-01,34639.78,35582.0,34097.39,35421.43,53473.28165,4237.85986328125,106.87999725341797,1978.800048828125,0.47890000343322753,144.47335815429688
2023-11-02,35421.43,35984.99,34300.0,34941.59,48015.57732,4317.77978515625,106.12000274658203,1985.5999755859375,0.46690001487731936,144.47335815429688
2023-11-03,34941.58,34946.5,34120.0,34716.78,39071.20644,4358.33984375,105.0199966430664,1991.5,0.4558000087738037,144.47335815429688
2023-11-04,34716.78,35255.0,34585.18,35062.07,18377.55545,4358.33984375,105.0199966430664,1991.5,0.4558000087738037,144.47335815429688
2023-11-05,35062.06,35380.0,34448.0,35011.88,24528.73376,4358.33984375,105.0199966430664,1991.5,0.4558000087738037,144.47335815429688
2023-11-06,35011.89,35276.33,34725.9,35046.09,22346.47086,4365.97998046875,105.22000122070312,1981.5999755859375,0.46620001792907717,144.47335815429688
2023-11-07,35046.09,35888.0,34523.06,35399.12,38688.73692,4378.3798828125,105.54000091552734,1966.800048828125,0.45710000991821287,144.47335815429688
2023-11-08,35399.13,36106.0,35100.0,35624.72,33401.34137,4382.77978515625,105.58999633789062,1951.5,0.452299976348877,144.47335815429688
2023-11-09,35624.72,37972.24,35534.05,36701.09,82537.88885,4347.35009765625,105.91000366210938,1964.199951171875,0.4630000114440918,144.47335815429688
2023-11-10,36701.1,37526.0,36324.71,37301.63,43414.04898,4415.240234375,105.86000061035156,1932.5999755859375,0.4627999782562256,144.47335815429688
2023-11-11,37301.63,37408.26,36666.93,37130.0,22984.97235,4415.240234375,105.86000061035156,1932.5999755859375,0.4627999782562256,144.47335815429688
2023-11-12,37129.99,37222.22,36731.1,37064.13,17687.18874,4415.240234375,105.86000061035156,1932.5999755859375,0.4627999782562256,144.47335815429688
2023-11-13,37064.13,37417.99,36333.0,36462.93,32798.18252,4411.5498046875,105.66000366210938,1945.5,0.4631999969482422,144.47335815429688
2023-11-14,36462.93,36744.0,34800.0,35551.19,45503.68416,4495.7001953125,104.11000061035156,1961.800048828125,0.44409999847412107,144.47335815429688
2023-11-15,35551.2,37980.0,35360.0,37858.2,53569.13385,4502.8798828125,104.38999938964844,1960.0999755859375,0.45349998474121095,144.47335815429688
2023-11-16,37858.2,37929.54,35500.0,36163.51,47490.39566,4508.240234375,104.37000274658203,1983.9000244140625,0.4445000171661377,144.47335815429688
2023-11-17,36163.51,36800.0,35861.1,36613.92,38283.61112,4514.02001953125,103.81999969482422,1981.5999755859375,0.44409999847412107,144.47335815429688
2023-11-18,36613.91,36845.49,36178.58,36568.1,17102.24186,4514.02001953125,103.81999969482422,1981.5999755859375,0.44409999847412107,144.47335815429688
2023-11-19,36568.11,37500.0,36384.02,37359.86,21246.34648,4514.02001953125,103.81999969482422,1981.5999755859375,0.44409999847412107,144.47335815429688
2023-11-20,37359.85,37750.0,36677.0,37448.78,36022.70291,4547.3798828125,103.47000122070312,1977.699951171875,0.4421999931335449,144.47335815429688
2023-11-21,37448.79,37649.44,35735.0,35741.65,47646.54804,4538.18994140625,103.58999633789062,1999.300048828125,0.44180002212524416,144.47335815429688
2023-11-22,35741.65,37861.1,35632.01,37408.34,45051.30697,4556.6201171875,103.91999816894531,1991.4000244140625,0.44159998893737795,144.47335815429688
2023-11-23,37408.35,37653.44,36870.0,37294.28,23827.92882,4556.6201171875,103.91999816894531,1991.4000244140625,0.44159998893737795,144.47335815429688
2023-11-24,37294.27,38414.0,37251.51,37713.57,44680.80646,4559.33984375,103.4000015258789,2002.199951171875,0.44720001220703126,144.47335815429688
2023-11-25,37713.57,37888.0,37591.1,37780.67,11396.14464,4559.33984375,103.4000015258789,2002.199951171875,0.44720001220703126,144.47335815429688
2023-11-26,37780.67,37814.63,37150.0,37447.43,21264.53723,4559.33984375,103.4000015258789,2002.199951171875,0.44720001220703126,144.47335815429688
2023-11-27,37447.42,37569.23,36707.0,37242.7,30001.07376,4550.43017578125,103.19999694824219,2011.800048828125,0.4388999938964844,144.47335815429688
2023-11-28,37242.7,38377.0,36868.41,37818.87,37544.46667,4554.89013671875,102.75,2039.699951171875,0.43359999656677245,144.47335815429688
2023-11-29,37818.88,38450.0,37570.0,37854.64,32994.19107,4550.580078125,102.7699966430664,2047.0999755859375,0.42709999084472655,144.47335815429688
2023-11-30,37854.65,38145.85,37500.0,37723.96,24740.29147,4567.7998046875,103.5,2038.0999755859375,0.43520002365112304,144.47335815429688
2023-12-01,37723.97,38999.0,37615.86,38682.52,43415.66324,4594.6298828125,103.2699966430664,2071.0,0.42259998321533204,144.47335815429688
2023-12-02,38682.51,39717.14,38641.61,39450.35,26696.92161,4594.6298828125,103.2699966430664,2071.0,0.42259998321533204,144.47335815429688
2023-12-03,39450.35,40250.0,39274.86,39972.26,26710.65335,4594.6298828125,103.2699966430664,2071.0,0.42259998321533204,144.47335815429688
2023-12-04,39972.26,42420.0,39972.26,41991.1,79272.33059,4569.77978515625,103.63999938964844,2024.0999755859375,0.42880001068115237,144.47335815429688
2023-12-05,41991.1,44488.0,41414.0,44073.32,67490.74644,4567.18017578125,104.05000305175781,2018.5,0.4171000003814697,144.47335815429688
2023-12-06,44073.82,44297.21,43335.28,43762.69,51431.10492,4549.33984375,104.1500015258789,2030.5,0.4120999813079834,144.47335815429688
2023-12-07,43762.69,44047.33,42821.1,43273.14,47103.26845,4585.58984375,103.54000091552734,2029.9000244140625,0.4129000186920166,144.47335815429688
2023-12-08,43273.15,44700.0,43081.1,44170.99,42900.37556,4604.3701171875,104.01000213623047,1998.300048828125,0.4244999885559082,144.47335815429688
2023-12-09,44171.0,44358.02,43584.51,43713.6,24925.97008,4604.3701171875,104.01000213623047,1998.300048828125,0.4244999885559082,144.47335815429688
2023-12-10,43713.59,44049.0,43563.0,43789.51,18956.61758,4604.3701171875,104.01000213623047,1998.300048828125,0.4244999885559082,144.47335815429688
2023-12-11,43789.5,43804.5,40222.0,41253.4,76663.89804,4622.43994140625,104.0999984741211,1978.0,0.4238999843597412,144.47335815429688
2023-12-12,41253.41,42104.12,40680.0,41492.39,42722.69773,4643.7001953125,103.87000274658203,1977.800048828125,0.42059998512268065,144.47335815429688
2023-12-13,41492.38,43475.2,40555.0,42869.03,45865.99773,4707.08984375,102.87000274658203,1982.300048828125,0.40329999923706056,144.47335815429688
2023-12-14,42869.03,43420.0,41400.0,43022.26,42047.05709,4719.5498046875,101.95999908447266,2030.199951171875,0.3930000066757202,144.47335815429688
2023-12-15,43022.26,43080.81,41666.0,41940.3,33421.7932,4719.18994140625,102.55000305175781,2021.0999755859375,0.39279999732971194,144.47335815429688
2023-12-16,41940.29,42724.43,41605.0,42278.03,24118.85747,4719.18994140625,102.55000305175781,2021.0999755859375,0.39279999732971194,144.47335815429688
2023-12-17,42278.02,42424.07,41252.0,41374.65,27722.11452,4719.18994140625,102.55000305175781,2021.0999755859375,0.39279999732971194,144.47335815429688
2023-12-18,41374.64,42757.81,40542.93,42657.8,46734.0925,4740.56005859375,102.51000213623047,2026.300048828125,0.3953999996185303,144.47335815429688
2023-12-19,42657.8,43497.0,41811.1,42275.99,40927.86444,4768.3701171875,102.16999816894531,2038.4000244140625,0.3921999931335449,144.47335815429688
2023-12-20,42275.99,44283.0,42206.0,43668.93,48710.2947,4698.35009765625,102.41000366210938,2034.5,0.3877000093460083,144.47335815429688
2023-12-21,43668.92,44242.35,43286.72,43861.8,34624.29384,4746.75,101.83999633789062,2039.0999755859375,0.38940000534057617,144.47335815429688
2023-12-22,43861.79,44398.26,43412.54,43969.04,32783.19638,4754.6298828125,101.69999694824219,2057.10009765625,0.39010000228881836,144.47335815429688
2023-12-23,43969.04,43988.68,43291.1,43702.16,16557.1293,4754.6298828125,101.69999694824219,2057.10009765625,0.39010000228881836,144.47335815429688
2023-12-24,43702.15,43946.0,42500.0,42991.5,25144.33496,4754.6298828125,101.69999694824219,2057.10009765625,0.39010000228881836,144.47335815429688
2023-12-25,42991.5,43802.32,42720.43,43576.13,27021.23992,4754.6298828125,101.69999694824219,2057.10009765625,0.39010000228881836,144.47335815429688
2023-12-26,43576.12,43592.68,41637.6,42508.93,41010.04282,4774.75,101.47000122070312,2058.199951171875,0.3885999917984009,144.47335815429688
2023-12-27,42508.93,43677.0,42098.69,43428.85,36191.21136,4781.580078125,100.98999786376953,2081.89990234375,0.37890000343322755,144.47335815429688
2023-12-28,43428.86,43787.57,42241.79,42563.76,35150.52485,4783.35009765625,101.2300033569336,2073.89990234375,0.38499999046325684,144.47335815429688
2023-12-29,42563.76,43111.0,41300.0,42066.95,42597.18912,4769.830078125,101.33000183105469,2062.39990234375,0.3865999937057495,144.47335815429688
2023-12-30,42066.94,42612.32,41520.3,42140.28,22906.57818,4769.830078125,101.33000183105469,2062.39990234375,0.3865999937057495,144.47335815429688
2023-12-31,42140.29,42899.0,41965.84,42283.58,23585.91603,4769.830078125,101.33000183105469,2062.39990234375,0.3865999937057495,144.47335815429688
2024-01-01,42283.58,44184.1,42180.77,44179.55,27174.29903,4769.830078125,101.33000183105469,2062.39990234375,0.3865999937057495,144.47335815429688
2024-01-02,44179.55,45879.63,44148.34,44946.91,65146.40661,4742.830078125,102.19999694824219,2064.39990234375,0.39460000991821287,144.47335815429688
2024-01-03,44946.91,45500.0,40750.0,42845.23,81194.55173,4704.81005859375,102.45999908447266,2034.199951171875,0.3907000064849854,144.47335815429688
2024-01-04,42845.23,44729.58,42613.77,44151.1,48038.06334,4688.68017578125,102.41999816894531,2042.300048828125,0.3990999937057495,144.47335815429688
2024-01-05,44151.1,44357.46,42450.0,44145.11,48075.25327,4697.240234375,102.41000366210938,2042.4000244140625,0.40419998168945315,144.47335815429688
2024-01-06,44145.12,44214.42,43397.05,43968.32,17835.06144,4697.240234375,102.41000366210938,2042.4000244140625,0.40419998168945315,144.47335815429688
2024-01-07,43968.32,44480.59,43572.09,43929.02,23023.8508,4697.240234375,102.41000366210938,2042.4000244140625,0.40419998168945315,144.47335815429688
2024-01-08,43929.01,47248.99,43175.0,46951.04,72814.57589,4763.5400390625,102.20999908447266,2026.5999755859375,0.40019998550415037,144.47335815429688
2024-01-09,46951.04,47972.0,44748.67,46110.0,69927.66617,4756.5,102.56999969482422,2026.4000244140625,0.4019000053405762,144.47335815429688
2024-01-10,46110.0,47695.93,44300.36,46653.99,89911.41203,4783.4501953125,102.36000061035156,2021.699951171875,0.403000020980835,144.47335815429688
2024-01-11,46654.0,48969.48,45606.06,46339.16,87470.3296,4780.240234375,102.29000091552734,2014.300048828125,0.3976999998092651,144.47335815429688
2024-01-12,46339.16,46515.53,41500.0,42782.73,86327.93707,4783.830078125,102.4000015258789,2046.699951171875,0.3950000047683716,144.47335815429688
2024-01-13,42782.74,43257.0,42436.12,42847.99,36118.47464,4783.830078125,102.4000015258789,2046.699951171875,0.3950000047683716,144.47335815429688
2024-01-14,42847.99,43079.0,41720.0,41732.35,28228.40894,4783.830078125,102.4000015258789,2046.699951171875,0.3950000047683716,144.47335815429688
2024-01-15,41732.35,43400.43,41718.05,42511.1,40269.89303,4783.830078125,102.4000015258789,2046.699951171875,0.3950000047683716,144.47335815429688
2024-01-16,42511.1,43578.01,42050.0,43137.95,45045.74589,4765.97998046875,103.36000061035156,2026.0,0.4065999984741211,144.47335815429688
2024-01-17,43137.94,43198.0,42200.69,42776.1,33266.21388,4739.2099609375,103.44999694824219,2002.5999755859375,0.4105999946594238,144.47335815429688
2024-01-18,42776.09,42930.0,40683.28,41327.5,43907.51641,4780.93994140625,103.54000091552734,2018.5999755859375,0.4144000053405762,144.47335815429688
2024-01-19,41327.51,42196.86,40280.0,41659.03,48342.74559,4839.81005859375,103.29000091552734,2026.5,0.41459999084472654,144.47335815429688
2024-01-20,41659.03,41872.56,41456.3,41696.04,15923.99493,4839.81005859375,103.29000091552734,2026.5,0.41459999084472654,144.47335815429688
2024-01-21,41696.05,41881.39,41500.98,41580.33,11730.16301,4839.81005859375,103.29000091552734,2026.5,0.41459999084472654,144.47335815429688
2024-01-22,41580.32,41689.65,39431.58,39568.02,55426.19911,4850.43017578125,103.33000183105469,2019.800048828125,0.40939998626708984,144.47335815429688
2024-01-23,39568.02,40176.74,38555.0,39897.6,57956.63351,4864.60009765625,103.62000274658203,2023.699951171875,0.4142000198364258,144.47335815429688
2024-01-24,39897.59,40555.0,39484.19,40084.88,39293.82861,4868.5498046875,103.23999786376953,2013.9000244140625,0.4177999973297119,144.47335815429688
2024-01-25,40084.89,40300.24,39550.0,39961.09,31022.11853,4894.16015625,103.56999969482422,2016.9000244140625,0.41319999694824217,144.47335815429688
2024-01-26,39961.09,42246.82,39822.52,41823.51,47384.96726,4890.97021484375,103.47000122070312,2016.800048828125,0.4159999847412109,144.47335815429688
2024-01-27,41823.51,42200.0,41394.34,42120.63,16224.41667,4890.97021484375,103.47000122070312,2016.800048828125,0.4159999847412109,144.47335815429688
2024-01-28,42120.63,42842.68,41620.81,42031.06,27294.99838,4890.97021484375,103.47000122070312,2016.800048828125,0.4159999847412109,144.47335815429688
2024-01-29,42031.05,43333.0,41804.88,43302.7,31542.74207,4927.93017578125,103.61000061035156,2025.199951171875,0.40910000801086427,144.47335815429688
2024-01-30,43302.71,43882.36,42683.99,42941.1,37619.24546,4924.97021484375,103.4000015258789,2031.5,0.4059000015258789,144.47335815429688
2024-01-31,42941.1,43745.11,42276.84,42580.0,39871.13688,4845.64990234375,103.2699966430664,2048.39990234375,0.39670000076293943,144.47335815429688
2024-02-01,42580.0,43285.13,41884.28,43082.94,35231.04664,4906.18994140625,103.05000305175781,2053.0,0.38629999160766604,144.47335815429688
2024-02-02,43082.95,43488.0,42546.79,43200.0,29672.14418,4958.60986328125,103.91999816894531,2036.0999755859375,0.40329999923706056,144.47335815429688
2024-02-03,43199.99,43380.01,42880.0,43011.09,12033.40998,4958.60986328125,103.91999816894531,2036.0999755859375,0.40329999923706056,144.47335815429688
2024-02-04,43011.1,43119.04,42222.0,42582.88,17066.89404,4958.60986328125,103.91999816894531,2036.0999755859375,0.40329999923706056,144.47335815429688
2024-02-05,42582.88,43569.76,42258.1,42708.7,29467.75905,4942.81005859375,104.44999694824219,2025.699951171875,0.41640000343322753,144.47335815429688
2024-02-06,42708.7,43399.98,42574.0,43098.95,24675.85433,4954.22998046875,104.18000030517578,2034.5,0.40900001525878904,144.47335815429688
2024-02-07,43098.96,44396.5,42788.0,44349.6,34392.59915,4995.06005859375,104.04000091552734,2035.199951171875,0.41100001335144043,144.47335815429688
2024-02-08,44349.6,45614.3,44331.1,45288.65,45439.62231,4997.91015625,104.1500015258789,2032.199951171875,0.41700000762939454,144.47335815429688
2024-02-09,45288.66,48200.0,45242.12,47132.77,73503.481,5026.60986328125,104.08000183105469,2023.300048828125,0.4186999797821045,144.47335815429688
2024-02-10,47132.78,48170.0,46800.0,47751.09,24802.35936,5026.60986328125,104.08000183105469,2023.300048828125,0.4186999797821045,144.47335815429688
2024-02-11,47751.08,48592.66,47557.16,48299.99,29958.80837,5026.60986328125,104.08000183105469,2023.300048828125,0.4186999797821045,144.47335815429688
2024-02-12,48300.0,50334.82,47710.01,49917.27,59009.96705,5021.83984375,104.16999816894531,2018.199951171875,0.41719999313354494,144.47335815429688
2024-02-13,49917.28,50368.61,48300.95,49699.59,55551.56706,4953.169921875,104.95999908447266,1992.9000244140625,0.4315999984741211,144.47335815429688
2024-02-14,49699.6,52043.71,49225.01,51795.17,57046.37401,5000.6201171875,104.72000122070312,1990.300048828125,0.4267000198364258,144.47335815429688
2024-02-15,51795.17,52816.62,51314.0,51880.0,53816.03055,5029.72998046875,104.30000305175781,2002.0999755859375,0.4239999771118164,144.47335815429688
2024-02-16,51880.01,52572.08,51566.0,52124.11,37772.25318,5005.56982421875,104.27999877929688,2011.5,0.42950000762939455,144.47335815429688
2024-02-17,52124.1,52162.82,50625.0,51642.64,25674.00622,5005.56982421875,104.27999877929688,2011.5,0.42950000762939455,144.47335815429688
2024-02-18,51642.64,52377.0,51163.28,52137.67,21992.10363,5005.56982421875,104.27999877929688,2011.5,0.42950000762939455,144.47335815429688
2024-02-19,52137.68,52488.77,51677.0,51774.73,29534.99432,5005.56982421875,104.27999877929688,2011.5,0.42950000762939455,144.47335815429688
2024-02-20,51774.74,52985.0,50760.37,52258.82,49614.47318,4975.509765625,104.08000183105469,2027.5,0.42750000953674316,144.47335815429688
2024-02-21,52258.82,52366.8,50625.0,51849.39,43079.40049,4981.7998046875,104.01000213623047,2022.300048828125,0.43249998092651365,144.47335815429688
2024-02-22,51849.38,52065.78,50940.78,51288.42,35309.44574,5087.02978515625,103.95999908447266,2019.699951171875,0.43270001411437986,144.47335815429688
2024-02-23,51288.42,51548.54,50521.0,50744.15,30545.79544,5088.7998046875,103.94000244140625,2038.5999755859375,0.4260000228881836,144.47335815429688
2024-02-24,50744.15,51698.0,50585.0,51568.22,16560.4211,5088.7998046875,103.94000244140625,2038.5999755859375,0.4260000228881836,144.47335815429688
2024-02-25,51568.21,51958.55,51279.8,51728.85,18721.63159,5088.7998046875,103.94000244140625,2038.5999755859375,0.4260000228881836,144.47335815429688
2024-02-26,51728.85,54910.0,50901.44,54476.47,51256.72199,5069.52978515625,103.83000183105469,2028.5,0.4298999786376953,144.47335815429688
2024-02-27,54476.48,57588.15,54450.13,57037.34,67194.98562,5078.18017578125,103.83000183105469,2034.0,0.4315000057220459,144.47335815429688
2024-02-28,57037.35,64000.0,56691.85,62432.1,118763.46984,5069.759765625,103.9800033569336,2033.0,0.427400016784668,144.47335815429688
2024-02-29,62432.11,63676.35,60364.7,61130.98,78425.07603,5096.27001953125,104.16000366210938,2045.699951171875,0.4251999855041504,144.47335815429688
2024-03-01,61130.99,63114.23,60777.0,62387.9,47737.93473,5137.080078125,103.86000061035156,2086.89990234375,0.4179999828338623,144.47335815429688
2024-03-02,62387.9,62433.19,61561.12,61987.28,25534.73659,5137.080078125,103.86000061035156,2086.89990234375,0.4179999828338623,144.47335815429688
2024-03-03,61987.28,63231.88,61320.0,63113.97,28994.90903,5137.080078125,103.86000061035156,2086.89990234375,0.4179999828338623,144.47335815429688
2024-03-04,63113.97,68499.0,62300.0,68245.71,84835.16005,5130.9501953125,103.83000183105469,2117.699951171875,0.42189998626708985,144.47335815429688
2024-03-05,68245.71,69000.0,59005.0,63724.01,132696.7813,5078.64990234375,103.80000305175781,2133.5,0.413700008392334,144.47335815429688
2024-03-06,63724.01,67641.1,62779.14,66074.04,78738.85491,5104.759765625,103.37000274658203,2150.300048828125,0.4104000091552734,144.47335815429688
2024-03-07,66074.04,67980.0,65551.0,66823.17,53059.8869,5157.35986328125,102.81999969482422,2158.0,0.40920000076293944,144.47335815429688
2024-03-08,66823.18,69990.0,66082.66,68124.19,74261.932842,5123.68994140625,102.73999786376953,2178.60009765625,0.40890002250671387,144.47335815429688
2024-03-09,68124.2,68541.1,67861.1,68313.27,19872.89743,5123.68994140625,102.73999786376953,2178.60009765625,0.40890002250671387,144.47335815429688
2024-03-10,68313.28,69887.61,68094.75,68955.88,38404.66835,5123.68994140625,102.73999786376953,2178.60009765625,0.40890002250671387,144.47335815429688
2024-03-11,68955.88,72800.0,67024.96,72078.1,75292.825726,5117.93994140625,102.87000274658203,2182.5,0.4104000091552734,144.47335815429688
2024-03-12,72078.1,73000.0,68620.82,71452.01,68783.546691,5175.27001953125,102.95999908447266,2160.39990234375,0.41550002098083494,144.47335815429688
2024-03-13,71452.0,73650.25,71333.31,73072.41,52659.711647,5165.31005859375,102.79000091552734,2175.39990234375,0.4191999912261963,144.47335815429688
2024-03-14,73072.4,73777.0,68555.0,71388.94,71757.628746,5150.47998046875,103.36000061035156,2163.0,0.42979998588562013,144.47335815429688
2024-03-15,71388.94,72419.71,65600.0,69499.85,103334.03546,5117.08984375,103.43000030517578,2157.300048828125,0.4303999900817871,144.47335815429688
2024-03-16,69499.84,70043.0,64780.0,65300.63,55926.95336,5117.08984375,103.43000030517578,2157.300048828125,0.4303999900817871,144.47335815429688
2024-03-17,65300.64,68904.4,64533.0,68393.48,49742.21589,5117.08984375,103.43000030517578,2157.300048828125,0.4303999900817871,144.47335815429688
2024-03-18,68393.47,68956.0,66565.2,67609.99,55691.08088,5149.419921875,103.58000183105469,2160.699951171875,0.43400001525878906,144.47335815429688
2024-03-19,67610.0,68124.11,61555.0,61937.4,101005.32487,5178.509765625,103.80999755859375,2156.300048828125,0.4296999931335449,144.47335815429688
2024-03-20,61937.41,68100.0,60775.0,67840.51,90420.58592,5224.6201171875,103.41000366210938,2157.89990234375,0.42729997634887695,144.47335815429688
2024-03-21,67840.51,68240.47,64529.01,65501.27,53357.48002,5241.52978515625,104.0,2182.39990234375,0.42709999084472655,144.47335815429688
2024-03-22,65501.28,66649.62,62260.0,63796.64,51482.37821,5234.18017578125,104.43000030517578,2158.10009765625,0.4217999935150146,144.47335815429688
2024-03-23,63796.64,65999.0,63000.0,63990.01,26410.11409,5234.18017578125,104.43000030517578,2158.10009765625,0.4217999935150146,144.47335815429688
2024-03-24,63990.02,67628.69,63772.29,67209.99,31395.78015,5234.18017578125,104.43000030517578,2158.10009765625,0.4217999935150146,144.47335815429688
2024-03-25,67210.0,71150.0,66385.06,69880.01,53431.14486,5218.18994140625,104.2300033569336,2174.800048828125,0.42529997825622556,144.47335815429688
2024-03-26,69880.0,71561.1,69280.0,69988.0,38934.38417,5203.580078125,104.29000091552734,2175.60009765625,0.4234000205993652,144.47335815429688
2024-03-27,69987.99,71769.54,68359.18,69469.99,49119.35685,5248.490234375,104.3499984741211,2190.60009765625,0.4196000099182129,144.47335815429688
2024-03-28,69469.99,71552.06,68903.62,70780.6,35439.03239,5254.35009765625,104.55000305175781,2217.39990234375,0.42059998512268065,144.47335815429688
2024-03-29,70780.6,70916.16,69009.0,69850.54,25445.08353,5254.35009765625,104.55000305175781,2217.39990234375,0.42059998512268065,144.47335815429688
2024-03-30,69850.53,70321.1,69540.0,69582.18,13644.61142,5254.35009765625,104.55000305175781,2217.39990234375,0.42059998512268065,144.47335815429688
2024-03-31,69582.17,71366.0,69562.99,71280.01,19396.34433,5254.35009765625,104.55000305175781,2217.39990234375,0.42059998512268065,144.47335815429688
2024-04-01,71280.0,71288.23,68062.86,69649.8,41445.32039,5243.77001953125,105.0199966430664,2236.5,0.43289999961853026,144.47335815429688
2024-04-02,69649.81,69674.23,64550.0,65463.99,71799.82793,5205.81005859375,104.81999969482422,2261.0,0.43649997711181643,144.47335815429688
2024-04-03,65463.99,66903.63,64493.07,65963.28,39887.21778,5211.490234375,104.25,2294.39990234375,0.4355000019073486,144.47335815429688
2024-04-04,65963.27,69309.91,65064.52,68487.79,41510.48453,5147.2099609375,104.12000274658203,2288.800048828125,0.43090000152587893,144.47335815429688
2024-04-05,68487.8,68756.67,65952.56,67820.62,37915.23073,5204.33984375,104.30000305175781,2325.699951171875,0.4377999782562256,144.47335815429688
2024-04-06,67820.63,69692.0,67447.83,68896.0,20134.28919,5204.33984375,104.30000305175781,2325.699951171875,0.4377999782562256,144.47335815429688
2024-04-07,68896.0,70326.29,68824.0,69360.39,21534.74433,5204.33984375,104.30000305175781,2325.699951171875,0.4377999782562256,144.47335815429688
2024-04-08,69360.38,72797.99,69043.24,71620.0,45723.87624,5202.39013671875,104.13999938964844,2331.699951171875,0.4423999786376953,144.47335815429688
2024-04-09,71620.0,71758.19,68210.0,69146.0,39293.90242,5209.91015625,104.1500015258789,2343.5,0.4366000175476074,144.47335815429688
2024-04-10,69146.0,71172.08,67518.0,70631.08,42006.02377,5160.64013671875,105.25,2329.60009765625,0.4559999942779541,144.47335815429688
2024-04-11,70631.08,71305.89,69567.21,70006.23,31917.25595,5199.06005859375,105.27999877929688,2354.800048828125,0.4576000213623047,144.47335815429688
2024-04-12,70006.22,71227.46,65086.86,67116.52,56072.86229,5123.41015625,106.04000091552734,2356.199951171875,0.4499000072479248,144.47335815429688
2024-04-13,67116.52,67929.0,60660.57,63924.51,71395.22019,5123.41015625,106.04000091552734,2356.199951171875,0.4499000072479248,144.47335815429688
2024-04-14,63924.52,65840.0,62134.0,65661.84,61599.17818,5123.41015625,106.04000091552734,2356.199951171875,0.4499000072479248,144.47335815429688
2024-04-15,65661.85,66867.07,62274.4,63419.99,52389.53069,5061.81982421875,106.20999908447266,2365.800048828125,0.4627999782562256,144.47335815429688
2024-04-16,63419.99,64365.0,61600.0,63793.39,53435.29331,5051.41015625,106.26000213623047,2390.800048828125,0.46589999198913573,144.47335815429688
2024-04-17,63793.4,64499.0,59678.16,61277.37,50610.54509,5022.2099609375,105.94999694824219,2371.699951171875,0.45850000381469724,144.47335815429688
2024-04-18,61277.38,64117.09,60803.35,63470.08,43601.60918,5011.1201171875,106.1500015258789,2382.300048828125,0.46469998359680176,144.47335815429688
2024-04-19,63470.09,65450.0,59600.01,63818.01,69774.30271,4967.22998046875,106.1500015258789,2398.39990234375,0.4614999771118164,144.47335815429688
2024-04-20,63818.01,65419.0,63090.07,64940.59,23137.42975,4967.22998046875,106.1500015258789,2398.39990234375,0.4614999771118164,144.47335815429688
2024-04-21,64940.58,65695.56,64237.5,64941.15,19316.42152,4967.22998046875,106.1500015258789,2398.39990234375,0.4614999771118164,144.47335815429688
2024-04-22,64941.15,67232.35,64500.0,66819.32,31397.99371,5010.60009765625,106.08000183105469,2332.199951171875,0.4623000144958496,144.47335815429688
2024-04-23,66819.32,67183.01,65765.81,66414.0,22599.90004,5070.5498046875,105.69000244140625,2327.699951171875,0.45980000495910645,144.47335815429688
2024-04-24,66414.0,67070.43,63606.06,64289.59,33595.69637,5071.6298828125,105.86000061035156,2324.5,0.46519999504089354,144.47335815429688
2024-04-25,64289.58,65297.94,62794.0,64498.34,31341.46338,5048.419921875,105.5999984741211,2329.800048828125,0.47059998512268064,144.47335815429688
2024-04-26,64498.33,64820.01,63297.48,63770.01,27085.19346,5099.9599609375,105.94000244140625,2334.800048828125,0.46690001487731936,144.47335815429688
2024-04-27,63770.0,63923.41,62391.24,63461.98,20933.06052,5099.9599609375,105.94000244140625,2334.800048828125,0.46690001487731936,144.47335815429688
2024-04-28,63461.98,64370.0,62781.0,63118.62,16949.20005,5099.9599609375,105.94000244140625,2334.800048828125,0.46690001487731936,144.47335815429688
2024-04-29,63118.62,64228.35,61765.53,63866.0,28150.22947,5116.169921875,105.58000183105469,2345.39990234375,0.4613999843597412,144.47335815429688
2024-04-30,63866.0,64734.0,59191.6,60672.0,54947.65535,5035.68994140625,106.22000122070312,2291.39990234375,0.4685999870300293,144.47335815429688
2024-05-01,60672.01,60841.63,56552.82,58364.97,81166.46823,5018.39013671875,105.76000213623047,2299.89990234375,0.45949997901916506,144.47335815429688
2024-05-02,58364.97,59625.0,56911.84,59060.61,47583.81961,5064.2001953125,105.30000305175781,2299.199951171875,0.45710000991821287,144.47335815429688
2024-05-03,59060.6,63333.0,58811.32,62882.01,43628.40143,5127.7900390625,105.02999877929688,2299.0,0.45,144.47335815429688
2024-05-04,62882.01,64540.0,62541.03,63892.04,24368.69282,5127.7900390625,105.02999877929688,2299.0,0.45,144.47335815429688
2024-05-05,63892.03,64646.0,62822.17,64012.0,18526.75029,5127.7900390625,105.02999877929688,2299.0,0.45,144.47335815429688
2024-05-06,64012.0,65500.0,62700.0,63165.19,34674.91949,5180.740234375,105.05000305175781,2321.60009765625,0.4488999843597412,144.47335815429688
2024-05-07,63165.18,64422.41,62261.0,62312.08,25598.79472,5187.7001953125,105.41000366210938,2315.199951171875,0.44629998207092286,144.47335815429688
2024-05-08,62312.07,63020.22,60888.0,61193.03,26121.19004,5187.669921875,105.55000305175781,2313.60009765625,0.4492000102996826,144.47335815429688
2024-05-09,61193.03,63429.03,60630.0,63074.01,30660.8061,5214.080078125,105.2300033569336,2332.10009765625,0.4448999881744385,144.47335815429688
2024-05-10,63074.0,63469.13,60187.12,60799.99,36529.34025,5222.68017578125,105.30999755859375,2367.300048828125,0.4504000186920166,144.47335815429688
2024-05-11,60799.99,61515.0,60487.09,60825.99,13374.56936,5222.68017578125,105.30999755859375,2367.300048828125,0.4504000186920166,144.47335815429688
2024-05-12,60825.99,61888.0,60610.0,61483.99,12753.13236,5222.68017578125,105.30999755859375,2367.300048828125,0.4504000186920166,144.47335815429688
2024-05-13,61484.0,63450.0,60749.21,62940.08,32733.41839,5221.419921875,105.22000122070312,2336.10009765625,0.44809999465942385,144.47335815429688
2024-05-14,62940.09,63118.36,61142.77,61577.49,29088.72041,5246.68017578125,105.01000213623047,2353.39990234375,0.4445000171661377,144.47335815429688
2024-05-15,61577.49,66444.16,61319.47,66206.5,43559.74719,5308.14990234375,104.3499984741211,2388.699951171875,0.43559999465942384,144.47335815429688
2024-05-16,66206.51,66752.01,64602.77,65235.21,31106.3671,5297.10009765625,104.45999908447266,2380.0,0.4376999855041504,144.47335815429688
2024-05-17,65235.21,67451.2,65106.38,67024.0,26292.23409,5303.27001953125,104.44999694824219,2412.199951171875,0.4420000076293945,144.47335815429688
2024-05-18,67024.0,67400.01,66600.0,66915.2,14441.25774,5303.27001953125,104.44999694824219,2412.199951171875,0.4420000076293945,144.47335815429688
2024-05-19,66915.2,67700.0,65857.25,66274.01,18025.30409,5303.27001953125,104.44999694824219,2412.199951171875,0.4420000076293945,144.47335815429688
2024-05-20,66274.0,71515.56,66060.31,71446.62,50816.7011,5308.1298828125,104.56999969482422,2433.89990234375,0.4436999797821045,144.47335815429688
2024-05-21,71446.62,71979.0,69162.94,70148.34,49607.4336,5321.41015625,104.66000366210938,2421.699951171875,0.44140000343322755,144.47335815429688
2024-05-22,70148.34,70666.0,68842.19,69166.62,27673.18026,5307.009765625,104.94000244140625,2389.199951171875,0.4434000015258789,144.47335815429688
2024-05-23,69166.62,70096.12,66312.16,67969.65,40513.17374,5267.83984375,105.11000061035156,2335.0,0.44749999046325684,144.47335815429688
2024-05-24,67969.66,69250.0,66600.12,68549.99,28095.83664,5304.72021484375,104.72000122070312,2332.5,0.4467000007629395,144.47335815429688
2024-05-25,68549.99,69610.0,68500.0,69290.57,12130.39418,5304.72021484375,104.72000122070312,2332.5,0.4467000007629395,144.47335815429688
2024-05-26,69290.56,69562.23,68128.01,68507.67,11872.11797,5304.72021484375,104.72000122070312,2332.5,0.4467000007629395,144.47335815429688
2024-05-27,68507.67,70687.56,68250.0,69436.43,23136.92737,5304.72021484375,104.72000122070312,2332.5,0.4467000007629395,144.47335815429688
2024-05-28,69436.43,69591.81,67277.91,68398.39,32622.97042,5306.0400390625,104.61000061035156,2355.199951171875,0.45419998168945314,144.47335815429688
2024-05-29,68398.4,68935.68,67124.65,67652.42,23159.83149,5266.9501953125,105.0999984741211,2340.300048828125,0.4624000072479248,144.47335815429688
2024-05-30,67652.41,69500.0,67128.0,68352.17,28478.2184,5235.47998046875,104.72000122070312,2342.89990234375,0.4553999900817871,144.47335815429688
2024-05-31,68352.17,69044.1,66670.0,67540.01,26690.32184,5277.509765625,104.66999816894531,2322.89990234375,0.4513999938964844,144.47335815429688
2024-06-01,67540.01,67900.0,67428.44,67766.85,8837.66133,5277.509765625,104.66999816894531,2322.89990234375,0.4513999938964844,144.47335815429688
2024-06-02,67766.84,68460.0,67257.47,67765.63,15426.32529,5277.509765625,104.66999816894531,2322.89990234375,0.4513999938964844,144.47335815429688
2024-06-03,67765.62,70288.0,67612.48,68809.9,29633.374,5283.39990234375,104.13999938964844,2346.60009765625,0.4401999950408936,144.47335815429688
2024-06-04,68809.89,71063.45,68567.32,70537.84,29619.78489,5291.33984375,104.11000061035156,2325.5,0.43359999656677245,144.47335815429688
2024-06-05,70537.83,71758.0,70383.66,71108.0,28703.18082,5354.02978515625,104.2699966430664,2354.10009765625,0.42890000343322754,144.47335815429688
2024-06-06,71108.0,71700.0,70117.64,70799.06,21842.00449,5352.9599609375,104.0999984741211,2370.300048828125,0.4281000137329102,144.47335815429688
2024-06-07,70799.06,71997.02,68420.0,69355.6,35598.45045,5346.990234375,104.88999938964844,2305.199951171875,0.4429999828338623,144.47335815429688
2024-06-08,69355.6,69582.2,69168.02,69310.46,9773.82967,5346.990234375,104.88999938964844,2305.199951171875,0.4429999828338623,144.47335815429688
2024-06-09,69310.46,69857.14,69130.24,69648.14,9890.56709,5346.990234375,104.88999938964844,2305.199951171875,0.4429999828338623,144.47335815429688
2024-06-10,69648.15,70195.94,69172.29,69540.0,17122.66941,5360.7900390625,105.1500015258789,2307.699951171875,0.4468999862670898,144.47335815429688
2024-06-11,69540.0,69590.01,66051.0,67314.24,41436.01588,5375.31982421875,105.2300033569336,2307.5,0.4403999805450439,144.47335815429688
2024-06-12,67314.23,69999.0,66905.0,68263.99,37175.32356,5421.02978515625,104.6500015258789,2336.0,0.42950000762939455,144.47335815429688
2024-06-13,68263.98,68449.3,66251.78,66773.01,29079.55571,5433.740234375,105.19999694824219,2300.199951171875,0.423799991607666,144.47335815429688
2024-06-14,66773.01,67370.24,65078.0,66043.99,28408.18797,5431.60009765625,105.55000305175781,2331.39990234375,0.42129998207092284,144.47335815429688
2024-06-15,66043.99,66478.48,65857.1,66228.25,11451.80242,5431.60009765625,105.55000305175781,2331.39990234375,0.42129998207092284,144.47335815429688
2024-06-16,66228.25,66998.7,66034.5,66676.87,9392.52223,5431.60009765625,105.55000305175781,2331.39990234375,0.42129998207092284,144.47335815429688
2024-06-17,66676.86,67298.81,65130.0,66504.33,27386.16851,5473.22998046875,105.31999969482422,2312.39990234375,0.42789998054504397,144.47335815429688
2024-06-18,66504.33,66588.23,64060.0,65175.32,42350.10244,5487.02978515625,105.26000213623047,2330.39990234375,0.42170000076293945,144.47335815429688
2024-06-19,65175.32,65727.54,64666.0,64974.37,20060.79576,5487.02978515625,105.26000213623047,2330.39990234375,0.42170000076293945,144.47335815429688
2024-06-20,64974.37,66482.94,64559.15,64869.99,24265.29031,5473.169921875,105.58999633789062,2353.800048828125,0.4254000186920166,144.47335815429688
2024-06-21,64869.99,65066.66,63379.35,64143.56,25993.56442,5464.6201171875,105.80000305175781,2316.39990234375,0.4256999969482422,144.47335815429688
2024-06-22,64143.56,64546.81,63943.82,64262.01,7308.95542,5464.6201171875,105.80000305175781,2316.39990234375,0.4256999969482422,144.47335815429688
2024-06-23,64262.01,64521.0,63178.32,63210.01,8224.45447,5464.6201171875,105.80000305175781,2316.39990234375,0.4256999969482422,144.47335815429688
2024-06-24,63210.01,63369.8,58402.0,60293.3,52161.35414,5447.8701171875,105.47000122070312,2330.0,0.4248000144958496,144.47335815429688
2024-06-25,60293.3,62420.0,60257.06,61806.01,31189.24361,5469.2998046875,105.61000061035156,2316.60009765625,0.423799991607666,144.47335815429688
2024-06-26,61806.01,62487.81,60712.0,60864.99,22485.66463,5477.89990234375,106.05000305175781,2299.199951171875,0.4315999984741211,144.47335815429688
2024-06-27,60864.98,62389.22,60606.63,61706.47,18344.28631,5482.8701171875,105.91000366210938,2324.5,0.42880001068115237,144.47335815429688
2024-06-28,61706.46,62225.31,60063.0,60427.84,24821.19255,5460.47998046875,105.87000274658203,2327.699951171875,0.43429999351501464,144.47335815429688
2024-06-29,60427.84,61224.0,60383.77,60986.68,11509.55904,5460.47998046875,105.87000274658203,2327.699951171875,0.43429999351501464,144.47335815429688
2024-06-30,60986.68,63058.76,60712.21,62772.01,17326.30136,5460.47998046875,105.87000274658203,2327.699951171875,0.43429999351501464,144.47335815429688
2024-07-01,62772.01,63861.76,62497.2,62899.99,24547.10538,5475.08984375,105.9000015258789,2327.60009765625,0.44790000915527345,144.47335815429688
2024-07-02,62900.0,63288.83,61806.28,62135.47,18573.11875,5509.009765625,105.72000122070312,2323.0,0.4435999870300293,144.47335815429688
2024-07-03,62135.46,62285.94,59400.0,60208.58,32160.11127,5537.02001953125,105.4000015258789,2359.800048828125,0.4355000019073486,144.47335815429688
2024-07-04,60208.57,60498.19,56771.0,57050.01,54568.77276,5537.02001953125,105.4000015258789,2359.800048828125,0.4355000019073486,144.47335815429688
2024-07-05,57050.02,57546.0,53485.93,56628.79,81348.24756,5567.18994140625,104.87999725341797,2388.5,0.4271999835968018,144.47335815429688
2024-07-06,56628.79,58475.0,56018.0,58230.13,21651.31558,5567.18994140625,104.87999725341797,2388.5,0.4271999835968018,144.47335815429688
2024-07-07,58230.13,58449.46,55724.37,55857.81,19118.93918,5567.18994140625,104.87999725341797,2388.5,0.4271999835968018,144.47335815429688
2024-07-08,55857.81,58236.73,54260.16,56714.62,48090.2049,5572.85009765625,105.01000213623047,2355.199951171875,0.42690000534057615,144.47335815429688
2024-07-09,56714.61,58296.0,56289.45,58050.0,27732.20788,5576.97998046875,105.12000274658203,2360.10009765625,0.43000001907348634,144.47335815429688
2024-07-10,58050.0,59470.0,57157.79,57725.85,24951.73799,5633.91015625,105.05000305175781,2372.199951171875,0.42800002098083495,144.47335815429688
2024-07-11,57725.85,59650.0,57050.0,57339.89,29761.05735,5584.5400390625,104.44000244140625,2415.0,0.4192999839782715,144.47335815429688
2024-07-12,57339.89,58526.68,56542.47,57889.1,23652.4569,5615.35009765625,104.08999633789062,2414.0,0.4189000129699707,144.47335815429688
2024-07-13,57889.09,59850.0,57756.63,59204.02,15357.74519,5615.35009765625,104.08999633789062,2414.0,0.4189000129699707,144.47335815429688
2024-07-14,59204.01,61420.69,59194.01,60797.91,21178.33907,5615.35009765625,104.08999633789062,2414.0,0.4189000129699707,144.47335815429688
2024-07-15,60797.91,64900.0,60632.3,64724.14,38690.9782,5631.22021484375,104.19000244140625,2422.89990234375,0.4229000091552734,144.47335815429688
2024-07-16,64724.06,65388.97,62373.24,65043.99,42530.52915,5667.2001953125,104.2699966430664,2462.39990234375,0.4166999816894531,144.47335815429688
2024-07-17,65044.0,66128.63,63854.0,64087.99,29567.52954,5588.27001953125,103.75,2454.800048828125,0.41459999084472654,144.47335815429688
2024-07-18,64087.99,65133.3,63238.48,63987.92,22568.7225,5544.58984375,104.16999816894531,2451.800048828125,0.4189000129699707,144.47335815429688
2024-07-19,63987.92,67386.0,63300.67,66660.0,35634.72739,5505.0,104.4000015258789,2395.5,0.4238999843597412,144.47335815429688
2024-07-20,66660.01,67598.0,66222.46,67139.96,14386.92434,5505.0,104.4000015258789,2395.5,0.4238999843597412,144.47335815429688
2024-07-21,67139.97,68366.66,65777.0,68165.34,21819.11191,5505.0,104.4000015258789,2395.5,0.4238999843597412,144.47335815429688
2024-07-22,68165.35,68474.55,66559.97,67532.01,21451.04303,5564.41015625,104.30999755859375,2392.0,0.4260000228881836,144.47335815429688
2024-07-23,67532.0,67750.98,65441.08,65936.01,31406.15316,5555.740234375,104.44999694824219,2404.60009765625,0.4238999843597412,144.47335815429688
2024-07-24,65936.0,67102.01,65111.0,65376.0,23082.56277,5427.1298828125,104.38999938964844,2413.300048828125,0.42859997749328616,144.47335815429688
2024-07-25,65376.01,66175.49,63456.7,65799.95,35126.42934,5399.22021484375,104.36000061035156,2351.89990234375,0.425600004196167,144.47335815429688
2024-07-26,65799.95,68200.0,65722.63,67907.99,24244.36023,5459.10009765625,104.31999969482422,2380.0,0.4199999809265137,144.47335815429688
2024-07-27,67908.0,69399.99,66650.0,67896.5,31710.21921,5459.10009765625,104.31999969482422,2380.0,0.4199999809265137,144.47335815429688
2024-07-28,67896.49,68318.43,67066.66,68249.88,10868.69394,5459.10009765625,104.31999969482422,2380.0,0.4199999809265137,144.47335815429688
2024-07-29,68249.88,70079.99,66428.0,66784.69,36467.29633,5463.5400390625,104.55999755859375,2377.300048828125,0.4177999973297119,144.47335815429688
2024-07-30,66784.68,67000.0,65302.67,66188.0,23132.25441,5436.43994140625,104.55000305175781,2405.0,0.41430001258850097,144.47335815429688
2024-07-31,66188.0,66849.24,64530.0,64628.0,22625.43905,5522.2998046875,104.0999984741211,2426.5,0.41090002059936526,144.47335815429688
2024-08-01,64628.01,65659.78,62302.0,65354.02,35542.26854,5446.68017578125,104.41999816894531,2435.0,0.39760000705718995,144.47335815429688
2024-08-02,65354.02,65596.14,61230.01,61498.33,38820.42937,5346.56005859375,103.20999908447266,2425.699951171875,0.37920000553131106,144.47335815429688
2024-08-03,61498.34,62198.22,59850.0,60697.99,28034.71567,5346.56005859375,103.20999908447266,2425.699951171875,0.37920000553131106,144.47335815429688
2024-08-04,60697.99,61117.63,57122.77,58161.0,31616.52003,5346.56005859375,103.20999908447266,2425.699951171875,0.37920000553131106,144.47335815429688
2024-08-05,58161.0,58305.59,49000.0,54018.81,162065.59186,5186.330078125,102.69000244140625,2401.699951171875,0.37850000858306887,144.47335815429688
2024-08-06,54018.82,57040.99,53950.0,56022.01,55884.77676,5240.02978515625,102.97000122070312,2389.10009765625,0.38880000114440916,144.47335815429688
2024-08-07,56022.0,57736.05,54558.62,55134.16,44269.37684,5199.5,103.19999694824219,2390.5,0.39679999351501466,144.47335815429688
2024-08-08,55133.76,62745.14,54730.0,61685.99,48349.52949,5319.31005859375,103.20999908447266,2422.199951171875,0.3996999979019165,144.47335815429688
2024-08-09,61686.0,61744.37,59535.0,60837.99,30972.48017,5344.16015625,103.13999938964844,2432.10009765625,0.3941999912261963,144.47335815429688
2024-08-10,60837.99,61470.58,60242.0,60923.51,9995.20621,5344.16015625,103.13999938964844,2432.10009765625,0.3941999912261963,144.47335815429688
2024-08-11,60923.51,61858.0,58286.73,58712.59,19189.84512,5344.16015625,103.13999938964844,2432.10009765625,0.3941999912261963,144.47335815429688
2024-08-12,58712.59,60711.09,57642.21,59346.64,37009.91743,5344.39013671875,103.13999938964844,2462.39990234375,0.3908999919891357,144.47335815429688
2024-08-13,59346.64,61578.1,58392.88,60587.15,27858.95851,5434.43017578125,102.55999755859375,2466.699951171875,0.3851999998092651,144.47335815429688
2024-08-14,60587.16,61800.0,58433.18,58683.39,28422.76326,5455.2099609375,102.56999969482422,2439.39990234375,0.3819999933242798,144.47335815429688
2024-08-15,58683.39,59849.38,56078.54,57541.06,37686.17622,5543.22021484375,102.9800033569336,2453.10009765625,0.39260001182556153,144.47335815429688
2024-08-16,57541.05,59817.76,57098.62,58874.6,27610.84344,5554.25,102.45999908447266,2498.60009765625,0.3891999959945679,144.47335815429688
2024-08-17,58874.59,59700.0,58785.05,59491.99,7721.72931,5554.25,102.45999908447266,2498.60009765625,0.3891999959945679,144.47335815429688
2024-08-18,59491.99,60284.99,58408.92,58427.35,13634.85717,5554.25,102.45999908447266,2498.60009765625,0.3891999959945679,144.47335815429688
2024-08-19,58427.35,59617.63,57787.3,59438.5,22809.31251,5608.25,101.88999938964844,2501.800048828125,0.3867000102996826,144.47335815429688
2024-08-20,59438.5,61400.0,58548.23,59013.8,31477.44548,5597.1201171875,101.44000244140625,2511.300048828125,0.3818000078201294,144.47335815429688
2024-08-21,59013.8,61820.93,58783.47,61156.03,27983.6422,5620.85009765625,101.04000091552734,2508.39990234375,0.3778000116348267,144.47335815429688
2024-08-22,61156.03,61400.0,59724.87,60375.84,21241.20588,5570.64013671875,101.51000213623047,2478.89990234375,0.3861999988555908,144.47335815429688
2024-08-23,60375.83,64955.0,60342.14,64037.24,38118.07089,5634.60986328125,100.72000122070312,2508.39990234375,0.3806999921798706,144.47335815429688
2024-08-24,64037.24,64494.5,63531.0,64157.01,15857.15616,5634.60986328125,100.72000122070312,2508.39990234375,0.3806999921798706,144.47335815429688
2024-08-25,64157.02,65000.0,63773.27,64220.0,12305.47977,5634.60986328125,100.72000122070312,2508.39990234375,0.3806999921798706,144.47335815429688
2024-08-26,64219.99,64481.0,62800.0,62834.0,19470.05276,5616.83984375,100.8499984741211,2517.699951171875,0.3818000078201294,144.47335815429688
2024-08-27,62834.0,63212.0,58034.01,59415.0,35135.94178,5625.7998046875,100.55000305175781,2516.0,0.38329999446868895,144.47335815429688
2024-08-28,59415.0,60234.98,57860.0,59034.9,36868.54275,5592.18017578125,101.08999633789062,2501.0,0.38410000801086425,144.47335815429688
2024-08-29,59034.9,61166.99,58713.09,59359.01,27020.90743,5591.9599609375,101.33999633789062,2525.699951171875,0.3867000102996826,144.47335815429688
2024-08-30,59359.0,59944.07,57701.1,59123.99,28519.32195,5648.39990234375,101.69999694824219,2493.800048828125,0.39110000133514405,144.47335815429688
2024-08-31,59123.99,59462.38,58744.0,58973.99,8798.409,5648.39990234375,101.69999694824219,2493.800048828125,0.39110000133514405,144.47335815429688
2024-09-01,58974.0,59076.59,57201.0,57301.86,20705.15741,5648.39990234375,101.69999694824219,2493.800048828125,0.39110000133514405,144.47335815429688
2024-09-02,57301.77,59425.69,57128.0,59132.13,22895.01461,5648.39990234375,101.69999694824219,2493.800048828125,0.39110000133514405,144.47335815429688
2024-09-03,59132.12,59809.65,57415.0,57487.73,22828.18447,5528.93017578125,101.83000183105469,2489.89990234375,0.38440001010894775,144.47335815429688
2024-09-04,57487.74,58519.0,55606.0,57970.9,35560.82146,5520.06982421875,101.36000061035156,2493.39990234375,0.37679998874664306,144.47335815429688
2024-09-05,57970.9,58327.07,55643.65,56180.0,27806.91413,5503.41015625,101.11000061035156,2511.39990234375,0.37309999465942384,144.47335815429688
2024-09-06,56180.0,57008.0,52550.0,53962.97,54447.76826,5408.419921875,101.18000030517578,2493.5,0.3710000038146973,144.47335815429688
2024-09-07,53962.97,54850.0,53745.54,54160.86,16694.04774,5408.419921875,101.18000030517578,2493.5,0.3710000038146973,144.47335815429688
2024-09-08,54160.86,55318.0,53629.01,54869.95,16274.14779,5408.419921875,101.18000030517578,2493.5,0.3710000038146973,144.47335815429688
2024-09-09,54869.95,58088.0,54591.96,57042.0,32384.51737,5471.0498046875,101.55000305175781,2501.800048828125,0.3697000026702881,144.47335815429688
2024-09-10,57042.01,58044.36,56386.4,57635.99,23626.78126,5495.52001953125,101.62999725341797,2512.300048828125,0.36459999084472655,144.47335815429688
2024-09-11,57635.99,57981.71,55545.19,57338.0,33026.56757,5554.1298828125,101.68000030517578,2512.10009765625,0.36530001163482667,144.47335815429688
2024-09-12,57338.0,58588.0,57324.0,58132.32,31074.40631,5595.759765625,101.37000274658203,2551.199951171875,0.3680000066757202,144.47335815429688
2024-09-13,58132.31,60625.0,57632.62,60498.0,29825.23333,5626.02001953125,101.11000061035156,2581.300048828125,0.36500000953674316,144.47335815429688
2024-09-14,60497.99,60610.45,59400.0,59993.03,12137.90901,5626.02001953125,101.11000061035156,2581.300048828125,0.36500000953674316,144.47335815429688
2024-09-15,59993.02,60395.8,58691.05,59132.0,13757.92361,5626.02001953125,101.11000061035156,2581.300048828125,0.36500000953674316,144.47335815429688
2024-09-16,59132.0,59210.7,57493.3,58213.99,26477.5642,5633.08984375,100.76000213623047,2580.39990234375,0.3621000051498413,144.47335815429688
2024-09-17,58213.99,61320.0,57610.01,60313.99,33116.25878,5634.580078125,100.88999938964844,2564.300048828125,0.36419999599456787,144.47335815429688
2024-09-18,60313.99,61786.24,59174.8,61759.99,36087.02469,5618.259765625,100.5999984741211,2570.699951171875,0.3684999942779541,144.47335815429688
2024-09-19,61759.98,63850.0,61555.0,62947.99,34332.52608,5713.64013671875,100.61000061035156,2588.0,0.3740000009536743,144.47335815429688
2024-09-20,62948.0,64133.32,62350.0,63201.05,25466.37794,5702.5498046875,100.72000122070312,2619.89990234375,0.37279999256134033,144.47335815429688
2024-09-21,63201.05,63559.9,62758.0,63348.96,8375.34608,5702.5498046875,100.72000122070312,2619.89990234375,0.37279999256134033,144.47335815429688
2024-09-22,63348.97,64000.0,62357.93,63578.76,14242.19892,5702.5498046875,100.72000122070312,2619.89990234375,0.37279999256134033,144.47335815429688
2024-09-23,63578.76,64745.88,62538.75,63339.99,24078.05287,5718.56982421875,100.91999816894531,2626.5,0.37390000820159913,144.47335815429688
2024-09-24,63339.99,64688.0,62700.0,64262.7,23185.04759,5732.93017578125,100.37000274658203,2651.199951171875,0.3736000061035156,144.47335815429688
2024-09-25,64262.7,64817.99,62947.08,63152.01,17813.11168,5722.259765625,100.91999816894531,2659.199951171875,0.37809998989105226,144.47335815429688
2024-09-26,63152.01,65839.0,62670.0,65173.99,28373.30593,5745.3701171875,100.55999755859375,2669.89990234375,0.37909998893737795,144.47335815429688
2024-09-27,65173.99,66498.0,64819.9,65769.95,22048.80487,5738.169921875,100.41999816894531,2644.300048828125,0.3749000072479248,144.47335815429688
2024-09-28,65769.95,66260.0,65422.23,65858.0,9127.23316,5738.169921875,100.41999816894531,2644.300048828125,0.3749000072479248,144.47335815429688
2024-09-29,65858.0,66076.12,65432.0,65602.01,8337.74111,5738.169921875,100.41999816894531,2644.300048828125,0.3749000072479248,144.47335815429688
2024-09-30,65602.01,65618.8,62856.3,63327.59,30011.08752,5762.47998046875,100.77999877929688,2636.10009765625,0.3802000045776367,144.47335815429688
2024-10-01,63327.6,64130.63,60164.0,60805.78,43671.48108,5708.75,101.19000244140625,2667.300048828125,0.3743000030517578,144.47335815429688
2024-10-02,60804.92,62390.31,60000.0,60649.28,31534.70118,5709.5400390625,101.68000030517578,2647.10009765625,0.37850000858306887,144.47335815429688
2024-10-03,60649.27,61477.19,59828.11,60752.71,26221.43472,5699.93994140625,101.98999786376953,2657.10009765625,0.38499999046325684,144.47335815429688
2024-10-04,60752.72,62484.85,60459.9,62086.0,21294.65994,5751.06982421875,102.5199966430664,2645.800048828125,0.3980999946594238,144.47335815429688
2024-10-05,62086.0,62370.56,61689.26,62058.0,7807.46141,5751.06982421875,102.5199966430664,2645.800048828125,0.3980999946594238,144.47335815429688
2024-10-06,62058.01,62975.0,61798.97,62819.91,8906.86177,5751.06982421875,102.5199966430664,2645.800048828125,0.3980999946594238,144.47335815429688
2024-10-07,62819.91,64478.19,62128.0,62224.0,25966.1852,5695.93994140625,102.54000091552734,2644.800048828125,0.40260000228881837,144.47335815429688
2024-10-08,62224.01,63200.0,61860.31,62160.49,19702.22371,5751.1298828125,102.55000305175781,2615.0,0.40329999923706056,144.47335815429688
2024-10-09,62160.5,62543.75,60301.0,60636.02,20011.15684,5792.0400390625,102.93000030517578,2606.0,0.40669999122619627,144.47335815429688
2024-10-10,60636.01,61321.68,58946.0,60326.39,23967.92481,5780.0498046875,102.98999786376953,2620.60009765625,0.40960001945495605,144.47335815429688
2024-10-11,60326.4,63417.56,60087.64,62540.0,23641.35209,5815.02978515625,102.88999938964844,2657.60009765625,0.4072999954223633,144.47335815429688
2024-10-12,62539.99,63480.0,62487.23,63206.22,10911.30116,5815.02978515625,102.88999938964844,2657.60009765625,0.4072999954223633,144.47335815429688
2024-10-13,63206.23,63285.72,62050.0,62870.02,11909.21995,5815.02978515625,102.88999938964844,2657.60009765625,0.4072999954223633,144.47335815429688
2024-10-14,62870.02,66500.0,62457.81,66083.99,37669.95222,5859.85009765625,103.30000305175781,2647.800048828125,0.40980000495910646,144.47335815429688
2024-10-15,66084.0,67950.0,64800.01,67074.14,43683.95423,5815.259765625,103.26000213623047,2661.39990234375,0.40380001068115234,144.47335815429688
2024-10-16,67074.14,68424.0,66750.49,67620.01,29938.25544,5842.47021484375,103.58999633789062,2674.0,0.40159997940063474,144.47335815429688
2024-10-17,67620.0,67939.4,66666.0,67421.78,25328.22861,5841.47021484375,103.83000183105469,2691.0,0.40960001945495605,144.47335815429688
2024-10-18,67421.78,69000.0,67192.36,68428.0,28725.635,5864.669921875,103.48999786376953,2713.699951171875,0.4072999954223633,144.47335815429688
2024-10-19,68427.99,68693.26,68010.0,68378.0,8193.66737,5864.669921875,103.48999786376953,2713.699951171875,0.4072999954223633,144.47335815429688
2024-10-20,68377.99,69400.0,68100.0,69031.99,12442.47378,5864.669921875,103.48999786376953,2713.699951171875,0.4072999954223633,144.47335815429688
2024-10-21,69032.0,69519.52,66840.67,67377.5,31374.42184,5853.97998046875,104.01000213623047,2723.10009765625,0.4182000160217285,144.47335815429688
2024-10-22,67377.5,67836.01,66571.42,67426.0,24598.96268,5851.2001953125,104.08000183105469,2744.199951171875,0.42039999961853025,144.47335815429688
2024-10-23,67426.01,67472.83,65260.0,66668.65,25530.2407,5797.419921875,104.43000030517578,2714.39990234375,0.42420001029968263,144.47335815429688
2024-10-24,66668.65,68850.0,66510.0,68198.28,22589.83877,5809.85986328125,104.05999755859375,2734.89990234375,0.4199999809265137,144.47335815429688
2024-10-25,68198.27,68771.49,65596.29,66698.33,34479.71125,5808.1201171875,104.26000213623047,2740.89990234375,0.423199987411499,144.47335815429688
2024-10-26,66698.32,67454.55,66439.9,67092.76,11842.9077,5808.1201171875,104.26000213623047,2740.89990234375,0.423199987411499,144.47335815429688
2024-10-27,67092.76,68332.05,66913.73,68021.7,8653.19592,5808.1201171875,104.26000213623047,2740.89990234375,0.423199987411499,144.47335815429688
2024-10-28,68021.69,70270.0,67618.0,69962.21,29046.75459,5823.52001953125,104.31999969482422,2742.89990234375,0.42779998779296874,144.47335815429688
2024-10-29,69962.21,73620.12,69760.0,72736.42,50128.60594,5832.919921875,104.27999877929688,2768.39990234375,0.427400016784668,144.47335815429688
2024-10-30,72736.41,72961.0,71436.0,72344.74,26885.99056,5813.669921875,103.98999786376953,2788.5,0.42659997940063477,144.47335815429688
2024-10-31,72344.75,72700.0,69685.76,70292.01,29352.10297,5705.4501953125,103.9800033569336,2738.300048828125,0.42839999198913575,144.47335815429688
2024-11-01,70292.01,71632.95,68820.14,69496.01,38301.86755,5728.7998046875,104.27999877929688,2738.60009765625,0.4361000061035156,144.47335815429688
2024-11-02,69496.0,69914.37,69000.14,69374.74,10521.67243,5728.7998046875,104.27999877929688,2738.60009765625,0.4361000061035156,144.47335815429688
2024-11-03,69374.74,69391.0,67478.73,68775.99,24995.70243,5728.7998046875,104.27999877929688,2738.60009765625,0.4361000061035156,144.47335815429688
2024-11-04,68775.99,69500.0,66835.0,67850.01,29800.39187,5712.68994140625,103.88999938964844,2736.10009765625,0.43090000152587893,144.47335815429688
2024-11-05,67850.01,70577.91,67476.63,69372.01,33355.06888,5782.759765625,103.41999816894531,2740.300048828125,0.42890000343322754,144.47335815429688
2024-11-06,69372.01,76400.0,69298.0,75571.99,104126.994787,5929.0400390625,105.08999633789062,2667.60009765625,0.4426000118255615,144.47335815429688
2024-11-07,75571.99,76849.99,74416.0,75857.89,44869.422345,5973.10009765625,104.51000213623047,2698.39990234375,0.43410000801086424,144.47335815429688
2024-11-08,75857.89,77199.99,75555.0,76509.78,36521.099583,5995.5400390625,105.0,2687.5,0.4306000232696533,144.47335815429688
2024-11-09,76509.78,76900.0,75714.66,76677.46,16942.07915,5995.5400390625,105.0,2687.5,0.4306000232696533,144.47335815429688
2024-11-10,76677.46,81500.0,76492.0,80370.01,61830.100435,5995.5400390625,105.0,2687.5,0.4306000232696533,144.47335815429688
2024-11-11,80370.01,89530.54,80216.01,88647.99,82323.665776,6001.35009765625,105.54000091552734,2611.199951171875,0.4308000087738037,144.47335815429688
2024-11-12,88648.0,89940.0,85072.0,87952.01,97299.887911,5983.990234375,106.0199966430664,2600.0,0.44320001602172854,144.47335815429688
2024-11-13,87952.0,93265.64,86127.99,90375.2,86763.854127,5985.3798828125,106.4800033569336,2580.800048828125,0.4451000213623047,144.47335815429688
2024-11-14,90375.21,91790.0,86668.21,87325.59,56729.51086,5949.169921875,106.66999816894531,2568.199951171875,0.44180002212524416,144.47335815429688
2024-11-15,87325.59,91850.0,87073.38,91032.07,47927.95068,5870.6201171875,106.69000244140625,2565.699951171875,0.4427999973297119,144.47335815429688
2024-11-16,91032.08,91779.66,90056.17,90586.92,22717.87689,5870.6201171875,106.69000244140625,2565.699951171875,0.4427999973297119,144.47335815429688
2024-11-17,90587.98,91449.99,88722.0,89855.99,23867.55609,5870.6201171875,106.69000244140625,2565.699951171875,0.4427999973297119,144.47335815429688
2024-11-18,89855.98,92594.0,89376.9,90464.08,46545.03448,5893.6201171875,106.27999877929688,2610.60009765625,0.44140000343322755,144.47335815429688
2024-11-19,90464.07,93905.51,90357.0,92310.79,43660.04682,5916.97998046875,106.20999908447266,2627.10009765625,0.4379000186920166,144.47335815429688
2024-11-20,92310.8,94831.97,91500.0,94286.56,42203.198712,5917.10986328125,106.68000030517578,2648.199951171875,0.44060001373291013,144.47335815429688
2024-11-21,94286.56,98988.0,94040.0,98317.12,69228.360477,5948.7099609375,106.97000122070312,2672.10009765625,0.44320001602172854,144.47335815429688
2024-11-22,98317.12,99588.01,97122.11,98892.0,46189.309243,5969.33984375,107.48999786376953,2709.89990234375,0.44099998474121094,144.47335815429688
2024-11-23,98892.0,98908.85,97136.0,97672.4,24757.84367,5969.33984375,107.48999786376953,2709.89990234375,0.44099998474121094,144.47335815429688
2024-11-24,97672.4,98564.0,95734.77,97900.04,31200.97838,5969.33984375,107.48999786376953,2709.89990234375,0.44099998474121094,144.47335815429688
2024-11-25,97900.05,98871.8,92600.19,93010.01,50847.45096,5987.3701171875,106.81999969482422,2616.800048828125,0.4264999866485596,144.47335815429688
2024-11-26,93010.01,94973.37,90791.1,91965.16,57858.73138,6021.6298828125,107.01000213623047,2620.300048828125,0.43020000457763674,144.47335815429688
2024-11-27,91965.16,97208.21,91792.14,95863.11,41153.42734,5998.740234375,106.08000183105469,2639.89990234375,0.42420001029968263,144.47335815429688
2024-11-28,95863.11,96564.0,94640.0,95643.98,28814.54357,5998.740234375,106.08000183105469,2639.89990234375,0.42420001029968263,144.47335815429688
2024-11-29,95643.99,98619.99,95364.99,97460.0,27701.78231,6032.3798828125,105.73999786376953,2657.0,0.4177999973297119,144.47335815429688
2024-11-30,97460.0,97463.95,96092.01,96407.99,14503.83306,6032.3798828125,105.73999786376953,2657.0,0.4177999973297119,144.47335815429688
2024-12-01,96407.99,97836.0,95693.88,97185.18,16938.60452,6032.3798828125,105.73999786376953,2657.0,0.4177999973297119,144.47335815429688
2024-12-02,97185.17,98130.0,94395.0,95840.62,37958.66981,6047.14990234375,106.44999694824219,2634.89990234375,0.4196000099182129,144.47335815429688
2024-12-03,95840.61,96305.52,93578.17,95849.69,35827.32283,6049.8798828125,106.37000274658203,2644.699951171875,0.42230000495910647,144.47335815429688
2024-12-04,95849.69,99000.0,94587.83,98587.32,43850.53728,6086.490234375,106.33999633789062,2653.800048828125,0.4179999828338623,144.47335815429688
2024-12-05,98587.32,104088.0,90500.0,96945.63,109921.729662,6075.10986328125,105.70999908447266,2626.60009765625,0.4179999828338623,144.47335815429688
2024-12-06,96945.63,101898.99,95981.72,99740.84,45049.5331,6090.27001953125,105.97000122070312,2638.60009765625,0.4151000022888184,144.47335815429688
2024-12-07,99740.84,100439.18,98844.0,99831.99,14931.9459,6090.27001953125,105.97000122070312,2638.60009765625,0.4151000022888184,144.47335815429688
2024-12-08,99831.99,101351.0,98657.7,101109.59,14612.99688,6090.27001953125,105.97000122070312,2638.60009765625,0.4151000022888184,144.47335815429688
2024-12-09,101109.6,101215.93,94150.05,97276.47,53949.11595,6052.85009765625,106.1500015258789,2664.89990234375,0.41989998817443847,144.47335815429688
2024-12-10,97276.48,98270.0,94256.54,96593.0,51708.68933,6034.91015625,106.4000015258789,2697.60009765625,0.42210001945495607,144.47335815429688
2024-12-11,96593.0,101888.0,95658.24,101125.0,37753.78291,6084.18994140625,106.70999908447266,2733.800048828125,0.42709999084472655,144.47335815429688
2024-12-12,101125.0,102540.0,99311.64,100004.29,29232.08745,6051.25,106.95999908447266,2687.5,0.4323999881744385,144.47335815429688
2024-12-13,100004.29,101895.26,99205.0,101424.25,21904.03923,6051.08984375,107.0,2656.0,0.43990001678466795,144.47335815429688
2024-12-14,101424.24,102650.0,100609.41,101420.0,14191.70326,6051.08984375,107.0,2656.0,0.43990001678466795,144.47335815429688
2024-12-15,101420.0,105250.0,101237.14,104463.99,22228.921775,6051.08984375,107.0,2656.0,0.43990001678466795,144.47335815429688
2024-12-16,104463.99,107793.07,103333.0,106058.66,41302.40274,6074.080078125,106.86000061035156,2651.39990234375,0.43969998359680174,144.47335815429688
2024-12-17,106058.65,108353.0,105321.49,106133.74,29064.936466,6050.60986328125,106.95999908447266,2644.39990234375,0.43850002288818357,144.47335815429688
2024-12-18,106133.74,106524.98,100000.0,100204.01,50307.99755,5872.16015625,108.02999877929688,2636.5,0.449399995803833,144.47335815429688
2024-12-19,100204.01,102800.11,95700.0,97461.86,55147.398,5867.080078125,108.41000366210938,2592.199951171875,0.4570000171661377,144.47335815429688
2024-12-20,97461.86,98233.0,92232.54,97805.44,62884.1357,5930.85009765625,107.62000274658203,2628.699951171875,0.45240001678466796,144.47335815429688
2024-12-21,97805.44,99540.61,96398.39,97291.99,23483.54143,5930.85009765625,107.62000274658203,2628.699951171875,0.45240001678466796,144.47335815429688
2024-12-22,97292.0,97448.08,94250.35,95186.27,19353.83036,5930.85009765625,107.62000274658203,2628.699951171875,0.45240001678466796,144.47335815429688
2024-12-23,95186.28,96538.92,92520.0,94881.47,32810.76703,5974.06982421875,108.04000091552734,2612.300048828125,0.4598999977111816,144.47335815429688
2024-12-24,94881.47,99487.99,93569.02,98663.58,23674.22488,6040.0400390625,108.26000213623047,2620.0,0.45910000801086426,144.47335815429688
2024-12-25,98663.58,99569.15,97632.02,99429.6,14474.1651,6040.0400390625,108.26000213623047,2620.0,0.45910000801086426,144.47335815429688
2024-12-26,99429.61,99963.7,95199.14,95791.6,21192.36727,6037.58984375,108.12999725341797,2638.800048828125,0.4578999996185303,144.47335815429688
2024-12-27,95791.6,97544.58,93500.01,94299.03,26501.26429,5970.83984375,108.0,2617.199951171875,0.461899995803833,144.47335815429688
2024-12-28,94299.03,95733.99,94135.66,95300.0,8385.8929,5970.83984375,108.0,2617.199951171875,0.461899995803833,144.47335815429688
2024-12-29,95300.0,95340.0,93009.52,93738.2,13576.00578,5970.83984375,108.0,2617.199951171875,0.461899995803833,144.47335815429688
2024-12-30,93738.19,95024.5,91530.45,92792.05,27619.4225,5906.93994140625,108.12999725341797,2606.10009765625,0.4545000076293945,144.47335815429688
2024-12-31,92792.05,96250.0,92033.73,93576.0,19612.03389,5881.6298828125,108.48999786376953,2629.199951171875,0.45729999542236327,144.47335815429688
2025-01-01,93576.0,95151.15,92888.0,94591.79,10373.32613,5881.6298828125,108.48999786376953,2629.199951171875,0.45729999542236327,144.47335815429688
2025-01-02,94591.78,97839.5,94392.0,96984.79,21970.48948,5868.5498046875,109.38999938964844,2658.89990234375,0.45749998092651367,144.47335815429688
2025-01-03,96984.79,98976.91,96100.01,98174.18,15253.82936,5942.47021484375,108.94999694824219,2645.0,0.45960001945495604,144.47335815429688
2025-01-04,98174.17,98778.43,97514.79,98220.5,8990.05651,5942.47021484375,108.94999694824219,2645.0,0.45960001945495604,144.47335815429688
2025-01-05,98220.51,98836.85,97276.79,98363.61,8095.63723,5942.47021484375,108.94999694824219,2645.0,0.45960001945495604,144.47335815429688
2025-01-06,98363.61,102480.0,97920.0,102235.6,25263.43375,5975.3798828125,108.26000213623047,2638.39990234375,0.46180000305175783,144.47335815429688
2025-01-07,102235.6,102724.38,96181.81,96954.61,32059.87537,5909.02978515625,108.54000091552734,2656.699951171875,0.46830000877380373,144.47335815429688
2025-01-08,96954.6,97268.65,92500.9,95060.61,33704.67894,5918.25,109.08999633789062,2664.5,0.4692999839782715,144.47335815429688
2025-01-09,95060.61,95382.32,91203.67,92552.49,34544.83685,5918.25,109.18000030517578,2683.800048828125,0.4692999839782715,144.47335815429688
2025-01-10,92552.49,95836.0,92206.02,94726.11,31482.86424,5827.0400390625,109.6500015258789,2708.5,0.4776000022888184,144.47335815429688
2025-01-11,94726.1,95050.94,93831.73,94599.99,7047.9043,5827.0400390625,109.6500015258789,2708.5,0.4776000022888184,144.47335815429688
2025-01-12,94599.99,95450.1,93711.19,94545.06,8606.86622,5827.0400390625,109.6500015258789,2708.5,0.4776000022888184,144.47335815429688
2025-01-13,94545.07,95940.0,89256.69,94536.1,42619.56423,5836.22021484375,109.95999908447266,2673.5,0.4802999973297119,144.47335815429688
2025-01-14,94536.11,97371.0,94346.22,96560.86,27846.61753,5842.91015625,109.2699966430664,2677.5,0.47880001068115235,144.47335815429688
2025-01-15,96560.85,100681.94,96500.0,100497.35,30509.99179,5949.91015625,109.08999633789062,2712.5,0.46529998779296877,144.47335815429688
2025-01-16,100497.35,100866.66,97335.13,99987.3,27832.85317,5937.33984375,108.95999908447266,2746.39990234375,0.4605999946594238,144.47335815429688
2025-01-17,99987.3,105865.22,99950.77,104077.48,39171.85292,5996.66015625,109.3499984741211,2744.300048828125,0.46090002059936525,144.47335815429688
2025-01-18,104077.47,104988.88,102277.55,104556.23,24307.82998,5996.66015625,109.3499984741211,2744.300048828125,0.46090002059936525,144.47335815429688
2025-01-19,104556.23,106422.43,99651.6,101331.57,43397.28298,5996.66015625,109.3499984741211,2744.300048828125,0.46090002059936525,144.47335815429688
2025-01-20,101331.57,109588.0,99550.0,102260.01,89529.231732,5996.66015625,109.3499984741211,2744.300048828125,0.46090002059936525,144.47335815429688
2025-01-21,102260.0,107240.81,100119.04,106143.82,45941.02002,6049.240234375,108.05999755859375,2755.0,0.4573999881744385,144.47335815429688
2025-01-22,106143.82,106394.46,103339.12,103706.66,22248.69254,6086.3701171875,108.16999816894531,2767.60009765625,0.4598999977111816,144.47335815429688
2025-01-23,103706.66,106850.0,101262.28,103910.34,53953.12031,6118.7099609375,108.05000305175781,2763.10009765625,0.46380000114440917,144.47335815429688
2025-01-24,103910.35,107120.0,102750.0,104870.5,23609.24017,6101.240234375,107.44000244140625,2777.300048828125,0.4625999927520752,144.47335815429688
2025-01-25,104870.51,105286.52,104106.09,104746.85,9068.32377,6101.240234375,107.44000244140625,2777.300048828125,0.4625999927520752,144.47335815429688
2025-01-26,104746.86,105500.0,102520.44,102620.0,9812.51238,6101.240234375,107.44000244140625,2777.300048828125,0.4625999927520752,144.47335815429688
2025-01-27,102620.01,103260.0,97777.77,102082.83,50758.1341,6012.27978515625,107.33999633789062,2737.5,0.45279998779296876,144.47335815429688
2025-01-28,102082.83,103800.0,100272.68,101335.52,22022.05765,6067.7001953125,107.87000274658203,2766.800048828125,0.45510001182556153,144.47335815429688
2025-01-29,101335.52,104782.68,101328.01,103733.24,23155.35802,6039.31005859375,108.0,2769.10009765625,0.4554999828338623,144.47335815429688
2025-01-30,103733.25,106457.44,103278.54,104722.94,19374.07472,6071.169921875,107.80000305175781,2823.0,0.451200008392334,144.47335815429688
2025-01-31,104722.94,106012.0,101560.0,102429.56,21983.18193,6040.52978515625,108.37000274658203,2812.5,0.45689997673034666,144.47335815429688
2025-02-01,102429.56,102783.71,100279.51,100635.65,12290.95747,6040.52978515625,108.37000274658203,2812.5,0.45689997673034666,144.47335815429688
2025-02-02,100635.66,101456.6,96150.0,97700.59,34619.49939,6040.52978515625,108.37000274658203,2812.5,0.45689997673034666,144.47335815429688
2025-02-03,97700.59,102500.01,91231.0,101328.52,75164.7385,5994.56982421875,108.98999786376953,2833.89990234375,0.4543000221252441,144.47335815429688
2025-02-04,101328.51,101732.31,96150.0,97763.13,40267.98697,6037.8798828125,107.95999908447266,2853.300048828125,0.45130000114440916,144.47335815429688
2025-02-05,97763.14,99149.0,96155.0,96612.43,26233.30444,6061.47998046875,107.58000183105469,2871.60009765625,0.4421999931335449,144.47335815429688
2025-02-06,96612.44,99120.0,95676.64,96554.35,23515.20405,6083.56982421875,107.69000244140625,2856.0,0.4440000057220459,144.47335815429688
2025-02-07,96554.35,100137.99,95620.34,96506.8,31794.22065,6025.990234375,108.04000091552734,2867.300048828125,0.4486999988555908,144.47335815429688
2025-02-08,96506.8,96880.0,95688.0,96444.74,10147.24294,6025.990234375,108.04000091552734,2867.300048828125,0.4486999988555908,144.47335815429688
2025-02-09,96444.75,97323.09,94713.0,96462.75,14120.91613,6025.990234375,108.04000091552734,2867.300048828125,0.4486999988555908,144.47335815429688
2025-02-10,96462.75,98345.0,95256.0,97430.82,20572.87537,6066.43994140625,108.31999969482422,2914.300048828125,0.4493000030517578,144.47335815429688
2025-02-11,97430.82,98478.42,94876.88,95778.2,18647.76379,6068.5,107.95999908447266,2912.5,0.45370001792907716,144.47335815429688
2025-02-12,95778.21,98119.99,94088.23,97869.99,29151.16625,6051.97021484375,107.94000244140625,2909.0,0.463700008392334,144.47335815429688
2025-02-13,97870.0,98083.91,95217.36,96608.14,19921.77616,6115.06982421875,107.30999755859375,2925.89990234375,0.4525000095367432,144.47335815429688
2025-02-14,96608.13,98826.0,96252.82,97500.48,18173.02646,6114.6298828125,106.56999969482422,2883.60009765625,0.44720001220703126,144.47335815429688
2025-02-15,97500.47,97972.26,97223.58,97569.66,7349.37683,6114.6298828125,106.56999969482422,2883.60009765625,0.44720001220703126,144.47335815429688
2025-02-16,97569.67,97704.47,96046.18,96118.12,8191.4249,6114.6298828125,106.56999969482422,2883.60009765625,0.44720001220703126,144.47335815429688
2025-02-17,96118.12,97046.59,95205.0,95780.0,16492.0451,6114.6298828125,106.56999969482422,2883.60009765625,0.44720001220703126,144.47335815429688
2025-02-18,95780.01,96753.91,93388.09,95671.74,23368.19471,6129.580078125,107.05000305175781,2931.60009765625,0.45440001487731935,144.47335815429688
2025-02-19,95671.74,96899.99,95029.99,96644.37,16438.50954,6144.14990234375,107.16999816894531,2919.39990234375,0.45349998474121095,144.47335815429688
2025-02-20,96644.37,98711.36,96415.09,98305.0,17057.39177,6117.52001953125,106.33999633789062,2940.0,0.45,144.47335815429688
2025-02-21,98305.01,99475.0,94871.95,96181.98,32249.2814,6013.1298828125,106.61000061035156,2937.60009765625,0.4420000076293945,144.47335815429688
2025-02-22,96181.99,96980.0,95770.49,96551.01,11268.17708,6013.1298828125,106.61000061035156,2937.60009765625,0.4420000076293945,144.47335815429688
2025-02-23,96551.01,96650.0,95227.94,96258.0,10884.84913,6013.1298828125,106.61000061035156,2937.60009765625,0.4420000076293945,144.47335815429688
2025-02-24,96258.0,96500.0,91349.26,91552.88,31550.10299,5983.25,106.5999984741211,2947.89990234375,0.439300012588501,144.47335815429688
2025-02-25,91552.88,92540.69,86050.99,88680.4,78333.11111,5955.25,106.30999755859375,2904.5,0.42979998588562013,144.47335815429688
2025-02-26,88680.39,89414.15,82256.01,84250.09,56893.54409,5956.06005859375,106.41999816894531,2916.800048828125,0.4249000072479248,144.47335815429688
2025-02-27,84250.09,87078.46,82716.49,84708.58,42505.45439,5861.56982421875,107.23999786376953,2883.199951171875,0.4284999847412109,144.47335815429688
2025-02-28,84708.57,85120.0,78258.52,84349.94,83648.03969,5954.5,107.61000061035156,2836.800048828125,0.42309999465942383,144.47335815429688
2025-03-01,84349.95,86558.0,83824.78,86064.53,25785.05464,5954.5,107.61000061035156,2836.800048828125,0.42309999465942383,144.47335815429688
2025-03-02,86064.54,95000.0,85050.6,94270.0,54889.09045,5954.5,107.61000061035156,2836.800048828125,0.42309999465942383,144.47335815429688
2025-03-03,94269.99,94416.46,85117.11,86220.61,59171.10218,5849.72021484375,106.75,2890.199951171875,0.4179999828338623,144.47335815429688
2025-03-04,86221.16,88967.52,81500.0,87281.98,55609.10706,5778.14990234375,105.73999786376953,2909.60009765625,0.42100000381469727,144.47335815429688
2025-03-05,87281.98,91000.0,86334.53,90606.01,38264.01163,5842.6298828125,105.73999786376953,2915.300048828125,0.4264999866485596,144.47335815429688
2025-03-06,90606.0,92810.64,87836.0,89931.89,34342.44902,5738.52001953125,104.05999755859375,2916.60009765625,0.42859997749328616,144.47335815429688
2025-03-07,89931.88,91283.02,84667.03,86801.75,57980.35713,5770.2001953125,103.83999633789062,2904.699951171875,0.4316999912261963,144.47335815429688
2025-03-08,86801.74,86897.25,85218.47,86222.45,12989.23054,5770.2001953125,103.83999633789062,2904.699951171875,0.4316999912261963,144.47335815429688
2025-03-09,86222.46,86500.0,80000.0,80734.37,26115.39345,5770.2001953125,103.83999633789062,2904.699951171875,0.4316999912261963,144.47335815429688
2025-03-10,80734.48,84123.46,77459.91,78595.86,47633.38405,5614.56005859375,103.91000366210938,2891.0,0.42129998207092284,144.47335815429688
2025-03-11,78595.86,83617.4,76606.0,82932.99,48770.06853,5572.06982421875,103.44000244140625,2912.89990234375,0.42880001068115237,144.47335815429688
2025-03-12,82932.99,84539.85,80607.65,83680.12,31933.986,5599.2998046875,103.61000061035156,2939.10009765625,0.43179998397827146,144.47335815429688
2025-03-13,83680.12,84336.33,79939.9,81115.78,27546.27412,5521.52001953125,103.83000183105469,2984.300048828125,0.427400016784668,144.47335815429688
2025-03-14,81115.78,85309.71,80818.84,83983.2,26858.52755,5638.93994140625,103.72000122070312,2994.5,0.4308000087738037,144.47335815429688
2025-03-15,83983.19,84676.28,83618.0,84338.44,11324.7332,5638.93994140625,103.72000122070312,2994.5,0.4308000087738037,144.47335815429688
2025-03-16,84338.44,85117.04,81981.12,82574.53,17596.12531,5638.93994140625,103.72000122070312,2994.5,0.4308000087738037,144.47335815429688
2025-03-17,82574.52,84756.83,82456.0,84010.03,17214.74358,5675.1201171875,103.37000274658203,3000.0,0.4306000232696533,144.47335815429688
2025-03-18,84010.02,84021.74,81134.66,82715.03,17610.89883,5614.66015625,103.23999786376953,3035.10009765625,0.4281000137329102,144.47335815429688
2025-03-19,82715.03,87000.0,82547.16,86845.94,28151.05374,5675.2900390625,103.43000030517578,3035.89990234375,0.425600004196167,144.47335815429688
2025-03-20,86845.93,87453.67,83655.23,84223.39,22090.30463,5662.89013671875,103.8499984741211,3040.0,0.42329998016357423,144.47335815429688
2025-03-21,84223.38,84850.33,83175.25,84088.79,11956.97443,5667.56005859375,104.08999633789062,3018.199951171875,0.4251999855041504,144.47335815429688
2025-03-22,84088.79,84539.17,83625.1,83840.59,5420.22114,5667.56005859375,104.08999633789062,3018.199951171875,0.4251999855041504,144.47335815429688
2025-03-23,83840.59,86129.64,83809.75,86082.5,8461.97813,5667.56005859375,104.08999633789062,3018.199951171875,0.4251999855041504,144.47335815429688
2025-03-24,86082.5,88765.43,85519.09,87498.16,30115.62111,5767.56982421875,104.26000213623047,3013.10009765625,0.43309998512268066,144.47335815429688
2025-03-25,87498.16,88539.63,86310.0,87392.87,22643.25248,5776.64990234375,104.18000030517578,3023.699951171875,0.4307000160217285,144.47335815429688
2025-03-26,87392.88,88275.0,85860.0,86909.17,18408.78485,5712.2001953125,104.55000305175781,3020.89990234375,0.43379998207092285,144.47335815429688
2025-03-27,86909.17,87756.39,85800.0,87232.01,17098.03897,5693.31005859375,104.06999969482422,3060.199951171875,0.436899995803833,144.47335815429688
2025-03-28,87232.01,87515.67,83585.0,84424.38,27182.73169,5580.93994140625,104.04000091552734,3086.5,0.4255000114440918,144.47335815429688
2025-03-29,84424.38,84624.73,81644.81,82648.54,11696.39864,5580.93994140625,104.04000091552734,3086.5,0.4255000114440918,144.47335815429688
2025-03-30,82648.53,83534.64,81565.0,82389.99,9864.49508,5580.93994140625,104.04000091552734,3086.5,0.4255000114440918,144.47335815429688
2025-03-31,82390.0,83943.08,81278.52,82550.01,20569.13885,5611.85009765625,104.20999908447266,3122.800048828125,0.4245999813079834,144.47335815429688
2025-04-01,82550.0,85579.46,82432.74,85158.34,20190.39697,5633.06982421875,104.26000213623047,3118.89990234375,0.41560001373291017,144.47335815429688
2025-04-02,85158.35,88500.0,82320.0,82516.29,39931.457,5670.97021484375,103.80999755859375,3139.89990234375,0.4196000099182129,144.47335815429688
2025-04-03,82516.28,83998.02,81211.24,83213.09,27337.84135,5396.52001953125,102.06999969482422,3097.0,0.4054999828338623,144.47335815429688
2025-04-04,83213.09,84720.0,81659.0,83889.87,32915.53976,5074.080078125,103.0199966430664,3012.0,0.39849998950958254,144.47335815429688
2025-04-05,83889.87,84266.0,82379.95,83537.99,9360.40468,5074.080078125,103.0199966430664,3012.0,0.39849998950958254,144.47335815429688
2025-04-06,83537.99,83817.63,77153.83,78430.0,27942.71436,5074.080078125,103.0199966430664,3012.0,0.39849998950958254,144.47335815429688
2025-04-07,78430.0,81243.58,74508.0,79163.24,78387.53089,5062.25,103.26000213623047,2951.300048828125,0.41550002098083494,144.47335815429688
2025-04-08,79163.24,80867.99,76239.9,76322.42,35317.32063,4982.77001953125,102.95999908447266,2968.39990234375,0.42620000839233396,144.47335815429688
2025-04-09,76322.42,83588.0,74620.0,82615.22,75488.28772,5456.89990234375,102.9000015258789,3056.5,0.4400000095367432,144.47335815429688
2025-04-10,82615.22,82753.21,78464.36,79607.3,33284.80718,5268.0498046875,100.87000274658203,3155.199951171875,0.43940000534057616,144.47335815429688
2025-04-11,79607.3,84300.0,78969.58,83423.84,34435.43797,5363.35986328125,99.77999877929688,3222.199951171875,0.4493000030517578,144.47335815429688
2025-04-12,83423.83,85905.0,82792.95,85276.9,18470.74437,5363.35986328125,99.77999877929688,3222.199951171875,0.4493000030517578,144.47335815429688
2025-04-13,85276.91,86100.0,83034.23,83760.0,24680.04181,5363.35986328125,99.77999877929688,3222.199951171875,0.4493000030517578,144.47335815429688
2025-04-14,83760.0,85799.99,83678.0,84591.58,28659.09348,5405.97021484375,99.63999938964844,3204.800048828125,0.4363999843597412,144.47335815429688
2025-04-15,84591.58,86496.42,83600.0,83643.99,20910.99528,5396.6298828125,100.22000122070312,3218.699951171875,0.4322999954223633,144.47335815429688
2025-04-16,83643.99,85500.0,83111.64,84030.38,20867.24519,5275.7001953125,99.37999725341797,3326.60009765625,0.42789998054504397,144.47335815429688
2025-04-17,84030.38,85470.01,83736.26,84947.91,13728.84772,5282.7001953125,99.37999725341797,3308.699951171875,0.4333000183105469,144.47335815429688
2025-04-18,84947.92,85132.08,84303.96,84474.69,6529.96315,5282.7001953125,99.37999725341797,3308.699951171875,0.4333000183105469,144.47335815429688
2025-04-19,84474.7,85677.99,84364.45,85077.01,9666.58153,5282.7001953125,99.37999725341797,3308.699951171875,0.4333000183105469,144.47335815429688
2025-04-20,85077.0,85320.76,83949.52,85179.24,8091.67725,5282.7001953125,99.37999725341797,3308.699951171875,0.4333000183105469,144.47335815429688
2025-04-21,85179.24,88465.99,85144.76,87516.23,31773.37262,5158.2001953125,98.27999877929688,3406.199951171875,0.44050002098083496,144.47335815429688
2025-04-22,87516.22,93888.0,87076.03,93442.99,43872.74705,5287.759765625,98.91999816894531,3400.800048828125,0.4388999938964844,144.47335815429688
2025-04-23,93442.99,94696.05,91935.41,93691.08,27404.16808,5375.85986328125,99.83999633789062,3276.300048828125,0.438700008392334,144.47335815429688
2025-04-24,93691.07,94005.0,91660.01,93980.47,19497.06071,5484.77001953125,99.29000091552734,3332.0,0.4304999828338623,144.47335815429688
2025-04-25,93980.47,95758.04,92855.96,94638.68,27500.66648,5525.2099609375,99.47000122070312,3282.39990234375,0.42659997940063477,144.47335815429688
2025-04-26,94638.68,95199.0,93870.69,94628.0,9415.06875,5525.2099609375,99.47000122070312,3282.39990234375,0.42659997940063477,144.47335815429688
2025-04-27,94628.0,95369.0,93602.58,93749.3,11162.841,5525.2099609375,99.47000122070312,3282.39990234375,0.42659997940063477,144.47335815429688
2025-04-28,93749.29,95630.0,92800.01,95011.18,22157.53351,5528.75,99.01000213623047,3332.5,0.4216000080108643,144.47335815429688
2025-04-29,95011.18,95461.53,93742.54,94256.82,16955.3402,5560.830078125,99.23999786376953,3318.800048828125,0.4172999858856201,144.47335815429688
2025-04-30,94256.82,95228.45,92910.0,94172.0,17661.2751,5569.06005859375,99.47000122070312,3305.0,0.41770000457763673,144.47335815429688
2025-05-01,94172.0,97424.02,94130.43,96489.91,21380.45343,5604.14013671875,100.25,3210.0,0.42309999465942383,144.47335815429688
2025-05-02,96489.9,97895.68,96350.0,96887.14,14905.74811,5686.669921875,100.0,3231.89990234375,0.4322000026702881,144.47335815429688
2025-05-03,96887.13,96935.67,95753.01,95856.42,9723.34838,5686.669921875,100.0,3231.89990234375,0.4322000026702881,144.47335815429688
2025-05-04,95856.42,96304.48,94151.38,94277.62,11036.38342,5686.669921875,100.0,3231.89990234375,0.4322000026702881,144.47335815429688
2025-05-05,94277.61,95199.0,93514.1,94733.68,17251.18189,5650.3798828125,99.83000183105469,3311.300048828125,0.43429999351501464,144.47335815429688
2025-05-06,94733.68,96920.65,93377.0,96834.02,16122.64513,5606.91015625,99.23999786376953,3411.39990234375,0.4308000087738037,144.47335815429688
2025-05-07,96834.02,97732.0,95784.61,97030.5,16644.83854,5631.27978515625,99.61000061035156,3381.39990234375,0.42750000953674316,144.47335815429688
2025-05-08,97030.5,104145.76,96876.29,103261.6,34962.02847,5663.93994140625,100.63999938964844,3296.60009765625,0.4373000144958496,144.47335815429688
2025-05-09,103261.61,104361.3,102315.14,102971.99,27617.39907,5659.91015625,100.33999633789062,3335.39990234375,0.4375,144.47335815429688
2025-05-10,102971.99,104984.57,102818.76,104809.53,15324.78611,5659.91015625,100.33999633789062,3335.39990234375,0.4375,144.47335815429688
2025-05-11,104809.53,104972.0,103345.06,104118.0,17987.12197,5659.91015625,100.33999633789062,3335.39990234375,0.4375,144.47335815429688
2025-05-12,104118.0,105819.45,100718.37,102791.32,31272.77792,5844.18994140625,101.79000091552734,3220.0,0.44569997787475585,144.47335815429688
2025-05-13,102791.32,104976.25,101429.7,104103.72,21253.42409,5886.5498046875,101.0,3240.300048828125,0.4499000072479248,144.47335815429688
2025-05-14,104103.72,104356.95,102602.05,103507.82,16452.9081,5892.580078125,101.04000091552734,3181.39990234375,0.45279998779296876,144.47335815429688
2025-05-15,103507.83,104192.7,101383.07,103763.71,17998.98604,5916.93017578125,100.87999725341797,3220.699951171875,0.44549999237060545,144.47335815429688
2025-05-16,103763.71,104550.33,103100.49,103463.9,15683.88024,5958.3798828125,101.08999633789062,3182.0,0.44409999847412107,144.47335815429688
2025-05-17,103463.9,103709.86,102612.5,103126.65,11250.89622,5958.3798828125,101.08999633789062,3182.0,0.44409999847412107,144.47335815429688
2025-05-18,103126.65,106660.0,103105.09,106454.26,21599.98726,5958.3798828125,101.08999633789062,3182.0,0.44409999847412107,144.47335815429688
2025-05-19,106454.27,107108.62,102000.0,105573.74,30260.03524,5963.60009765625,100.43000030517578,3228.89990234375,0.44749999046325684,144.47335815429688
2025-05-20,105573.73,107320.0,104184.72,106849.99,23705.48275,5940.4599609375,100.12000274658203,3280.300048828125,0.44809999465942385,144.47335815429688
2025-05-21,106850.0,110797.38,106100.01,109643.99,45531.040345,5844.60986328125,99.55999755859375,3309.300048828125,0.45960001945495604,144.47335815429688
2025-05-22,109643.99,111980.0,109177.37,111696.21,31630.77313,5842.009765625,99.95999908447266,3292.300048828125,0.45529999732971194,144.47335815429688
2025-05-23,111696.22,111800.0,106800.0,107318.3,31737.72309,5802.81982421875,99.11000061035156,3363.60009765625,0.4508999824523926,144.47335815429688
2025-05-24,107318.3,109506.03,106875.41,107761.91,16782.53129,5802.81982421875,99.11000061035156,3363.60009765625,0.4508999824523926,144.47335815429688
2025-05-25,107761.9,109299.99,106600.64,109004.19,17710.04695,5802.81982421875,99.11000061035156,3363.60009765625,0.4508999824523926,144.47335815429688
2025-05-26,109004.2,110422.22,108670.58,109434.79,14649.11593,5802.81982421875,98.93000030517578,3363.60009765625,0.4508999824523926,144.47335815429688
2025-05-27,109434.78,110718.0,107516.57,108938.17,21276.65635,5921.5400390625,99.5199966430664,3299.10009765625,0.4434000015258789,144.47335815429688
2025-05-28,108938.17,109284.7,106769.43,107781.78,15633.78829,5888.5498046875,99.87999725341797,3293.60009765625,0.44770002365112305,144.47335815429688
2025-05-29,107781.78,108891.91,105322.86,105589.75,19834.70116,5912.169921875,99.27999877929688,3317.10009765625,0.4423999786376953,144.47335815429688
2025-05-30,105589.75,106313.12,103621.0,103985.48,23706.49799,5911.68994140625,99.33000183105469,3288.89990234375,0.44159998893737795,144.47335815429688
2025-05-31,103985.47,104900.0,103068.55,104591.88,11289.35922,5911.68994140625,99.33000183105469,3288.89990234375,0.44159998893737795,144.47335815429688
2025-06-01,104591.88,105866.91,103752.49,105642.93,9709.70006,5911.68994140625,99.33000183105469,3288.89990234375,0.44159998893737795,144.47335815429688
2025-06-02,105642.93,105935.63,103659.88,105857.99,13453.98813,5935.93994140625,98.69999694824219,3370.60009765625,0.44619998931884763,144.47335815429688
2025-06-03,105858.0,106794.67,104872.5,105376.89,13259.52634,5970.3701171875,99.25,3350.199951171875,0.4460000038146973,144.47335815429688
2025-06-04,105376.9,106000.0,104179.0,104696.86,14034.89482,5970.81005859375,98.79000091552734,3373.5,0.43649997711181643,144.47335815429688
2025-06-05,104696.86,105909.71,100372.26,101508.68,22321.50154,5939.2998046875,98.73999786376953,3350.699951171875,0.43940000534057616,144.47335815429688
2025-06-06,101508.69,105333.0,101095.8,104288.44,15839.07385,6000.35986328125,99.19000244140625,3322.699951171875,0.4510000228881836,144.47335815429688
2025-06-07,104288.43,105900.0,103871.09,105552.15,8344.93206,6000.35986328125,99.19000244140625,3322.699951171875,0.4510000228881836,144.47335815429688
2025-06-08,105552.15,106488.14,104964.14,105734.0,8048.06305,6000.35986328125,99.19000244140625,3322.699951171875,0.4510000228881836,144.47335815429688
2025-06-09,105734.01,110530.17,105318.37,110263.02,19975.37451,6005.8798828125,98.94000244140625,3332.10009765625,0.448199987411499,144.47335815429688
2025-06-10,110263.02,110400.0,108331.03,110274.39,17071.82839,6038.81005859375,99.05000305175781,3320.89990234375,0.44739999771118166,144.47335815429688
2025-06-11,110274.39,110392.01,108064.0,108645.12,13115.91638,6022.240234375,98.62999725341797,3321.300048828125,0.44120001792907715,144.47335815429688
2025-06-12,108645.13,108813.55,105671.72,105671.73,17778.67218,6045.259765625,97.91999816894531,3380.89990234375,0.435699987411499,144.47335815429688
2025-06-13,105671.74,106179.53,102664.31,106066.59,26180.81734,5976.97021484375,98.18000030517578,3431.199951171875,0.4423999786376953,144.47335815429688
2025-06-14,106066.59,106252.0,104300.0,105414.64,8798.93969,5976.97021484375,98.18000030517578,3431.199951171875,0.4423999786376953,144.47335815429688
2025-06-15,105414.63,106128.57,104494.53,105594.01,7164.20047,5976.97021484375,98.18000030517578,3431.199951171875,0.4423999786376953,144.47335815429688
2025-06-16,105594.02,108952.38,104980.37,106794.53,14922.6654,6033.10986328125,98.0,3396.39990234375,0.44520001411437987,144.47335815429688
2025-06-17,106794.53,107771.34,103371.02,104551.17,17866.33025,5982.72021484375,98.81999969482422,3386.60009765625,0.439300012588501,144.47335815429688
2025-06-18,104551.17,105550.27,103500.0,104886.78,13968.64167,5980.8701171875,98.91000366210938,3389.800048828125,0.43969998359680174,144.47335815429688
2025-06-19,104886.79,105226.17,103929.27,104658.59,7678.60737,5980.8701171875,98.91000366210938,3389.800048828125,0.43969998359680174,144.47335815429688
2025-06-20,104658.59,106524.65,102345.0,103297.99,16419.06283,5967.83984375,98.70999908447266,3368.10009765625,0.4375,144.47335815429688
2025-06-21,103297.98,103982.64,100837.9,102120.01,11154.21332,5967.83984375,98.70999908447266,3368.10009765625,0.4375,144.47335815429688
2025-06-22,102120.02,103399.62,98200.0,100963.87,28746.41072,5967.83984375,98.70999908447266,3368.10009765625,0.4375,144.47335815429688
2025-06-23,100963.87,106074.2,99613.33,105333.93,27666.50609,6025.169921875,98.41999816894531,3377.699951171875,0.4320000171661377,144.47335815429688
2025-06-24,105333.94,106290.0,104622.02,106083.0,14651.69335,6092.18017578125,97.86000061035156,3317.39990234375,0.42930002212524415,144.47335815429688
2025-06-25,106083.0,108135.3,105808.03,107340.58,16701.15551,6092.16015625,97.68000030517578,3327.10009765625,0.42930002212524415,144.47335815429688
2025-06-26,107340.59,108272.45,106562.5,106947.06,10573.27279,6141.02001953125,97.1500015258789,3333.5,0.42529997825622556,144.47335815429688
2025-06-27,106947.06,107735.34,106356.76,107047.59,12232.44042,6173.06982421875,97.4000015258789,3273.699951171875,0.4282999992370605,144.47335815429688
2025-06-28,107047.58,107577.75,106811.51,107296.79,3282.17352,6173.06982421875,97.4000015258789,3273.699951171875,0.4282999992370605,144.47335815429688
2025-06-29,107296.79,108528.5,107172.52,108356.93,6831.7364,6173.06982421875,97.4000015258789,3273.699951171875,0.4282999992370605,144.47335815429688
2025-06-30,108356.93,108789.99,106733.33,107146.5,9754.12491,6204.9501953125,96.87999725341797,3294.39990234375,0.42300000190734866,144.47335815429688
2025-07-01,107146.51,107540.0,105250.85,105681.14,10505.62437,6198.009765625,96.81999969482422,3336.699951171875,0.4250999927520752,144.47335815429688
2025-07-02,105681.13,109730.0,105100.19,108849.6,17691.89592,6227.419921875,96.77999877929688,3348.0,0.42930002212524415,144.47335815429688
2025-07-03,108849.59,110529.18,108530.4,109584.78,13047.08225,6279.35009765625,97.18000030517578,3331.60009765625,0.4348000049591064,144.47335815429688
2025-07-04,109584.77,109767.59,107245.0,107984.24,11793.86615,6279.35009765625,97.18000030517578,3332.5,0.4348000049591064,144.47335815429688
2025-07-05,107984.25,108420.56,107756.31,108198.12,3736.9757,6279.35009765625,97.18000030517578,3332.5,0.4348000049591064,144.47335815429688
2025-07-06,108198.12,109700.0,107800.01,109203.84,6447.607,6279.35009765625,97.18000030517578,3332.5,0.4348000049591064,144.47335815429688
2025-07-07,109203.85,109700.0,107513.2,108262.94,9405.37601,6229.97998046875,97.4800033569336,3332.199951171875,0.4394999980926514,144.47335815429688
2025-07-08,108262.94,109216.56,107429.57,108922.98,9216.0208,6225.52001953125,97.51000213623047,3307.0,0.4414999961853027,144.47335815429688
2025-07-09,108922.99,111999.79,108324.53,111233.99,17282.2865,6263.259765625,97.47000122070312,3311.60009765625,0.43420000076293946,144.47335815429688
2025-07-10,111234.0,116868.0,110500.0,116010.0,24883.450665,6280.4599609375,97.6500015258789,3317.39990234375,0.4346000194549561,144.47335815429688
2025-07-11,116010.01,118869.98,115222.22,117527.66,25873.521148,6259.75,97.8499984741211,3356.0,0.44229998588562014,144.47335815429688
2025-07-12,117527.66,118200.0,116900.05,117420.0,8446.60437,6259.75,97.8499984741211,3356.0,0.44229998588562014,144.47335815429688
2025-07-13,117420.0,119488.0,117224.79,119086.64,9550.792947,6259.75,97.8499984741211,3356.0,0.44229998588562014,144.47335815429688
2025-07-14,119086.65,123218.0,118905.18,119841.18,27269.348877,6268.56005859375,98.08000183105469,3351.5,0.4427000045776367,144.47335815429688
2025-07-15,119841.17,119940.83,115736.92,117758.09,32018.46083,6243.759765625,98.62000274658203,3329.800048828125,0.4488999843597412,144.47335815429688
2025-07-16,117758.08,120063.84,117017.29,118630.43,17039.90851,6263.7001953125,98.38999938964844,3352.5,0.44549999237060545,144.47335815429688
2025-07-17,118630.44,120998.71,117453.57,119177.56,15728.57651,6297.35986328125,98.7300033569336,3340.10009765625,0.44629998207092286,144.47335815429688
2025-07-18,119177.56,120820.71,116812.76,117924.84,19924.66266,6296.7900390625,98.4800033569336,3353.0,0.44320001602172854,144.47335815429688
2025-07-19,117924.84,118499.9,117277.34,117840.0,6635.80306,6296.7900390625,98.4800033569336,3353.0,0.44320001602172854,144.47335815429688
2025-07-20,117840.01,118856.8,116467.02,117265.12,12962.92889,6296.7900390625,98.4800033569336,3353.0,0.44320001602172854,144.47335815429688
2025-07-21,117265.11,119676.73,116515.0,117380.36,17107.33128,6305.60009765625,97.8499984741211,3401.89990234375,0.4372000217437744,144.47335815429688
2025-07-22,117380.36,120247.8,116128.0,119954.42,20959.12973,6309.6201171875,97.38999938964844,3439.199951171875,0.43359999656677245,144.47335815429688
2025-07-23,119954.43,120090.0,117301.0,118755.99,14558.75083,6358.91015625,97.20999908447266,3394.10009765625,0.4388000011444092,144.47335815429688
2025-07-24,118756.0,119450.0,117103.1,118340.99,15806.89043,6363.35009765625,97.37999725341797,3371.0,0.44079999923706054,144.47335815429688
2025-07-25,118340.98,118451.57,114723.16,117614.31,38406.34873,6388.64013671875,97.6500015258789,3334.0,0.4386000156402588,144.47335815429688
2025-07-26,117614.31,118297.35,117138.38,117919.99,6991.67206,6388.64013671875,97.6500015258789,3334.0,0.4386000156402588,144.47335815429688
2025-07-27,117919.99,119766.65,117825.5,119415.55,9328.30919,6388.64013671875,97.6500015258789,3334.0,0.4386000156402588,144.47335815429688
2025-07-28,119415.56,119800.0,117427.5,118062.32,13961.74754,6389.77001953125,98.66000366210938,3309.10009765625,0.4420000076293945,144.47335815429688
2025-07-29,118062.32,119273.36,116950.75,117950.76,15137.93445,6370.85986328125,98.91000366210938,3323.39990234375,0.4329999923706055,144.47335815429688
2025-07-30,117950.75,118792.0,115796.23,117840.3,15586.73631,6362.89990234375,99.94000244140625,3295.800048828125,0.4375999927520752,144.47335815429688
2025-07-31,117840.29,118922.45,115500.0,115764.08,17010.0073,6339.39013671875,100.02999877929688,3293.199951171875,0.43600001335144045,144.47335815429688
2025-08-01,115764.07,116052.0,112722.58,113297.93,24487.10206,6238.009765625,98.69000244140625,3347.699951171875,0.42199997901916503,144.47335815429688
2025-08-02,113297.92,114063.49,112003.0,112546.35,11507.33428,6238.009765625,98.69000244140625,3347.699951171875,0.42199997901916503,144.47335815429688
2025-08-03,112546.35,114799.97,111920.0,114208.8,7397.76046,6238.009765625,98.69000244140625,3347.699951171875,0.42199997901916503,144.47335815429688
2025-08-04,114208.81,115720.0,114107.6,115055.03,9667.67916,6329.93994140625,98.77999877929688,3374.39990234375,0.4199999809265137,144.47335815429688
2025-08-05,115055.03,115127.81,112650.0,114129.75,12042.79078,6299.18994140625,98.77999877929688,3381.89990234375,0.4196000099182129,144.47335815429688
2025-08-06,114129.75,115716.0,113355.13,114992.27,9761.15318,6345.06005859375,98.18000030517578,3380.0,0.42199997901916503,144.47335815429688
2025-08-07,114992.27,117621.0,114259.0,117472.01,13468.56263,6340.0,98.4000015258789,3400.300048828125,0.42439999580383303,144.47335815429688
2025-08-08,117472.02,117630.0,115878.71,116674.74,10045.31278,6389.4501953125,98.18000030517578,3439.10009765625,0.4284999847412109,144.47335815429688
2025-08-09,116674.74,117944.05,116299.13,116462.25,9514.13144,6389.4501953125,98.18000030517578,3439.10009765625,0.4284999847412109,144.47335815429688
2025-08-10,116462.25,119311.11,116460.63,119294.01,14322.77073,6389.4501953125,98.18000030517578,3439.10009765625,0.4284999847412109,144.47335815429688
2025-08-11,119294.27,122335.16,118050.11,118686.0,26494.33429,6373.4501953125,98.5199966430664,3353.10009765625,0.42729997634887695,144.47335815429688
2025-08-12,118686.0,120324.43,118207.47,120134.08,16720.10893,6445.759765625,98.0999984741211,3348.89990234375,0.42930002212524415,144.47335815429688
2025-08-13,120134.09,123667.79,118920.92,123306.43,23210.07102,6466.580078125,97.83999633789062,3358.699951171875,0.423799991607666,144.47335815429688
2025-08-14,123306.44,124474.0,117180.0,118295.09,27980.947586,6468.5400390625,98.25,3335.199951171875,0.42930002212524415,144.47335815429688
2025-08-15,118295.09,119216.82,116803.99,117342.05,13623.33874,6449.7998046875,97.8499984741211,3336.0,0.4328000068664551,144.47335815429688
2025-08-16,117342.04,117898.99,117143.98,117380.66,6393.68117,6449.7998046875,97.8499984741211,3336.0,0.4328000068664551,144.47335815429688
2025-08-17,117380.66,118575.0,117172.21,117405.01,5898.64192,6449.7998046875,97.8499984741211,3336.0,0.4328000068664551,144.47335815429688
2025-08-18,117405.01,117543.75,114640.14,116227.05,17745.93954,6449.14990234375,98.16999816894531,3331.699951171875,0.43410000801086424,144.47335815429688
2025-08-19,116227.05,116725.69,112732.58,112872.94,18065.47424,6411.3701171875,98.2699966430664,3313.39990234375,0.43020000457763674,144.47335815429688
2025-08-20,112872.95,114615.38,112380.0,114271.24,15636.34194,6395.77978515625,98.22000122070312,3343.39990234375,0.4296000003814697,144.47335815429688
2025-08-21,114271.23,114821.76,112015.67,112500.0,10839.69235,6370.169921875,98.62000274658203,3336.89990234375,0.4329999923706055,144.47335815429688
2025-08-22,112500.0,117429.05,111684.79,116935.99,23128.09037,6466.91015625,97.72000122070312,3374.39990234375,0.4260000228881836,144.47335815429688
2025-08-23,116936.0,117030.0,114560.0,115438.05,11329.36197,6466.91015625,97.72000122070312,3374.39990234375,0.4260000228881836,144.47335815429688
2025-08-24,115438.06,115666.68,110680.0,113493.59,21175.98462,6466.91015625,97.72000122070312,3374.39990234375,0.4260000228881836,144.47335815429688
2025-08-25,113493.59,113667.28,109274.1,110111.98,25182.79379,6439.31982421875,98.43000030517578,3373.800048828125,0.42750000953674316,144.47335815429688
2025-08-26,110111.98,112371.0,108666.66,111763.22,18452.43877,6465.93994140625,98.2300033569336,3388.60009765625,0.4257999897003174,144.47335815429688
2025-08-27,111763.22,112625.0,110345.42,111262.01,13392.60875,6481.39990234375,98.2300033569336,3404.60009765625,0.423799991607666,144.47335815429688
2025-08-28,111262.01,113485.9,110862.42,112566.9,11104.27744,6501.85986328125,97.80999755859375,3431.800048828125,0.4206999778747559,144.47335815429688
2025-08-29,112566.9,112638.64,107463.9,108377.4,22580.31045,6460.259765625,97.7699966430664,3473.699951171875,0.422700023651123,144.47335815429688
2025-08-30,108377.4,108926.15,107350.1,108816.33,10708.39159,6460.259765625,97.7699966430664,3473.699951171875,0.422700023651123,144.47335815429688
2025-08-31,108816.33,109480.02,108076.93,108246.35,9489.51596,6460.259765625,97.7699966430664,3473.699951171875,0.422700023651123,144.47335815429688
2025-09-01,108246.36,109912.4,107255.0,109237.42,16053.60219,6460.259765625,97.7699966430664,3473.699951171875,0.422700023651123,144.47335815429688
2025-09-02,109237.43,111771.52,108393.39,111240.01,18510.28756,6415.5400390625,98.4000015258789,3549.39990234375,0.42769999504089357,144.47335815429688
2025-09-03,111240.01,112575.27,110528.71,111705.71,11773.72084,6448.259765625,98.13999938964844,3593.199951171875,0.42109999656677244,144.47335815429688
2025-09-04,111705.72,112180.0,109329.12,110730.87,12203.13536,6502.080078125,98.3499984741211,3565.800048828125,0.4176000118255615,144.47335815429688
2025-09-05,110730.87,113384.62,110206.96,110659.99,21587.40888,6481.5,97.7699966430664,3613.199951171875,0.4085999965667725,144.47335815429688
2025-09-06,110660.0,111307.7,109977.0,110187.97,5000.29897,6481.5,97.7699966430664,3613.199951171875,0.4085999965667725,144.47335815429688
2025-09-07,110187.98,111600.0,110180.0,111137.34,5681.29944,6481.5,97.7699966430664,3613.199951171875,0.4085999965667725,144.47335815429688
2025-09-08,111137.35,112924.37,110621.78,112065.23,11582.40211,6495.14990234375,97.44999694824219,3638.10009765625,0.4046000003814697,144.47335815429688
2025-09-09,112065.23,113293.29,110766.66,111546.39,15379.28248,6512.60986328125,97.79000091552734,3643.300048828125,0.40739998817443845,144.47335815429688
2025-09-10,111546.38,114313.13,110917.45,113960.0,17517.41823,6532.0400390625,97.77999877929688,3643.60009765625,0.40320000648498533,144.47335815429688
2025-09-11,113960.0,115488.09,113430.0,115482.69,13676.73119,6587.47021484375,97.54000091552734,3636.89990234375,0.40110001564025877,144.47335815429688
2025-09-12,115482.69,116665.63,114740.99,116029.42,15324.10719,6584.2900390625,97.55000305175781,3649.39990234375,0.4060999870300293,144.47335815429688
2025-09-13,116029.41,116298.78,115127.27,115918.29,8269.40394,6584.2900390625,97.55000305175781,3649.39990234375,0.4060999870300293,144.47335815429688
2025-09-14,115918.29,116165.19,115135.0,115268.01,6707.60197,6584.2900390625,97.55000305175781,3649.39990234375,0.4060999870300293,144.47335815429688
2025-09-15,115268.01,116757.99,114384.0,115349.71,13212.51149,6615.27978515625,97.30000305175781,3682.199951171875,0.40339999198913573,144.47335815429688
2025-09-16,115349.71,116964.27,114737.11,116788.96,10926.9094,6606.759765625,96.62999725341797,3688.89990234375,0.40260000228881837,144.47335815429688
2025-09-17,116788.96,117286.73,114720.81,116447.59,16754.2454,6600.35009765625,96.87000274658203,3681.800048828125,0.40760002136230467,144.47335815429688
2025-09-18,116447.6,117900.0,116092.76,117073.53,11657.23365,6631.9599609375,97.3499984741211,3643.699951171875,0.4104000091552734,144.47335815429688
2025-09-19,117073.53,117459.99,115100.0,115632.38,8992.09065,6664.35986328125,97.63999938964844,3671.5,0.41389999389648435,144.47335815429688
2025-09-20,115632.39,116121.81,115408.47,115685.63,4674.92752,6664.35986328125,97.63999938964844,3671.5,0.41389999389648435,144.47335815429688
2025-09-21,115685.63,115819.06,115188.0,115232.29,4511.52219,6664.35986328125,97.63999938964844,3671.5,0.41389999389648435,144.47335815429688
2025-09-22,115232.29,115379.25,111800.0,112650.99,20781.71356,6693.75,97.33000183105469,3740.699951171875,0.41430001258850097,144.47335815429688
2025-09-23,112650.99,113290.5,111458.73,111998.8,12301.3203,6656.919921875,97.26000213623047,3780.60009765625,0.4119999885559082,144.47335815429688
2025-09-24,111998.8,113940.0,111042.66,113307.0,12369.25967,6637.97021484375,97.87000274658203,3732.10009765625,0.41469998359680177,144.47335815429688
2025-09-25,113307.01,113510.23,108631.51,108994.49,21231.14957,6604.72021484375,98.55000305175781,3736.89990234375,0.41719999313354494,144.47335815429688
2025-09-26,108994.49,110300.0,108620.07,109643.46,14243.01591,6643.7001953125,98.1500015258789,3775.300048828125,0.4186999797821045,144.47335815429688
2025-09-27,109643.46,109743.91,109064.4,109635.85,5501.78643,6643.7001953125,98.1500015258789,3775.300048828125,0.4186999797821045,144.47335815429688
2025-09-28,109635.85,112350.0,109189.99,112163.95,7542.3316,6643.7001953125,98.1500015258789,3775.300048828125,0.4186999797821045,144.47335815429688
2025-09-29,112163.96,114400.0,111560.65,114311.96,15541.12005,6661.2099609375,97.91000366210938,3820.89990234375,0.41409997940063475,144.47335815429688
2025-09-30,114311.97,114792.0,112656.27,114048.93,15044.15633,6688.4599609375,97.7699966430664,3840.800048828125,0.41479997634887694,144.47335815429688
2025-10-01,114048.94,118649.1,113966.67,118594.99,20036.39516,6711.2001953125,97.70999908447266,3867.5,0.4105999946594238,144.47335815429688
2025-10-02,118594.99,121022.07,118279.31,120529.35,19670.83503,6715.35009765625,97.8499984741211,3839.699951171875,0.40879998207092283,144.47335815429688
2025-10-03,120529.35,123894.99,119248.3,122232.0,23936.328,6715.7900390625,97.72000122070312,3880.800048828125,0.411899995803833,144.47335815429688
2025-10-04,122232.21,122800.0,121510.0,122391.0,8208.16678,6715.7900390625,97.72000122070312,3880.800048828125,0.411899995803833,144.47335815429688
2025-10-05,122390.99,125708.42,122136.0,123482.31,22043.097553,6715.7900390625,97.72000122070312,3880.800048828125,0.411899995803833,144.47335815429688
2025-10-06,123482.32,126199.63,123084.0,124658.54,19494.628793,6740.27978515625,98.11000061035156,3948.5,0.4162000179290771,144.47335815429688
2025-10-07,124658.54,125126.0,120574.94,121332.95,21633.99385,6714.58984375,98.58000183105469,3976.60009765625,0.4126999855041504,144.47335815429688
2025-10-08,121332.96,124197.25,121066.14,123306.0,17012.618,6753.72021484375,98.8499984741211,4043.300048828125,0.4129000186920166,144.47335815429688
2025-10-09,123306.01,123762.94,119651.47,121662.4,21559.36007,6735.10986328125,99.54000091552734,3946.300048828125,0.41479997634887694,144.47335815429688
2025-10-10,121662.41,122550.0,102000.0,112774.5,64171.93927,6552.509765625,98.9800033569336,3975.89990234375,0.40510001182556155,144.47335815429688
2025-10-11,112774.49,113322.39,109561.59,110644.4,35448.51652,6552.509765625,98.9800033569336,3975.89990234375,0.40510001182556155,144.47335815429688
2025-10-12,110644.4,115770.0,109565.06,114958.8,32255.30272,6552.509765625,98.9800033569336,3975.89990234375,0.40510001182556155,144.47335815429688
2025-10-13,114958.81,115963.81,113616.5,115166.0,22557.24033,6654.72021484375,99.2699966430664,4108.60009765625,0.40510001182556155,144.47335815429688
2025-10-14,115166.0,115409.96,109866.0,113028.14,31870.32974,6644.31005859375,99.05000305175781,4138.7001953125,0.40219998359680176,144.47335815429688
2025-10-15,113028.13,113612.35,110164.0,110763.28,22986.48811,6671.06005859375,98.79000091552734,4176.89990234375,0.4046000003814697,144.47335815429688
2025-10-16,110763.28,111982.45,107427.0,108194.28,29857.17252,6629.06982421875,98.38999938964844,4280.2001953125,0.39760000705718995,144.47335815429688
2025-10-17,108194.27,109240.0,103528.23,106431.68,37920.66838,6664.009765625,98.43000030517578,4189.89990234375,0.4006999969482422,144.47335815429688
2025-10-18,106431.68,107499.0,106322.2,107185.01,11123.18766,6664.009765625,98.43000030517578,4189.89990234375,0.4006999969482422,144.47335815429688
2025-10-19,107185.0,109450.07,106103.36,108642.78,15480.66423,6664.009765625,98.43000030517578,4189.89990234375,0.4006999969482422,144.47335815429688
2025-10-20,108642.77,111705.56,107402.52,110532.09,19193.4416,6735.1298828125,98.58999633789062,4336.39990234375,0.39860000610351565,144.47335815429688
2025-10-21,110532.09,114000.0,107473.72,108297.67,37228.01659,6735.35009765625,98.93000030517578,4087.699951171875,0.39630000591278075,144.47335815429688
2025-10-22,108297.66,109163.88,106666.69,107567.44,28610.78451,6699.39990234375,98.9000015258789,4044.39990234375,0.39530000686645506,144.47335815429688
2025-10-23,107567.45,111293.61,107500.0,110078.18,17573.09294,6738.43994140625,98.94000244140625,4125.5,0.3990999937057495,144.47335815429688
2025-10-24,110078.19,112104.98,109700.01,111004.89,15005.16913,6791.68994140625,98.94999694824219,4118.39990234375,0.3996999979019165,144.47335815429688
2025-10-25,111004.9,111943.19,110672.86,111646.27,6407.96864,6791.68994140625,98.94999694824219,4118.39990234375,0.3996999979019165,144.47335815429688
2025-10-26,111646.27,115466.8,111260.45,114559.4,13454.47737,6791.68994140625,98.94999694824219,4118.39990234375,0.3996999979019165,144.47335815429688
2025-10-27,114559.41,116400.0,113830.01,114107.65,21450.23241,6875.16015625,98.77999877929688,4001.89990234375,0.3996999979019165,144.47335815429688
2025-10-28,114107.65,116086.0,112211.0,112898.45,15523.42257,6890.89013671875,98.69000244140625,3966.199951171875,0.39830000400543214,144.47335815429688
2025-10-29,112898.44,113643.73,109200.0,110021.29,21079.71376,6890.58984375,99.22000122070312,3983.699951171875,0.40580000877380373,144.47335815429688
2025-10-30,110021.3,111592.0,106304.34,108322.88,25988.82838,6822.33984375,99.52999877929688,4001.300048828125,0.40929999351501467,144.47335815429688
2025-10-31,108322.87,111190.0,108275.28,109608.01,21518.20439,6840.2001953125,99.80000305175781,3982.199951171875,0.41009998321533203,144.47335815429688
2025-11-01,109608.01,110564.49,109394.81,110098.1,7378.50431,6840.2001953125,99.80000305175781,3982.199951171875,0.41009998321533203,144.47335815429688
2025-11-02,110098.1,111250.01,109471.34,110540.68,12107.00087,6840.2001953125,99.80000305175781,3982.199951171875,0.41009998321533203,144.47335815429688
2025-11-03,110540.69,110750.0,105306.56,106583.04,28681.18779,6851.97021484375,99.87000274658203,4000.300048828125,0.4105999946594238,144.47335815429688
2025-11-04,106583.05,107299.0,98944.36,101497.22,50534.87376,6771.5498046875,100.22000122070312,3947.699951171875,0.40890002250671387,144.47335815429688
2025-11-05,101497.23,104534.74,98966.8,103885.16,33778.77571,6796.2900390625,100.19999694824219,3980.300048828125,0.41570000648498534,144.47335815429688
2025-11-06,103885.16,104200.0,100300.95,101346.04,25814.62139,6720.31982421875,99.7300033569336,3979.89990234375,0.40929999351501467,144.47335815429688
2025-11-07,101346.04,104096.36,99260.86,103339.08,32059.50942,6728.7998046875,99.5999984741211,3999.39990234375,0.40929999351501467,144.47335815429688
2025-11-08,103339.09,103406.22,101454.0,102312.94,12390.77985,6728.7998046875,99.5999984741211,3999.39990234375,0.40929999351501467,144.47335815429688
2025-11-09,102312.95,105495.62,101400.0,104722.96,16338.97096,6728.7998046875,99.5999984741211,3999.39990234375,0.40929999351501467,144.47335815429688
2025-11-10,104722.95,106670.11,104265.02,106011.13,22682.25673,6832.43017578125,99.62000274658203,4111.7998046875,0.41100001335144043,144.47335815429688
2025-11-11,106011.13,107500.0,102476.09,103058.99,24196.50718,6846.60986328125,99.45999908447266,4106.7998046875,0.4119999885559082,144.47335815429688
2025-11-12,103059.0,105333.33,100813.59,101654.37,20457.63906,6850.919921875,99.4800033569336,4204.39990234375,0.4065000057220459,144.47335815429688
2025-11-13,101654.37,104085.01,98000.4,99692.02,36198.50771,6737.490234375,99.18000030517578,4186.89990234375,0.41119999885559083,144.47335815429688
2025-11-14,99692.03,99866.02,94012.45,94594.0,47288.14481,6734.10986328125,99.2699966430664,4087.60009765625,0.41479997634887694,144.47335815429688
2025-11-15,94594.0,96846.68,94558.49,95596.24,15110.89391,6734.10986328125,99.2699966430664,4087.60009765625,0.41479997634887694,144.47335815429688
2025-11-16,95596.23,96635.11,93005.55,94261.44,23889.4051,6734.10986328125,99.2699966430664,4087.60009765625,0.41479997634887694,144.47335815429688
2025-11-17,94261.45,96043.0,91220.0,92215.14,39218.59806,6672.41015625,99.58999633789062,4068.300048828125,0.4132999897003174,144.47335815429688
2025-11-18,92215.14,93836.01,89253.78,92960.83,39835.14769,6617.31982421875,99.55000305175781,4061.300048828125,0.41230001449584963,144.47335815429688
2025-11-19,92960.83,92980.22,88608.0,91554.96,32286.6376,6642.16015625,100.2300033569336,4077.699951171875,0.4132999897003174,144.47335815429688
2025-11-20,91554.96,93160.0,86100.0,86637.23,39733.19073,6538.759765625,100.16000366210938,4056.5,0.4105999946594238,144.47335815429688
2025-11-21,86637.22,87498.94,80600.0,85129.43,72256.12679,6602.990234375,100.18000030517578,4076.699951171875,0.4063000202178955,144.47335815429688
2025-11-22,85129.42,85620.0,83500.0,84739.74,14193.93263,6602.990234375,100.18000030517578,4076.699951171875,0.4063000202178955,144.47335815429688
2025-11-23,84739.75,88127.64,84667.57,86830.0,19734.46418,6602.990234375,100.18000030517578,4076.699951171875,0.4063000202178955,144.47335815429688
2025-11-24,86830.0,89228.0,85272.0,88300.01,24663.12795,6705.1201171875,100.13999938964844,4091.89990234375,0.40380001068115234,144.47335815429688
2025-11-25,88300.01,88519.99,86116.0,87369.96,19567.0411,6765.8798828125,99.66000366210938,4139.2001953125,0.40019998550415037,144.47335815429688
2025-11-26,87369.97,90656.08,86306.77,90484.02,21675.82239,6812.60986328125,99.5999984741211,4165.2001953125,0.3997999906539917,144.47335815429688
2025-11-27,90484.01,91950.0,90089.91,91333.95,16833.50932,6812.60986328125,99.5999984741211,4165.2001953125,0.3997999906539917,144.47335815429688
2025-11-28,91333.94,93092.0,90180.63,90890.7,18830.86012,6849.08984375,99.45999908447266,4218.2998046875,0.4017000198364258,144.47335815429688
2025-11-29,90890.71,91165.65,90155.47,90802.44,7429.88291,6849.08984375,99.45999908447266,4218.2998046875,0.4017000198364258,144.47335815429688
2025-11-30,90802.44,92000.01,90336.9,90360.0,9687.74175,6849.08984375,99.45999908447266,4218.2998046875,0.4017000198364258,144.47335815429688
2025-12-01,90360.01,90417.0,83822.76,86286.01,34509.01227,6812.6298828125,99.41000366210938,4239.2998046875,0.40960001945495605,144.47335815429688
2025-12-02,86286.01,92307.65,86184.39,91277.88,28210.22732,6829.3701171875,99.36000061035156,4186.60009765625,0.4085999965667725,144.47335815429688
2025-12-03,91277.88,94150.0,90990.23,93429.95,25712.52585,6849.72021484375,98.8499984741211,4199.2998046875,0.4057000160217285,144.47335815429688
2025-12-04,93429.95,94080.0,90889.0,92078.06,19803.94059,6857.1201171875,98.98999786376953,4211.7998046875,0.4107999801635742,144.47335815429688
2025-12-05,92078.06,92692.36,88056.0,89330.04,19792.97218,6870.39990234375,98.98999786376953,4212.89990234375,0.41389999389648435,144.47335815429688
2025-12-06,89330.04,90289.97,88908.01,89236.79,8409.50016,6870.39990234375,98.98999786376953,4212.89990234375,0.41389999389648435,144.47335815429688
2025-12-07,89236.8,91760.0,87719.28,90395.31,13021.11185,6870.39990234375,98.98999786376953,4212.89990234375,0.41389999389648435,144.47335815429688
2025-12-08,90395.32,92287.15,89612.0,90634.34,15793.63887,6846.509765625,99.08999633789062,4187.2001953125,0.41719999313354494,144.47335815429688
2025-12-09,90634.35,94588.99,89500.0,92678.8,21240.43014,6840.509765625,99.22000122070312,4206.7001953125,0.4185999870300293,144.47335815429688
2025-12-10,92678.81,94476.0,91563.15,92015.37,18998.68083,6886.68017578125,98.79000091552734,4196.39990234375,0.41640000343322753,144.47335815429688
2025-12-11,92015.38,93555.0,89260.63,92513.38,19972.58758,6901.0,98.3499984741211,4285.5,0.41409997940063475,144.47335815429688
2025-12-12,92513.38,92754.0,89480.0,90268.42,16679.19169,6827.41015625,98.4000015258789,4300.10009765625,0.4193999767303467,144.47335815429688
2025-12-13,90268.43,90634.55,89766.39,90240.01,5895.70788,6827.41015625,98.4000015258789,4300.10009765625,0.4193999767303467,144.47335815429688
2025-12-14,90240.0,90472.4,87577.36,88172.17,9416.94004,6827.41015625,98.4000015258789,4300.10009765625,0.4193999767303467,144.47335815429688
2025-12-15,88172.16,90052.64,85146.64,86432.08,19778.6919,6816.509765625,98.1500015258789,4306.7001953125,0.4182000160217285,144.47335815429688
2025-12-16,86432.08,88175.98,85266.0,87863.42,18456.05017,6800.259765625,98.1500015258789,4304.5,0.414900016784668,144.47335815429688
2025-12-17,87863.43,90365.85,85314.0,86243.22,19834.11729,6721.43017578125,98.37000274658203,4347.5,0.4151000022888184,144.47335815429688
2025-12-18,86243.23,89477.61,84450.01,85516.41,25405.41763,6774.759765625,98.43000030517578,4339.5,0.41160001754760744,144.47335815429688
2025-12-19,85516.41,89399.97,85110.24,88136.94,21256.65004,6834.5,98.5999984741211,4361.39990234375,0.4151000022888184,144.47335815429688
2025-12-20,88136.95,88573.07,87795.76,88360.9,5123.13194,6834.5,98.5999984741211,4361.39990234375,0.4151000022888184,144.47335815429688
2025-12-21,88360.91,89081.77,87600.04,88658.86,7132.87258,6834.5,98.5999984741211,4361.39990234375,0.4151000022888184,144.47335815429688
2025-12-22,88658.87,90588.23,87900.0,88620.79,14673.2197,6878.490234375,98.29000091552734,4444.60009765625,0.4169000148773193,144.47335815429688
2025-12-23,88620.79,88940.0,86601.9,87486.0,13910.32904,6909.7900390625,97.94000244140625,4482.7998046875,0.4169000148773193,144.47335815429688
2025-12-24,87486.0,88049.89,86420.0,87669.45,9140.8432,6932.0498046875,97.9800033569336,4480.60009765625,0.4136000156402588,144.47335815429688
2025-12-25,87669.44,88592.74,86934.72,87225.27,7096.58235,6932.0498046875,97.9800033569336,4480.60009765625,0.4136000156402588,144.47335815429688
2025-12-26,87225.27,89567.75,86655.08,87369.56,18344.61505,6929.93994140625,98.0199966430664,4529.10009765625,0.4136000156402588,144.47335815429688
2025-12-27,87369.56,87984.0,87253.05,87877.01,4469.55156,6929.93994140625,98.0199966430664,4529.10009765625,0.4136000156402588,144.47335815429688
2025-12-28,87877.0,88088.75,87435.0,87952.71,4446.29285,6929.93994140625,98.0199966430664,4529.10009765625,0.4136000156402588,144.47335815429688
2025-12-29,87952.71,90406.08,86806.5,87237.13,19894.98575,6905.740234375,98.04000091552734,4325.10009765625,0.41160001754760744,144.47335815429688
2025-12-30,87237.13,89400.0,86845.66,88485.49,13105.91001,6896.240234375,98.23999786376953,4370.10009765625,0.4130000114440918,144.47335815429688
2025-12-31,88485.5,89200.0,87250.0,87648.22,11558.62047,6845.5,98.27999877929688,4325.60009765625,0.41630001068115235,144.47335815429688
2026-01-01,87648.21,88919.45,87550.43,88839.04,6279.57133,6845.5,98.27999877929688,4325.60009765625,0.41630001068115235,144.47335815429688
2026-01-02,88839.05,90961.81,88379.88,89995.13,17396.97301,6858.47021484375,98.41999816894531,4314.39990234375,0.4186999797821045,144.47335815429688
2026-01-03,89995.14,90741.16,89314.01,90628.01,7057.46716,6858.47021484375,98.41999816894531,4314.39990234375,0.4186999797821045,144.47335815429688
2026-01-04,90628.01,91810.0,90628.0,91529.73,10426.5297,6858.47021484375,98.41999816894531,4314.39990234375,0.4186999797821045,144.47335815429688
2026-01-05,91529.74,94789.08,91514.81,93859.71,20673.59584,6902.0498046875,98.2699966430664,4436.89990234375,0.41649999618530276,144.47335815429688
2026-01-06,93859.71,94444.44,91262.94,93747.97,18546.41829,6944.81982421875,98.58000183105469,4482.2001953125,0.41789999008178713,144.47335815429688
2026-01-07,93747.97,93747.97,90675.52,91364.16,14276.49025,6920.93017578125,98.68000030517578,4449.2998046875,0.4138000011444092,144.47335815429688
2026-01-08,91364.16,91687.99,89311.0,91099.99,16132.79117,6921.4599609375,98.93000030517578,4449.7001953125,0.4183000087738037,144.47335815429688
2026-01-09,91100.0,92082.55,89694.66,90641.28,15590.27939,6966.27978515625,99.12999725341797,4490.2998046875,0.4171000003814697,144.47335815429688
2026-01-10,90641.27,90832.0,90404.0,90504.7,3104.11722,6966.27978515625,99.12999725341797,4490.2998046875,0.4171000003814697,144.47335815429688
2026-01-11,90504.7,91283.89,90236.0,91013.65,5477.13594,6966.27978515625,99.12999725341797,4490.2998046875,0.4171000003814697,144.47335815429688
2026-01-12,91013.66,92519.95,90128.44,91296.2,16188.08268,6977.27001953125,98.86000061035156,4604.2998046875,0.4186999797821045,144.47335815429688
2026-01-13,91296.2,96495.0,91042.66,95414.0,23021.51482,6963.740234375,99.12999725341797,4589.2001953125,0.4171000003814697,144.47335815429688
2026-01-14,95413.99,97924.49,94559.28,96951.78,22851.89428,6926.60009765625,99.12999725341797,4626.2998046875,0.4139999866485596,144.47335815429688
2026-01-15,96951.78,97193.34,95134.48,95604.8,21725.81369,6944.47021484375,99.31999969482422,4616.2998046875,0.4159999847412109,144.47335815429688
2026-01-16,95604.81,95871.47,94293.46,95550.94,11167.7146,6940.009765625,99.38999938964844,4588.39990234375,0.42309999465942383,144.47335815429688
2026-01-17,95550.94,95639.45,95021.67,95147.77,4280.80137,6940.009765625,99.38999938964844,4588.39990234375,0.42309999465942383,144.47335815429688
2026-01-18,95147.77,95531.12,93615.4,93673.14,6895.17819,6940.009765625,99.38999938964844,4588.39990234375,0.42309999465942383,144.47335815429688
2026-01-19,93673.14,93673.14,91910.2,92631.0,14295.52747,6940.009765625,99.38999938964844,4588.39990234375,0.42309999465942383,144.47335815429688
2026-01-20,92630.99,92870.0,87895.98,88427.66,22007.3261,6796.85986328125,98.63999938964844,4759.60009765625,0.42950000762939455,144.47335815429688
2026-01-21,88427.66,90574.0,87263.53,89454.73,20617.50372,6875.6201171875,98.76000213623047,4831.7998046875,0.42529997825622556,144.47335815429688
2026-01-22,89454.73,90359.99,88515.37,89559.67,10825.50492,6913.35009765625,98.36000061035156,4908.7998046875,0.4249000072479248,144.47335815429688
2026-01-23,89559.68,91224.99,88578.36,89600.26,13918.48919,6915.60986328125,97.5999984741211,4976.2001953125,0.4238999843597412,144.47335815429688
2026-01-24,89600.26,89957.39,89162.08,89225.34,4226.56737,6915.60986328125,97.5999984741211,4976.2001953125,0.4238999843597412,144.47335815429688
2026-01-25,89225.34,89319.13,86074.72,86670.36,14426.22019,6915.60986328125,97.5999984741211,4976.2001953125,0.4238999843597412,144.47335815429688
2026-01-26,86670.36,88860.0,86509.63,88347.08,17766.51453,6950.22998046875,97.04000091552734,5079.7001953125,0.42129998207092284,144.47335815429688
2026-01-27,88347.08,89523.16,87304.33,89250.0,13125.40425,6978.60009765625,96.22000122070312,5079.89990234375,0.42230000495910647,144.47335815429688
2026-01-28,89249.99,90600.0,88833.65,89299.99,14332.18502,6978.02978515625,96.44999694824219,5301.60009765625,0.4250999927520752,144.47335815429688
2026-01-29,89300.0,89348.0,83383.33,84650.16,30431.38201,6969.009765625,96.27999877929688,5318.39990234375,0.422700023651123,144.47335815429688
2026-01-30,84650.16,84735.75,81118.0,84260.49,35195.84793,6939.02978515625,96.98999786376953,4713.89990234375,0.4241000175476074,144.47335815429688
2026-01-31,84260.5,84270.02,75719.9,78741.09,39491.89133,6939.02978515625,96.98999786376953,4713.89990234375,0.4241000175476074,144.47335815429688
2026-02-01,78741.1,79424.0,75700.0,76968.21,25395.48168,6939.02978515625,96.98999786376953,4713.89990234375,0.4241000175476074,144.47335815429688
2026-02-02,76968.22,79360.0,74604.0,78738.61,42273.59016,6976.43994140625,97.61000061035156,4622.5,0.42750000953674316,144.47335815429688
2026-02-03,78738.6,79186.81,72945.5,75770.21,39120.10889,6917.81005859375,97.44000244140625,4903.7001953125,0.427400016784668,144.47335815429688
2026-02-04,75770.21,76971.52,71888.0,73165.83,38375.36,6882.72021484375,97.62000274658203,4920.39990234375,0.42750000953674316,144.47335815429688
2026-02-05,73165.84,73341.18,62345.0,62909.86,106298.82899,6798.39990234375,97.81999969482422,4861.39990234375,0.42100000381469727,144.47335815429688
2026-02-06,62909.87,71751.33,60000.0,70580.26,92539.21531,6932.2998046875,97.62999725341797,4951.2001953125,0.42059998512268065,144.47335815429688
2026-02-07,70580.26,71690.07,67300.0,69289.38,44255.48036,6932.2998046875,97.62999725341797,4951.2001953125,0.42059998512268065,144.47335815429688
2026-02-08,69289.37,72271.41,68888.0,70330.38,21420.53168,6932.2998046875,97.62999725341797,4951.2001953125,0.42059998512268065,144.47335815429688
2026-02-09,70330.38,71453.53,68308.0,70138.0,29152.72842,6964.81982421875,96.81999969482422,5050.89990234375,0.4197999954223633,144.47335815429688
2026-02-10,70138.0,70527.59,67800.0,68841.29,20373.77072,6941.81005859375,96.80000305175781,5003.7998046875,0.41469998359680177,144.47335815429688
2026-02-11,68841.28,69292.88,65756.0,67082.52,28718.24602,6941.47021484375,96.83000183105469,5071.60009765625,0.41719999313354494,144.47335815429688
2026-02-12,67082.52,68410.52,65118.0,66272.17,24271.74283,6832.759765625,96.93000030517578,4923.7001953125,0.4104000091552734,144.47335815429688
2026-02-13,66272.17,69482.97,65872.46,68853.96,20244.54955,6836.169921875,96.87999725341797,5022.0,0.40560002326965333,144.47335815429688
2026-02-14,68853.97,70560.01,68730.13,69822.95,18114.78393,6836.169921875,96.87999725341797,5022.0,0.40560002326965333,144.47335815429688
2026-02-15,69822.94,70983.0,68000.0,68832.58,22290.05208,6836.169921875,96.87999725341797,5022.0,0.40560002326965333,144.47335815429688
2026-02-16,68832.59,70126.67,67294.11,68892.43,15515.76534,6836.169921875,96.87999725341797,5022.0,0.40560002326965333,144.47335815429688
2026-02-17,68892.43,69241.5,66621.06,67503.52,16489.06921,6843.22021484375,97.16000366210938,4882.89990234375,0.4052000045776367,144.47335815429688
2026-02-18,67503.52,68476.22,65870.0,66461.0,15492.43839,6881.31005859375,97.69999694824219,4986.5,0.4078999996185303,144.47335815429688
2026-02-19,66461.0,67320.0,65631.83,67003.73,14542.26988,6861.89013671875,97.93000030517578,4975.89990234375,0.4074999809265137,144.47335815429688
2026-02-20,67003.73,68318.39,66280.2,68020.01,35351.87091,6909.509765625,97.80000305175781,5059.2998046875,0.4085999965667725,144.47335815429688
2026-02-21,68020.0,68698.7,67534.69,67975.93,8032.84131,6909.509765625,97.80000305175781,5059.2998046875,0.4085999965667725,144.47335815429688
2026-02-22,67975.93,68245.0,67190.0,67643.4,8175.13484,6909.509765625,97.80000305175781,5059.2998046875,0.4085999965667725,144.47335815429688
2026-02-23,67643.39,67684.86,63888.79,64656.02,33075.90923,6837.75,97.69999694824219,5204.7001953125,0.40289998054504395,144.47335815429688
2026-02-24,64656.01,65026.75,62510.28,64058.15,23102.83622,6890.06982421875,97.87999725341797,5155.7998046875,0.40329999923706056,144.47335815429688
2026-02-25,64058.15,69988.83,63913.27,67988.04,30749.99259,6946.1298828125,97.69999694824219,5206.39990234375,0.4047999858856201,144.47335815429688
2026-02-26,67988.04,68860.0,66500.0,67485.18,20737.77792,6908.85986328125,97.79000091552734,5176.5,0.4017000198364258,144.47335815429688
2026-02-27,67485.19,68216.8,64914.46,65872.1,21228.58424,6878.8798828125,97.61000061035156,5230.5,0.39619998931884765,144.47335815429688
2026-02-28,65872.09,67760.0,63030.0,66973.26,22548.71649,6878.8798828125,97.61000061035156,5230.5,0.39619998931884765,144.47335815429688
2026-03-01,66973.26,68199.99,65056.0,65776.47,23201.85859,6878.8798828125,97.61000061035156,5230.5,0.39619998931884765,144.47335815429688
2026-03-02,65776.48,70096.0,65259.21,68830.06,32010.38431,6881.6201171875,98.37999725341797,5294.39990234375,0.4047999858856201,144.47335815429688
2026-03-03,68830.06,69258.08,66158.0,68338.0,24972.2418,6816.6298828125,99.05000305175781,5107.39990234375,0.40560002326965333,144.47335815429688
2026-03-04,68338.01,74050.0,67400.0,72666.77,44919.0761,6869.5,98.7699966430664,5120.2001953125,0.40799999237060547,144.47335815429688
2026-03-05,72666.77,73558.15,70645.47,70890.72,26590.51253,6830.7099609375,99.31999969482422,5065.2998046875,0.41459999084472654,144.47335815429688
2026-03-06,70891.02,71419.98,67744.78,68114.02,22629.88722,6740.02001953125,98.98999786376953,5146.10009765625,0.4132999897003174,144.47335815429688
2026-03-07,68114.02,68551.04,66915.26,67262.91,12719.54315,6740.02001953125,98.98999786376953,5146.10009765625,0.4132999897003174,144.47335815429688
2026-03-08,67262.91,68200.0,65618.49,65971.2,21593.63901,6740.02001953125,98.98999786376953,5146.10009765625,0.4132999897003174,144.47335815429688
2026-03-09,65971.2,69516.65,65821.97,68432.16,28896.7213,6795.990234375,99.18000030517578,5091.5,0.4136000156402588,144.47335815429688
2026-03-10,68432.16,71777.0,68391.41,69948.63,32602.57726,6781.47998046875,98.83000183105469,5229.7001953125,0.4136000156402588,144.47335815429688
2026-03-11,69948.64,71321.0,68977.91,70191.86,27249.27542,6775.7998046875,99.2300033569336,5167.39990234375,0.42080001831054686,144.47335815429688
2026-03-12,70191.86,70800.0,69205.91,70541.34,21997.1605,6672.6201171875,99.73999786376953,5115.7998046875,0.42729997634887695,144.47335815429688
2026-03-13,70541.34,73913.74,70386.01,70930.0,35996.61678,6632.18994140625,100.36000061035156,5052.5,0.4284999847412109,144.47335815429688
2026-03-14,70930.01,71307.92,70317.0,71211.95,13017.24737,6632.18994140625,100.36000061035156,5052.5,0.4284999847412109,144.47335815429688
2026-03-15,71211.95,73199.0,70858.82,72815.24,14037.30704,6632.18994140625,100.36000061035156,5052.5,0.4284999847412109,144.47335815429688
2026-03-16,72815.25,74909.08,72270.41,74884.67,28409.53019,6699.3798828125,99.70999908447266,4994.0,0.42199997901916503,144.47335815429688
2026-03-17,74884.67,76000.0,73399.19,73909.36,24521.26636,6716.08984375,99.58000183105469,5001.0,0.4202000141143799,144.47335815429688
2026-03-18,73909.37,74672.34,70500.0,71246.54,23392.88093,6624.7001953125,100.08999633789062,4889.89990234375,0.4258999824523926,144.47335815429688
2026-03-19,71246.55,71613.79,68793.35,69930.0,22364.81819,6606.490234375,99.2300033569336,4600.7001953125,0.4281000137329102,144.47335815429688
2026-03-20,69930.01,71367.0,69388.0,70510.73,18121.16745,6506.47998046875,99.6500015258789,4570.39990234375,0.4390999794006348,144.47335815429688
2026-03-21,70510.73,71100.94,68571.42,68918.12,13397.1675,6506.47998046875,99.6500015258789,4570.39990234375,0.4390999794006348,144.47335815429688
2026-03-22,68918.12,69588.79,67360.66,67859.0,14843.78682,6506.47998046875,99.6500015258789,4570.39990234375,0.4390999794006348,144.47335815429688
2026-03-23,67859.0,71817.09,67445.18,70906.45,28335.09119,6581.0,98.94999694824219,4404.10009765625,0.43340001106262205,144.47335815429688
2026-03-24,70906.45,71400.0,68923.07,70556.74,20702.42244,6556.3701171875,99.43000030517578,4399.2998046875,0.43920001983642576,144.47335815429688
2026-03-25,70556.74,72026.09,70408.0,71336.53,17719.50066,6591.89990234375,99.5999984741211,4549.7998046875,0.4328000068664551,144.47335815429688
2026-03-26,71336.53,71436.82,68153.0,68820.31,20820.45768,6477.16015625,99.9000015258789,4375.5,0.44159998893737795,144.47335815429688
2026-03-27,68820.31,69179.05,65548.25,66407.28,28603.69557,6368.85009765625,100.1500015258789,4492.0,0.4440000057220459,144.47335815429688
2026-03-28,66407.28,67288.94,65932.09,66377.03,11462.39847,6368.85009765625,100.1500015258789,4492.0,0.4440000057220459,144.47335815429688
2026-03-29,66377.04,67130.5,65000.0,66010.93,10052.85584,6368.85009765625,100.1500015258789,4492.0,0.4440000057220459,144.47335815429688
2026-03-30,66010.93,68169.65,65800.59,66797.37,18353.38975,6343.72021484375,100.51000213623047,4526.0,0.43420000076293946,144.47335815429688
2026-03-31,66797.38,68589.49,65998.05,68284.48,22105.40662,6528.52001953125,99.95999908447266,4647.60009765625,0.4310999870300293,144.47335815429688
2026-04-01,68284.49,69310.0,67578.75,68113.92,19020.1899,6575.31982421875,99.6500015258789,4783.2001953125,0.4318999767303467,144.47335815429688
2026-04-02,68113.92,68653.38,65712.12,66901.99,20203.47916,6582.68994140625,100.02999877929688,4651.5,0.4313000202178955,144.47335815429688
2026-04-03,66901.99,67370.42,66282.0,66964.3,11429.13131,6582.68994140625,100.02999877929688,4651.5,0.4313000202178955,144.47335815429688
2026-04-04,66964.29,67562.93,66775.91,67300.42,7373.51613,6582.68994140625,100.02999877929688,4651.5,0.4313000202178955,144.47335815429688
2026-04-05,67300.42,69136.2,66611.66,69034.18,11733.46752,6582.68994140625,100.02999877929688,4651.5,0.4313000202178955,144.47335815429688
2026-04-06,69034.18,70351.46,68300.0,68853.66,20281.61044,6611.830078125,99.9800033569336,4656.7998046875,0.4335000038146973,144.47335815429688
2026-04-07,68853.66,72761.0,67732.01,71924.22,23750.49661,6616.85009765625,99.63999938964844,4657.10009765625,0.43429999351501464,144.47335815429688
2026-04-08,71924.22,72857.0,70707.23,71069.93,19802.68627,6782.81005859375,99.12999725341797,4749.5,0.42909998893737794,144.47335815429688
2026-04-09,71069.93,73145.0,70466.0,71787.97,18158.42159,6824.66015625,98.81999969482422,4792.2001953125,0.42930002212524415,144.47335815429688
2026-04-10,71787.98,73434.0,71426.15,72962.7,17372.63288,6816.89013671875,98.6500015258789,4761.89990234375,0.4316999912261963,144.47335815429688
2026-04-11,72962.71,73790.0,72513.09,73043.16,9070.94374,6816.89013671875,98.6500015258789,4761.89990234375,0.4316999912261963,144.47335815429688
2026-04-12,73043.16,73137.24,70505.88,70740.98,13472.46801,6816.89013671875,98.6500015258789,4761.89990234375,0.4316999912261963,144.47335815429688
2026-04-13,70741.56,74900.0,70566.99,74417.99,24230.21625,6886.240234375,98.37000274658203,4742.39990234375,0.4296999931335449,144.47335815429688
2026-04-14,74418.0,76038.0,73795.47,74131.55,26532.94456,6967.3798828125,98.12000274658203,4825.0,0.425600004196167,144.47335815429688
2026-04-15,74131.55,75425.0,73514.0,74809.99,14425.04167,7022.9501953125,98.05999755859375,4800.0,0.42820000648498535,144.47335815429688
2026-04-16,74809.99,75534.76,73309.85,75154.29,17088.68777,7041.27978515625,98.22000122070312,4785.39990234375,0.43090000152587893,144.47335815429688
2026-04-17,75154.28,78333.0,74529.4,77072.0,25941.36694,7126.06005859375,98.0999984741211,4857.60009765625,0.4245999813079834,144.47335815429688
2026-04-18,77072.01,77420.08,75445.16,75691.76,9141.84456,7126.06005859375,98.0999984741211,4857.60009765625,0.4245999813079834,144.47335815429688
2026-04-19,75691.76,76240.66,73762.9,73801.79,11369.82232,7126.06005859375,98.0999984741211,4857.60009765625,0.4245999813079834,144.47335815429688
2026-04-20,73801.8,76558.62,73724.31,75840.97,16993.41034,7109.14013671875,98.05000305175781,4806.60009765625,0.425,144.47335815429688
2026-04-21,75840.97,76927.57,74821.57,76336.15,14912.57132,7064.009765625,98.41000366210938,4698.39990234375,0.4291999816894531,144.47335815429688
2026-04-22,76336.14,79472.82,76132.95,78178.23,19737.51225,7137.89990234375,98.58999633789062,4732.5,0.4294000148773193,144.47335815429688
2026-04-23,78178.22,78662.5,76960.0,78257.48,16970.79501,7108.39990234375,98.80000305175781,4705.10009765625,0.4322999954223633,144.47335815429688
2026-04-24,78257.48,78581.93,77264.08,77437.13,12675.14315,7165.080078125,98.51000213623047,4722.2998046875,0.4309999942779541,144.47335815429688
2026-04-25,77437.13,77885.35,77140.23,77625.0,5685.1142,7165.080078125,98.51000213623047,4722.2998046875,0.4309999942779541,144.47335815429688
2026-04-26,77625.0,78961.0,77326.51,78657.55,7963.56162,7165.080078125,98.51000213623047,4722.2998046875,0.4309999942779541,144.47335815429688
2026-04-27,78657.55,79485.66,76459.64,77371.32,16046.92418,7173.91015625,98.4800033569336,4675.39990234375,0.43359999656677245,144.47335815429688
2026-04-28,77371.32,77478.0,75666.6,76342.77,13210.72383,7138.7998046875,98.62000274658203,4591.5,0.43540000915527344,144.47335815429688
2026-04-29,76342.78,77904.93,74937.52,75780.0,18279.93022,7135.9501953125,98.91999816894531,4545.2001953125,0.44180002212524416,144.47335815429688
2026-04-30,75780.0,76669.14,75323.65,76346.57,10381.81607,7209.009765625,98.08000183105469,4614.7001953125,0.43899998664855955,144.47335815429688
2026-05-01,76346.58,78914.12,76320.42,78231.13,17315.46502,7230.1201171875,98.20999908447266,4629.89990234375,0.4377999782562256,144.47335815429688
2026-05-02,78231.13,79199.48,78040.0,78686.85,6150.87642,7230.1201171875,98.20999908447266,4629.89990234375,0.4377999782562256,144.47335815429688
2026-05-03,78686.84,79447.0,78084.08,78568.57,7425.7929,7230.1201171875,98.20999908447266,4629.89990234375,0.4377999782562256,144.47335815429688
2026-05-04,78568.58,80776.99,78202.0,79861.01,26042.96135,7200.75,98.47000122070312,4519.5,0.4446000099182129,144.47335815429688
2026-05-05,79861.01,81791.48,79808.72,80905.52,16947.17995,7259.22021484375,98.4800033569336,4555.7998046875,0.44159998893737795,144.47335815429688
2026-05-06,80905.53,82850.0,80731.14,81447.01,18798.77396,7365.1201171875,98.0199966430664,4681.89990234375,0.43559999465942384,144.47335815429688
2026-05-07,81447.01,81708.32,79500.0,80006.0,16154.80338,7337.10986328125,98.25,4699.7998046875,0.43920001983642576,144.47335815429688
2026-05-08,80006.0,80500.0,79181.48,80193.17,16001.31009,7398.93017578125,97.83999633789062,4720.39990234375,0.4363999843597412,144.47335815429688
2026-05-09,80193.18,81080.0,80129.85,80678.4,7548.42177,7398.93017578125,97.83999633789062,4720.39990234375,0.4363999843597412,144.47335815429688
2026-05-10,80678.41,82479.32,80279.77,82210.07,12034.31882,7398.93017578125,97.83999633789062,4720.39990234375,0.4363999843597412,144.47335815429688
2026-05-11,82210.07,82380.0,80462.97,81745.65,12951.76056,7412.83984375,97.94000244140625,4718.7001953125,0.44099998474121094,144.47335815429688
2026-05-12,81745.66,81788.0,79843.59,80504.47,12386.25676,7400.9599609375,98.29000091552734,4677.60009765625,0.44629998207092286,144.47335815429688
2026-05-13,80504.47,81324.64,78754.65,79313.61,14810.05643,7444.25,98.4800033569336,4697.7001953125,0.44809999465942385,144.47335815429688
2026-05-14,79313.61,82048.13,78922.0,81089.99,19727.86807,7501.240234375,98.87999725341797,4678.10009765625,0.44609999656677246,144.47335815429688
2026-05-15,81090.0,81664.45,78659.0,79113.21,17351.27079,7408.5,99.2699966430664,4555.7998046875,0.45949997901916506,144.47335815429688
2026-05-16,79113.2,79227.77,77640.0,78148.05,12132.86192,7408.5,99.2699966430664,4555.7998046875,0.45949997901916506,144.47335815429688
2026-05-17,78148.05,78599.99,76735.16,77457.67,8442.7022,7408.5,99.2699966430664,4555.7998046875,0.45949997901916506,144.47335815429688
2026-05-18,77457.67,77800.0,76051.0,77001.87,18745.51678,7403.0498046875,98.97000122070312,4552.5,0.4623000144958496,144.47335815429688
2026-05-19,77001.88,77414.62,76144.71,76834.36,11024.85978,7353.60986328125,99.30000305175781,4506.2998046875,0.46669998168945315,144.47335815429688
2026-05-20,76834.36,77853.04,76516.74,77552.23,11296.26307,7432.97021484375,99.11000061035156,4531.2998046875,0.4572000026702881,144.47335815429688
2026-05-21,77552.24,78200.0,76719.47,77615.52,11318.25841,7445.72021484375,99.19000244140625,4539.7998046875,0.45859999656677247,144.47335815429688
2026-05-22,77615.52,77900.0,75359.18,75539.5,11272.36134,7473.47021484375,99.31999969482422,4521.0,0.4558000087738037,144.47335815429688
2026-05-23,75539.5,77404.18,74289.6,76752.01,15086.88814,7473.47021484375,99.31999969482422,4521.0,0.4558000087738037,144.47335815429688
2026-05-24,76752.0,77543.15,76108.0,77064.96,8398.00156,7473.47021484375,99.31999969482422,4521.0,0.4558000087738037,144.47335815429688
2026-05-25,77064.96,77905.52,76914.25,77322.01,7672.32197,7473.47021484375,99.31999969482422,4521.0,0.4558000087738037,144.47335815429688
2026-05-26,77322.01,78080.0,75677.97,75930.01,16953.47629,7519.1201171875,99.16999816894531,4500.39990234375,0.4493000030517578,144.47335815429688
2026-05-27,75930.01,76174.15,74243.99,74449.3,16877.77483,7520.35986328125,99.20999908447266,4447.5,0.44809999465942385,144.47335815429688
2026-05-28,74449.31,74590.77,72582.82,73617.51,21274.02026,7563.6298828125,99.0199966430664,4499.2998046875,0.44549999237060545,144.47335815429688
2026-05-29,73617.52,74514.1,72512.49,73460.78,18686.74141,7580.06005859375,98.91000366210938,4560.5,0.4453000068664551,144.47335815429688
2026-05-30,73460.78,74143.76,73216.0,73884.38,7515.40909,7580.06005859375,98.91000366210938,4560.5,0.4453000068664551,144.47335815429688
2026-05-31,73884.38,74275.66,73400.0,73674.39,6986.45707,7580.06005859375,98.91000366210938,4560.5,0.4453000068664551,144.47335815429688
2026-06-01,73674.39,74092.0,70686.68,71408.9,23921.09184,7599.9599609375,99.19999694824219,4475.2001953125,0.44749999046325684,144.47335815429688
2026-06-02,71408.9,71408.9,66193.0,66760.83,32858.19586,7609.77978515625,99.22000122070312,4489.10009765625,0.44549999237060545,144.47335815429688
2026-06-03,66760.84,67516.0,64092.49,64142.75,30138.3065,7553.68017578125,99.52999877929688,4436.7001953125,0.4491000175476074,144.47335815429688
2026-06-04,64142.75,64764.32,61383.56,63885.99,43577.17571,7584.31005859375,99.41000366210938,4475.7998046875,0.44770002365112305,144.47335815429688
2026-06-05,63885.99,63978.0,59130.91,61056.47,55027.28807,7383.740234375,100.06999969482422,4337.10009765625,0.4535999774932861,144.47335815429688
2026-06-06,61056.47,61530.05,59500.0,60884.62,19795.58877,7383.740234375,100.06999969482422,4337.10009765625,0.4535999774932861,144.47335815429688
2026-06-07,60884.62,64234.68,60746.0,63332.01,26612.10443,7383.740234375,100.06999969482422,4337.10009765625,0.4535999774932861,144.47335815429688
2026-06-08,63332.01,64200.0,62408.0,63085.99,23053.38624,7405.72998046875,100.05000305175781,4335.89990234375,0.4552000045776367,144.47335815429688
2026-06-09,63086.0,63526.01,60780.0,61730.0,21636.21959,7386.64990234375,99.91000366210938,4260.0,0.45279998779296876,144.47335815429688
2026-06-10,61730.0,62857.99,60755.0,61510.99,15998.71652,7266.990234375,99.94999694824219,4108.2001953125,0.45419998168945314,144.47335815429688
2026-06-11,61510.99,63933.02,61510.99,63625.99,17380.94642,7394.2998046875,99.86000061035156,4090.300048828125,0.44629998207092286,144.47335815429688
2026-06-12,63626.0,64394.44,62829.81,63580.01,16397.0524,7431.4599609375,99.75,4215.0,0.4486999988555908,144.47335815429688
2026-06-13,63580.0,64762.77,63418.66,64458.01,9960.74163,7431.4599609375,99.75,4215.0,0.4486999988555908,144.47335815429688
2026-06-14,64458.01,65800.0,63678.83,65746.45,13203.03375,7431.4599609375,99.75,4215.0,0.4486999988555908,144.47335815429688
2026-06-15,65746.45,67292.15,65354.0,66328.74,18559.80102,7554.2900390625,99.62999725341797,4328.0,0.4468999862670898,144.47335815429688
2026-06-16,66328.74,66992.0,65360.92,65675.01,14302.05801,7511.35009765625,99.54000091552734,4330.89990234375,0.4427999973297119,144.47335815429688
2026-06-17,65675.02,66445.93,63915.77,64509.4,19048.65409,7420.10009765625,100.08999633789062,4358.89990234375,0.44629998207092286,144.47335815429688
2026-06-18,64509.4,64806.0,62272.07,62958.01,16935.59661,7500.580078125,100.8499984741211,4224.10009765625,0.4451000213623047,144.47335815429688
2026-06-19,62958.01,63666.0,62316.44,63543.91,14247.424,7500.580078125,100.8499984741211,4224.10009765625,0.4451000213623047,144.47335815429688
2026-06-20,63543.9,64388.0,63184.21,64298.01,9522.10324,7500.580078125,100.8499984741211,4224.10009765625,0.4451000213623047,144.47335815429688
2026-06-21,64298.01,64588.0,63270.0,63311.99,8034.66333,7500.580078125,100.8499984741211,4224.10009765625,0.4451000213623047,144.47335815429688
2026-06-22,63312.0,65622.83,63312.0,64020.01,15423.10851,7472.7900390625,101.0199966430664,4181.89990234375,0.4508999824523926,144.47335815429688
2026-06-23,64020.01,64275.38,61938.0,62734.57,20222.99292,7365.4599609375,101.41000366210938,4129.89990234375,0.4493000030517578,144.47335815429688
2026-06-24,62734.57,63239.06,59102.7,61077.99,30678.28543,7358.22021484375,101.61000061035156,3990.300048828125,0.4401999950408936,144.47335815429688
2026-06-25,61078.0,61962.4,58115.01,59794.0,30386.00694,7357.490234375,101.43000030517578,4030.5,0.43920001983642576,144.47335815429688
2026-06-26,59794.64,60759.99,58337.0,60097.27,27403.55723,7354.02001953125,101.36000061035156,4078.699951171875,0.4372000217437744,144.47335815429688
2026-06-27,60097.27,60941.17,59855.16,60029.0,9587.22916,7354.02001953125,101.36000061035156,4078.699951171875,0.4372000217437744,144.47335815429688
2026-06-28,60029.01,60545.01,58905.0,59577.01,8907.13796,7354.02001953125,101.36000061035156,4078.699951171875,0.4372000217437744,144.47335815429688
2026-06-29,59577.01,60780.57,58900.01,60260.21,20203.14178,7440.43017578125,101.11000061035156,4022.300048828125,0.4374000072479248,144.47335815429688
2026-06-30,60260.2,60276.54,58201.0,58624.71,19639.82787,7499.35986328125,101.19000244140625,4022.89990234375,0.44180002212524416,144.47335815429688
2026-07-01,58624.71,61334.0,57800.19,60024.0,25093.44662,7483.22998046875,101.38999938964844,4068.300048828125,0.44749999046325684,144.47335815429688
2026-07-02,60024.0,62200.0,59588.0,61560.0,21382.14163,7483.240234375,100.86000061035156,4112.7001953125,0.4485000133514404,144.47335815429688
2026-07-03,61560.0,62979.86,61248.86,62583.26,14048.98627,7483.240234375,100.86000061035156,4112.7001953125,0.4485000133514404,144.47335815429688
2026-07-04,62583.26,63461.99,62328.24,63144.01,9139.8274,7483.240234375,100.86000061035156,4112.7001953125,0.4485000133514404,144.47335815429688
2026-07-05,63144.01,63999.0,62436.59,63650.0,9172.07758,7483.240234375,100.86000061035156,4112.7001953125,0.4485000133514404,144.47335815429688
2026-07-06,63650.01,64700.0,61306.84,64042.02,21435.28437,7537.43017578125,100.8499984741211,4155.10009765625,0.44790000915527345,144.47335815429688
2026-07-07,64042.93,64314.0,62671.39,63363.99,16834.20823,7503.85009765625,101.13999938964844,4145.2998046875,0.45289998054504393,144.47335815429688
2026-07-08,63364.0,63761.99,61544.56,62290.0,18620.09796,7482.7099609375,101.05000305175781,4070.89990234375,0.45689997673034666,144.47335815429688
2026-07-09,62290.01,63500.0,61705.29,63230.0,16742.80672,7543.64013671875,100.94000244140625,4130.60009765625,0.45390000343322756,144.47335815429688
2026-07-10,63230.01,64692.83,62926.01,64161.72,17589.00122,7575.39013671875,100.97000122070312,4104.10009765625,0.45689997673034666,144.47335815429688
2026-07-11,64161.72,64504.11,63819.0,63819.0,9151.97432,7575.39013671875,100.97000122070312,4104.10009765625,0.45689997673034666,144.47335815429688
2026-07-12,63819.01,64290.11,63640.83,63780.0,13914.83703,7575.39013671875,100.97000122070312,4104.10009765625,0.45689997673034666,144.47335815429688
2026-07-13,63780.0,64425.0,61824.97,62334.52,21682.50204,7515.33984375,101.27999877929688,3997.0,0.46090002059936525,144.47335815429688
2026-07-14,62334.52,65100.0,62272.2,65043.98,20552.41384,7543.58984375,100.94000244140625,4061.10009765625,0.45850000381469724,144.47335815429688
2026-07-15,65043.99,65600.0,64485.0,64756.28,18401.89741,7572.39990234375,100.5,4044.0,0.4545000076293945,144.47335815429688
2026-07-16,64756.28,64997.52,63748.74,63830.2,18764.52679,7533.77001953125,100.7300033569336,3985.60009765625,0.45689997673034666,144.47335815429688
2026-07-17,63830.2,64387.99,62537.56,63931.67,18189.89389,7457.68994140625,100.75,4012.699951171875,0.4540999889373779,144.47335815429688
2026-07-18,63931.67,64865.0,63886.65,64834.22,8031.18012,7457.68994140625,100.75,4012.699951171875,0.4540999889373779,144.47335815429688
2026-07-19,64834.21,64967.25,64280.0,64722.54,8379.91474,7457.68994140625,100.75,4012.699951171875,0.4540999889373779,144.47335815429688
2026-07-20,64722.55,65799.0,63100.0,65255.51,21323.48702,7443.27978515625,100.98999786376953,4010.300048828125,0.45980000495910645,144.47335815429688
2026-07-21,65255.51,66956.15,65148.75,66556.16,18618.28087,7509.2001953125,101.18000030517578,4071.10009765625,0.4627999782562256,144.47335815429688
2026-07-22,66556.15,66739.89,65553.67,66114.49,18074.86602,7498.9599609375,101.13999938964844,4146.89990234375,0.46570000648498533,144.47335815429688
2026-07-23,66114.5,66313.14,64650.0,65098.97,14698.22673,7408.2998046875,101.43000030517578,4046.60009765625,0.47030000686645507,144.47335815429688
2026-07-24,65098.98,65808.59,63739.75,64139.99,16821.2718,7411.97998046875,101.47000122070312,4067.60009765625,0.4678999900817871,144.47335815429688
2026-07-25,64140.0,64475.28,63810.0,64375.0,8863.0503,7411.97998046875,101.47000122070312,4067.60009765625,0.4678999900817871,144.47335815429688
2026-07-26,64375.01,65577.0,64293.81,65399.99,7933.06089,7411.97998046875,101.47000122070312,4067.60009765625,0.4678999900817871,144.47335815429688
2026-07-27,65400.0,65744.6,63605.56,63755.86,14791.90543,7413.18017578125,101.51000213623047,4074.5,0.46409997940063474,144.47335815429688
2026-07-28,63755.86,64100.0,62742.47,63915.0,13889.82996,7428.77978515625,101.37999725341797,4036.300048828125,0.46040000915527346,144.47335815429688
2026-07-29,63915.0,64744.81,63267.34,63984.28,16780.11912,7316.14990234375,100.80000305175781,4034.699951171875,0.4622000217437744,144.47335815429688
2026-07-30,63984.29,65176.6,63603.92,64780.02,17131.58486,7437.6298828125,100.01000213623047,4100.10009765625,0.46630001068115234,144.47335815429688
2026-07-31,64780.03,65409.56,62466.0,62887.88,20475.60686,7489.72021484375,99.80000305175781,4049.10009765625,0.4744999885559082,144.47335815429688
2026-08-01,62887.88,63150.0,62275.0,62823.64,7563.08904,7489.72021484375,99.80000305175781,4049.10009765625,0.4744999885559082,144.47335815429688
2026-08-02,62823.65,63796.33,62806.58,63570.0,8387.01154,7489.72021484375,99.80000305175781,4049.10009765625,0.4744999885559082,144.47335815429688
2026-08-03,63570.01,64080.0,62300.0,63520.0,15543.29743,7600.5,99.95999908447266,4033.699951171875,0.4685999870300293,144.47335815429688
2026-08-04,63520.0,64549.16,63322.01,64106.56,13690.47909,7736.52001953125,99.88999938964844,4095.39990234375,0.46269998550415037,144.47335815429688
2026-08-05,64106.55,65025.22,63880.0,64665.23,12742.85528,7723.5498046875,99.69000244140625,4245.7998046875,0.4617000102996826,144.47335815429688
2026-08-06,64665.24,64999.0,64172.0,64323.61,9864.43284,7709.9599609375,99.97000122070312,4242.0,0.46700000762939453,144.47335815429688
2026-08-07,64323.61,65390.99,64166.0,64923.19,11807.40403,7757.64013671875,99.5999984741211,4340.7001953125,0.46599998474121096,144.47335815429688
2026-08-08,64923.2,65192.54,64784.19,64962.6,5760.14298,7757.64013671875,99.5999984741211,4340.7001953125,0.46599998474121096,144.47335815429688
2026-08-09,64962.6,65474.46,64730.08,64901.59,7031.23606,7757.64013671875,99.5999984741211,4340.7001953125,0.46599998474121096,144.47335815429688
2026-08-10,64901.59,65391.14,63806.27,63970.01,13638.40877,7753.10986328125,99.80999755859375,4361.7998046875,0.46989998817443845,144.47335815429688
2026-08-11,63970.01,64515.43,63238.0,63600.0,12891.63248,7728.2001953125,99.81999969482422,4383.0,0.4684000015258789,144.47335815429688
2026-08-12,63600.01,64500.0,63310.34,63479.99,13627.06822,7748.5,100.01000213623047,4408.89990234375,0.4682000160217285,144.47335815429688
2026-08-13,63479.99,64010.0,62802.27,63490.86,10793.85853,7798.990234375,99.95999908447266,4363.60009765625,0.46409997940063474,144.47335815429688
2026-08-14,63490.86,63617.45,62535.24,63043.56,12340.82899,7785.759765625,99.66999816894531,4380.39990234375,0.4696000099182129,144.47335815429688
2026-08-15,63043.56,63187.98,62920.0,63086.01,5405.16038,7785.759765625,99.66999816894531,4380.39990234375,0.4696000099182129,144.47335815429688
2026-08-16,63086.01,63390.0,62716.0,62900.0,4737.23135,7785.759765625,99.66999816894531,4380.39990234375,0.4696000099182129,144.47335815429688
2026-08-17,62900.0,64610.01,62751.1,64532.1,14255.64713,7745.06005859375,99.63999938964844,4417.7998046875,0.47239999771118163,144.47335815429688
2026-08-18,64532.11,65058.81,64027.85,64725.42,11789.91312,7691.759765625,99.6500015258789,4366.0,0.47059998512268064,144.47335815429688
2026-08-19,64725.42,70000.0,64166.0,69334.79,29054.29976,7707.97998046875,98.83000183105469,4489.39990234375,0.46529998779296877,144.47335815429688
2026-08-20,69334.78,73400.0,68902.22,73025.15,35904.79287,7641.16015625,98.9000015258789,4516.2998046875,0.4696000099182129,144.47335815429688
2026-08-21,73027.02,79500.0,73027.02,78338.03,44339.56568,7674.3701171875,98.80000305175781,4680.60009765625,0.473799991607666,144.47335815429688
2026-08-22,78338.03,78828.15,76500.0,77074.93,18524.50847,7674.3701171875,98.80000305175781,4680.60009765625,0.473799991607666,144.47335815429688
2026-08-23,77074.94,77400.0,75545.67,76538.0,6890.98048,7674.3701171875,98.80000305175781,4680.60009765625,0.473799991607666,144.47335815429688
