,open,high,low,close,volume,sp500_close,dxy,gold,treasury_10y,gpr
2022-08-25,1657.3365478515625,1718.1832275390625,1656.8560791015625,1696.45703125,14818795695.0,4199.1201171875,108.47000122070312,1757.699951171875,0.30260000228881834,165.19366455078125
2022-08-26,1696.3245849609375,1698.56103515625,1498.771240234375,1507.7828369140625,26713710143.0,4057.659912109375,108.80000305175781,1736.0999755859375,0.30350000858306886,165.19366455078125
2022-08-27,1508.156982421875,1517.1500244140625,1454.282958984375,1491.39501953125,18120831899.0,4057.659912109375,108.80000305175781,1736.0999755859375,0.30350000858306886,165.19366455078125
2022-08-28,1491.206787109375,1505.7919921875,1430.54736328125,1430.54736328125,12823572918.0,4057.659912109375,108.80000305175781,1736.0999755859375,0.30350000858306886,165.19366455078125
2022-08-29,1430.439453125,1556.3095703125,1427.7283935546875,1553.037353515625,17965837488.0,4030.610107421875,108.83999633789062,1736.5999755859375,0.3109999895095825,165.19366455078125
2022-08-30,1553.18896484375,1600.461181640625,1480.831787109375,1523.8388671875,21835784470.0,3986.159912109375,108.7699966430664,1723.199951171875,0.3109999895095825,165.19366455078125
2022-08-31,1524.2864990234375,1612.35888671875,1524.2864990234375,1553.6849365234375,20591680941.0,3955.0,108.69999694824219,1712.800048828125,0.31329998970031736,165.19366455078125
2022-09-01,1553.75634765625,1593.082763671875,1520.1883544921875,1586.1767578125,16434276817.0,3966.85009765625,109.69000244140625,1696.5999755859375,0.3265000104904175,165.19366455078125
2022-09-02,1586.0179443359375,1643.1832275390625,1551.8779296875,1577.220458984375,17708478709.0,3924.260009765625,109.52999877929688,1709.800048828125,0.3193000078201294,165.19366455078125
2022-09-03,1577.2137451171875,1579.454345703125,1541.672119140625,1556.8726806640625,9516825994.0,3924.260009765625,109.52999877929688,1709.800048828125,0.3193000078201294,165.19366455078125
2022-09-04,1556.8958740234375,1578.00927734375,1543.6988525390625,1577.6416015625,8884144998.0,3924.260009765625,109.52999877929688,1709.800048828125,0.3193000078201294,165.19366455078125
2022-09-05,1577.884033203125,1621.661376953125,1559.7818603515625,1617.1832275390625,13060541168.0,3924.260009765625,109.52999877929688,1709.800048828125,0.3193000078201294,165.19366455078125
2022-09-06,1617.240234375,1680.5953369140625,1561.74853515625,1561.74853515625,22946059125.0,3908.18994140625,110.20999908447266,1700.4000244140625,0.33399999141693115,165.19366455078125
2022-09-07,1560.90673828125,1651.0511474609375,1500.013671875,1629.9063720703125,19560363854.0,3979.8701171875,109.83999633789062,1715.300048828125,0.3265000104904175,165.19366455078125
2022-09-08,1629.80517578125,1655.0640869140625,1603.0638427734375,1635.34765625,17621046717.0,4006.179931640625,109.70999908447266,1708.0,0.329200005531311,165.19366455078125
2022-09-09,1635.187744140625,1735.809814453125,1632.8365478515625,1719.08544921875,20242323690.0,4067.360107421875,109.0,1716.199951171875,0.33210000991821287,165.19366455078125
2022-09-10,1718.9613037109375,1784.497802734375,1710.2969970703125,1776.2037353515625,13130928217.0,4067.360107421875,109.0,1716.199951171875,0.33210000991821287,165.19366455078125
2022-09-11,1775.97607421875,1782.7298583984375,1730.164794921875,1761.800048828125,12464301922.0,4067.360107421875,109.0,1716.199951171875,0.33210000991821287,165.19366455078125
2022-09-12,1762.0848388671875,1778.1634521484375,1698.29345703125,1713.7652587890625,17688391310.0,4110.41015625,108.33000183105469,1728.0999755859375,0.3361999988555908,165.19366455078125
2022-09-13,1713.9625244140625,1745.779052734375,1564.0318603515625,1580.7879638671875,23066821734.0,3932.68994140625,109.81999969482422,1705.0,0.34219999313354493,165.19366455078125
2022-09-14,1574.858154296875,1642.1572265625,1564.0318603515625,1634.7550048828125,17897150206.0,3946.010009765625,109.66000366210938,1696.5,0.34119999408721924,165.19366455078125
2022-09-15,1635.0830078125,1648.9456787109375,1466.139404296875,1471.6934814453125,26946275878.0,3901.35009765625,109.73999786376953,1665.4000244140625,0.3459000110626221,165.19366455078125
2022-09-16,1471.9283447265625,1480.564208984375,1415.581298828125,1432.44775390625,16764804299.0,3873.330078125,109.76000213623047,1671.699951171875,0.3447999954223633,165.19366455078125
2022-09-17,1432.87646484375,1473.0604248046875,1415.0423583984375,1469.74169921875,10798098671.0,3873.330078125,109.76000213623047,1671.699951171875,0.3447999954223633,165.19366455078125
2022-09-18,1469.7054443359375,1469.7054443359375,1331.4947509765625,1335.3291015625,15762284723.0,3873.330078125,109.76000213623047,1671.699951171875,0.3447999954223633,165.19366455078125
2022-09-19,1335.270751953125,1388.272216796875,1287.4208984375,1377.5413818359375,18712714223.0,3899.889892578125,109.73999786376953,1666.199951171875,0.34900000095367434,165.19366455078125
2022-09-20,1377.6190185546875,1381.9656982421875,1319.201416015625,1324.38818359375,14722317220.0,3855.929931640625,110.22000122070312,1659.699951171875,0.3571000099182129,165.19366455078125
2022-09-21,1324.215576171875,1384.4769287109375,1229.4267578125,1252.6077880859375,20643507800.0,3789.929931640625,110.63999938964844,1664.5999755859375,0.3509999990463257,165.19366455078125
2022-09-22,1251.5673828125,1336.1578369140625,1240.96826171875,1327.68017578125,18461527259.0,3757.989990234375,111.3499984741211,1670.800048828125,0.37079999446868894,165.19366455078125
2022-09-23,1327.481201171875,1353.288330078125,1270.1983642578125,1328.259521484375,18771106339.0,3693.22998046875,113.19000244140625,1645.300048828125,0.3697000026702881,165.19366455078125
2022-09-24,1328.24462890625,1346.2552490234375,1312.6402587890625,1317.9932861328125,12098209717.0,3693.22998046875,113.19000244140625,1645.300048828125,0.3697000026702881,165.19366455078125
2022-09-25,1317.9384765625,1333.371337890625,1275.627685546875,1294.216796875,11802651633.0,3693.22998046875,113.19000244140625,1645.300048828125,0.3697000026702881,165.19366455078125
2022-09-26,1294.3861083984375,1335.5263671875,1282.04931640625,1335.3201904296875,16034549271.0,3655.0400390625,114.0999984741211,1623.300048828125,0.3878000020980835,165.19366455078125
2022-09-27,1335.3370361328125,1396.8914794921875,1308.991455078125,1330.127685546875,17870598937.0,3647.2900390625,114.11000061035156,1626.699951171875,0.396399998664856,165.19366455078125
2022-09-28,1329.5413818359375,1351.9644775390625,1267.8692626953125,1337.410888671875,18994979566.0,3719.0400390625,112.5999984741211,1660.4000244140625,0.3704999923706055,165.19366455078125
2022-09-29,1337.554443359375,1348.107666015625,1293.193359375,1335.65234375,13796915736.0,3640.469970703125,112.25,1658.5,0.3746999979019165,165.19366455078125
2022-09-30,1335.646484375,1368.743408203125,1320.3831787109375,1327.9786376953125,14250100093.0,3585.6201171875,112.12000274658203,1662.4000244140625,0.3803999900817871,165.19366455078125
2022-10-01,1328.1937255859375,1332.5164794921875,1306.1025390625,1311.6444091796875,6227961237.0,3585.6201171875,112.12000274658203,1662.4000244140625,0.3803999900817871,165.19366455078125
2022-10-02,1311.75341796875,1316.330078125,1275.3360595703125,1276.093505859375,7578351650.0,3585.6201171875,112.12000274658203,1662.4000244140625,0.3803999900817871,165.19366455078125
2022-10-03,1276.1634521484375,1326.554443359375,1271.15087890625,1323.439208984375,10153070907.0,3678.429931640625,111.75,1692.9000244140625,0.36510000228881834,165.19366455078125
2022-10-04,1323.2783203125,1364.970947265625,1320.07666015625,1362.1265869140625,10139774963.0,3790.929931640625,110.06999969482422,1721.0999755859375,0.36170001029968263,165.19366455078125
2022-10-05,1361.972900390625,1362.4517822265625,1320.8551025390625,1352.837158203125,9774451820.0,3783.280029296875,111.06999969482422,1711.4000244140625,0.37590000629425047,165.19366455078125
2022-10-06,1352.806640625,1380.4049072265625,1349.449951171875,1351.70947265625,12033514861.0,3744.52001953125,112.26000213623047,1711.699951171875,0.38259999752044677,165.19366455078125
2022-10-07,1351.83642578125,1359.328125,1321.74609375,1332.5169677734375,10061619355.0,3639.659912109375,112.80000305175781,1700.5,0.38829998970031737,165.19366455078125
2022-10-08,1332.371337890625,1335.954833984375,1307.072998046875,1315.50048828125,5804676208.0,3639.659912109375,112.80000305175781,1700.5,0.38829998970031737,165.19366455078125
2022-10-09,1315.460205078125,1327.6688232421875,1309.3446044921875,1322.604248046875,5486230123.0,3639.659912109375,112.80000305175781,1700.5,0.38829998970031737,165.19366455078125
2022-10-10,1322.61865234375,1335.6627197265625,1291.337646484375,1291.337646484375,8794491050.0,3612.389892578125,113.13999938964844,1667.300048828125,0.38880000114440916,165.19366455078125
2022-10-11,1291.109619140625,1296.27392578125,1272.7376708984375,1279.57568359375,9274845260.0,3588.840087890625,113.22000122070312,1678.699951171875,0.3938999891281128,165.19366455078125
2022-10-12,1279.7322998046875,1303.0751953125,1277.5274658203125,1294.9063720703125,8355638578.0,3577.030029296875,113.31999969482422,1670.300048828125,0.39019999504089353,165.19366455078125
2022-10-13,1294.9173583984375,1297.564208984375,1209.2781982421875,1288.1239013671875,17499038202.0,3669.909912109375,112.36000061035156,1670.0,0.39519999027252195,165.19366455078125
2022-10-14,1288.0487060546875,1339.7447509765625,1285.3782958984375,1297.422119140625,13113767755.0,3583.070068359375,113.30999755859375,1641.699951171875,0.4010000228881836,165.19366455078125
2022-10-15,1297.305908203125,1300.7459716796875,1268.468505859375,1274.8717041015625,6798512624.0,3583.070068359375,113.30999755859375,1641.699951171875,0.4010000228881836,165.19366455078125
2022-10-16,1275.0054931640625,1312.634521484375,1275.0054931640625,1306.296630859375,7491625206.0,3583.070068359375,113.30999755859375,1641.699951171875,0.4010000228881836,165.19366455078125
2022-10-17,1306.3095703125,1335.6478271484375,1297.447265625,1331.713623046875,9401189650.0,3677.949951171875,112.04000091552734,1657.0,0.40149998664855957,165.19366455078125
2022-10-18,1331.669921875,1339.0859375,1291.66064453125,1310.447021484375,10416747806.0,3719.97998046875,112.12999725341797,1649.0,0.3997999906539917,165.19366455078125
2022-10-19,1310.5631103515625,1312.4423828125,1283.96533203125,1285.7442626953125,8350692785.0,3695.159912109375,112.9800033569336,1627.5,0.4126999855041504,165.19366455078125
2022-10-20,1285.6602783203125,1307.8551025390625,1275.323974609375,1283.200927734375,9009111996.0,3665.780029296875,112.87999725341797,1630.800048828125,0.42259998321533204,165.19366455078125
2022-10-21,1283.1881103515625,1305.081298828125,1260.666748046875,1299.9464111328125,10412565245.0,3752.75,112.01000213623047,1651.0,0.42129998207092284,165.19366455078125
2022-10-22,1299.90234375,1317.10107421875,1295.9468994140625,1314.2991943359375,7175324564.0,3752.75,112.01000213623047,1651.0,0.42129998207092284,165.19366455078125
2022-10-23,1314.24951171875,1367.7607421875,1302.9088134765625,1363.447021484375,9909510925.0,3752.75,112.01000213623047,1651.0,0.42129998207092284,165.19366455078125
2022-10-24,1363.4918212890625,1368.425537109375,1327.85400390625,1344.99853515625,13092820173.0,3797.340087890625,111.98999786376953,1648.699951171875,0.4234000205993652,165.19366455078125
2022-10-25,1344.7113037109375,1509.9854736328125,1336.9788818359375,1461.6654052734375,25367291294.0,3859.110107421875,110.94999694824219,1652.800048828125,0.4107999801635742,165.19366455078125
2022-10-26,1461.1331787109375,1584.63671875,1460.4287109375,1566.566650390625,32705548427.0,3830.60009765625,109.69999694824219,1664.0,0.40149998664855957,165.19366455078125
2022-10-27,1566.8414306640625,1574.4034423828125,1510.8167724609375,1514.3748779296875,22813499245.0,3807.300048828125,110.58999633789062,1660.699951171875,0.3937000036239624,165.19366455078125
2022-10-28,1514.3231201171875,1568.6339111328125,1493.87109375,1555.4779052734375,19974623205.0,3901.06005859375,110.66999816894531,1639.5999755859375,0.4010000228881836,165.19366455078125
2022-10-29,1555.274658203125,1652.3822021484375,1549.983642578125,1619.698486328125,21618154775.0,3901.06005859375,110.66999816894531,1639.5999755859375,0.4010000228881836,165.19366455078125
2022-10-30,1619.6978759765625,1637.037841796875,1579.4852294921875,1590.7833251953125,13930073427.0,3901.06005859375,110.66999816894531,1639.5999755859375,0.4010000228881836,165.19366455078125
2022-10-31,1590.4813232421875,1630.452880859375,1555.9189453125,1572.7144775390625,19306919714.0,3871.97998046875,111.52999877929688,1635.9000244140625,0.4077000141143799,165.19366455078125
2022-11-01,1572.6453857421875,1606.605712890625,1568.0985107421875,1579.70458984375,14507311208.0,3856.10009765625,111.4800033569336,1645.0,0.4052000045776367,165.19366455078125
2022-11-02,1579.4979248046875,1613.41064453125,1507.2447509765625,1519.7117919921875,23254218281.0,3759.68994140625,111.3499984741211,1645.699951171875,0.4059000015258789,165.19366455078125
2022-11-03,1519.724853515625,1556.7596435546875,1517.1016845703125,1531.541748046875,14248351007.0,3719.889892578125,112.93000030517578,1627.300048828125,0.4124000072479248,165.19366455078125
2022-11-04,1531.3975830078125,1661.334716796875,1529.2684326171875,1645.0933837890625,20806964347.0,3770.550048828125,110.87999725341797,1672.5,0.41560001373291017,165.19366455078125
2022-11-05,1645.156494140625,1660.4864501953125,1625.9642333984375,1627.968017578125,11006973190.0,3770.550048828125,110.87999725341797,1672.5,0.41560001373291017,165.19366455078125
2022-11-06,1627.901123046875,1634.1324462890625,1572.2347412109375,1572.2347412109375,11632744705.0,3770.550048828125,110.87999725341797,1672.5,0.41560001373291017,165.19366455078125
2022-11-07,1572.0169677734375,1604.475341796875,1550.41552734375,1568.59130859375,15279963349.0,3806.800048828125,110.12000274658203,1676.5,0.4214000225067139,165.19366455078125
2022-11-08,1568.32958984375,1574.7998046875,1259.443115234375,1332.8355712890625,42048003440.0,3828.110107421875,109.62000274658203,1712.0999755859375,0.4125999927520752,165.19366455078125
2022-11-09,1333.1224365234375,1335.7435302734375,1083.28564453125,1100.1697998046875,38864492427.0,3748.570068359375,110.55000305175781,1710.0999755859375,0.4151000022888184,165.19366455078125
2022-11-10,1100.107177734375,1341.7911376953125,1093.12255859375,1299.464599609375,28581002122.0,3956.3701171875,108.20999908447266,1750.300048828125,0.3828999996185303,165.19366455078125
2022-11-11,1298.8824462890625,1302.2952880859375,1211.32958984375,1287.2210693359375,20920539099.0,3992.929931640625,106.29000091552734,1766.0,0.3812999963760376,165.19366455078125
2022-11-12,1287.4383544921875,1288.15087890625,1242.1522216796875,1255.268310546875,10964962767.0,3992.929931640625,106.29000091552734,1766.0,0.3812999963760376,165.19366455078125
2022-11-13,1255.4412841796875,1271.7125244140625,1208.52099609375,1221.8192138671875,10717455214.0,3992.929931640625,106.29000091552734,1766.0,0.3812999963760376,165.19366455078125
2022-11-14,1221.8955078125,1284.2176513671875,1178.4290771484375,1241.604248046875,15028035663.0,3957.25,106.66000366210938,1773.5999755859375,0.3865000009536743,165.19366455078125
2022-11-15,1241.677734375,1283.19873046875,1238.688232421875,1251.7362060546875,11798011594.0,3991.72998046875,106.4000015258789,1773.800048828125,0.37990000247955324,165.19366455078125
2022-11-16,1251.808837890625,1264.486328125,1192.98779296875,1215.6025390625,11939561598.0,3958.7900390625,106.27999877929688,1773.0,0.3691999912261963,165.19366455078125
2022-11-17,1215.8486328125,1224.9656982421875,1189.1527099609375,1200.80859375,9723646871.0,3946.56005859375,106.69000244140625,1760.800048828125,0.3775000095367432,165.19366455078125
2022-11-18,1200.8021240234375,1226.7374267578125,1200.8021240234375,1212.30029296875,7979913378.0,3965.340087890625,106.93000030517578,1751.9000244140625,0.3818000078201294,165.19366455078125
2022-11-19,1212.2154541015625,1227.8372802734375,1200.4755859375,1218.4267578125,5978745776.0,3965.340087890625,106.93000030517578,1751.9000244140625,0.3818000078201294,165.19366455078125
2022-11-20,1218.436279296875,1224.0777587890625,1137.9332275390625,1142.4666748046875,9651002684.0,3965.340087890625,106.93000030517578,1751.9000244140625,0.3818000078201294,165.19366455078125
2022-11-21,1142.395751953125,1142.395751953125,1084.8572998046875,1108.35302734375,14080099208.0,3949.93994140625,107.83999633789062,1737.4000244140625,0.3825000047683716,165.19366455078125
2022-11-22,1107.89599609375,1136.442626953125,1081.13818359375,1135.1734619140625,12040670755.0,4003.580078125,107.22000122070312,1738.300048828125,0.37579998970031736,165.19366455078125
2022-11-23,1135.4215087890625,1184.997314453125,1130.0228271484375,1183.1995849609375,11242676044.0,4027.260009765625,106.08000183105469,1744.9000244140625,0.3706000089645386,165.19366455078125
2022-11-24,1183.3450927734375,1211.62744140625,1180.3797607421875,1203.983154296875,9706372376.0,4027.260009765625,106.08000183105469,1744.9000244140625,0.3706000089645386,165.19366455078125
2022-11-25,1203.7994384765625,1203.7994384765625,1174.8233642578125,1198.9259033203125,5483308196.0,4026.1201171875,105.95999908447266,1753.300048828125,0.3690999984741211,165.19366455078125
2022-11-26,1198.79052734375,1227.0380859375,1198.097900390625,1205.89794921875,5074160558.0,4026.1201171875,105.95999908447266,1753.300048828125,0.3690999984741211,165.19366455078125
2022-11-27,1205.9052734375,1220.3494873046875,1195.0390625,1195.126953125,4486976868.0,4026.1201171875,105.95999908447266,1753.300048828125,0.3690999984741211,165.19366455078125
2022-11-28,1194.9603271484375,1198.7376708984375,1156.0625,1170.086181640625,7275411870.0,3963.93994140625,106.68000030517578,1740.0999755859375,0.3703000068664551,165.19366455078125
2022-11-29,1169.8743896484375,1222.1641845703125,1163.4775390625,1216.9012451171875,7639405818.0,3957.6298828125,106.81999969482422,1748.4000244140625,0.3747999906539917,165.19366455078125
2022-11-30,1216.9287109375,1302.0386962890625,1215.4979248046875,1295.6885986328125,9836925304.0,4080.110107421875,105.94999694824219,1746.0,0.3703000068664551,165.19366455078125
2022-12-01,1295.76953125,1295.9998779296875,1267.70849609375,1276.27392578125,6857935276.0,4076.570068359375,104.7300033569336,1801.0999755859375,0.35290000438690183,165.19366455078125
2022-12-02,1276.32861328125,1294.3033447265625,1269.2431640625,1294.3033447265625,6213645709.0,4071.699951171875,104.55000305175781,1795.9000244140625,0.350600004196167,165.19366455078125
2022-12-03,1294.45654296875,1299.84033203125,1241.431884765625,1243.3348388671875,5672609405.0,4071.699951171875,104.55000305175781,1795.9000244140625,0.350600004196167,165.19366455078125
2022-12-04,1243.21923828125,1281.4923095703125,1242.9117431640625,1280.256591796875,5174128454.0,4071.699951171875,104.55000305175781,1795.9000244140625,0.350600004196167,165.19366455078125
2022-12-05,1279.9989013671875,1302.237548828125,1252.472412109375,1259.6767578125,6120359523.0,3998.840087890625,105.29000091552734,1767.4000244140625,0.35989999771118164,165.19366455078125
2022-12-06,1259.854248046875,1271.9232177734375,1247.6298828125,1271.65380859375,5089212680.0,3941.260009765625,105.58000183105469,1769.300048828125,0.3513000011444092,165.19366455078125
2022-12-07,1271.5531005859375,1272.694091796875,1224.447998046875,1232.4375,5752205180.0,3933.919921875,105.0999984741211,1785.5,0.34079999923706056,165.19366455078125
2022-12-08,1232.4517822265625,1286.229736328125,1226.3585205078125,1281.1163330078125,6227269815.0,3963.510009765625,104.7699966430664,1788.699951171875,0.3490999937057495,165.19366455078125
2022-12-09,1281.0772705078125,1290.055419921875,1260.8187255859375,1264.2847900390625,5706183865.0,3934.3798828125,104.80999755859375,1798.0999755859375,0.3566999912261963,165.19366455078125
2022-12-10,1264.37548828125,1279.5279541015625,1262.119873046875,1266.3841552734375,3282499999.0,3934.3798828125,104.80999755859375,1798.0999755859375,0.3566999912261963,165.19366455078125
2022-12-11,1266.4178466796875,1281.783203125,1260.6636962890625,1263.8685302734375,3362005848.0,3934.3798828125,104.80999755859375,1798.0999755859375,0.3566999912261963,165.19366455078125
2022-12-12,1263.573486328125,1275.6103515625,1243.477783203125,1274.6190185546875,5151109364.0,3990.56005859375,105.12999725341797,1780.5,0.3611000061035156,165.19366455078125
2022-12-13,1274.6624755859375,1341.4393310546875,1258.472412109375,1320.5491943359375,8812883119.0,4019.64990234375,103.9800033569336,1813.9000244140625,0.3500999927520752,165.19366455078125
2022-12-14,1320.6885986328125,1346.1744384765625,1305.8333740234375,1309.3287353515625,7830915428.0,3995.320068359375,103.7699966430664,1807.5,0.3503000020980835,165.19366455078125
2022-12-15,1309.1907958984375,1311.067138671875,1262.6893310546875,1266.3538818359375,6032859783.0,3895.75,104.55999755859375,1777.199951171875,0.34500000476837156,165.19366455078125
2022-12-16,1266.4605712890625,1278.156982421875,1162.1756591796875,1168.2593994140625,9297811507.0,3852.360107421875,104.69999694824219,1790.0,0.3482000112533569,165.19366455078125
2022-12-17,1168.0667724609375,1189.0450439453125,1165.4078369140625,1188.1495361328125,5077258586.0,3852.360107421875,104.69999694824219,1790.0,0.3482000112533569,165.19366455078125
2022-12-18,1188.1285400390625,1194.2144775390625,1176.185791015625,1184.7152099609375,3350092519.0,3852.360107421875,104.69999694824219,1790.0,0.3482000112533569,165.19366455078125
2022-12-19,1184.75830078125,1192.923828125,1160.377197265625,1167.60986328125,4943628091.0,3817.659912109375,104.72000122070312,1787.699951171875,0.3581000089645386,165.19366455078125
2022-12-20,1167.8826904296875,1224.0926513671875,1165.5994873046875,1217.70361328125,6684951715.0,3821.6201171875,103.97000122070312,1815.9000244140625,0.36840000152587893,165.19366455078125
2022-12-21,1217.58642578125,1218.1922607421875,1206.4400634765625,1213.5999755859375,4217182733.0,3878.43994140625,104.16000366210938,1815.9000244140625,0.36840000152587893,165.19366455078125
2022-12-22,1213.672607421875,1221.98681640625,1187.1278076171875,1218.18212890625,5297471739.0,3822.389892578125,104.43000030517578,1787.0,0.36689999103546145,165.19366455078125
2022-12-23,1218.079345703125,1226.998779296875,1215.994873046875,1220.159423828125,4835831923.0,3844.820068359375,104.30999755859375,1795.9000244140625,0.3750999927520752,165.19366455078125
2022-12-24,1220.117919921875,1224.91162109375,1216.3387451171875,1221.1485595703125,2626153345.0,3844.820068359375,104.30999755859375,1795.9000244140625,0.3750999927520752,165.19366455078125
2022-12-25,1221.1715087890625,1223.517822265625,1203.7196044921875,1218.9620361328125,3942720070.0,3844.820068359375,104.30999755859375,1795.9000244140625,0.3750999927520752,165.19366455078125
2022-12-26,1218.920166015625,1226.974365234375,1214.3359375,1226.974365234375,3282098400.0,3844.820068359375,104.30999755859375,1795.9000244140625,0.3750999927520752,165.19366455078125
2022-12-27,1226.987060546875,1230.4180908203125,1205.8956298828125,1212.7916259765625,4091530737.0,3829.25,104.18000030517578,1814.800048828125,0.38599998950958253,165.19366455078125
2022-12-28,1212.736572265625,1213.12890625,1185.7021484375,1189.986083984375,4991669631.0,3783.219970703125,104.45999908447266,1807.9000244140625,0.388700008392334,165.19366455078125
2022-12-29,1190.0101318359375,1204.1416015625,1188.3602294921875,1201.5953369140625,4132233940.0,3849.280029296875,103.83999633789062,1819.5,0.3835000038146973,165.19366455078125
2022-12-30,1201.569580078125,1202.03466796875,1187.4625244140625,1199.2327880859375,4055668253.0,3839.5,103.5199966430664,1819.699951171875,0.3878999948501587,165.19366455078125
2022-12-31,1199.360107421875,1205.088623046875,1194.2037353515625,1196.771240234375,3018513333.0,3839.5,103.5199966430664,1819.699951171875,0.3878999948501587,165.19366455078125
2023-01-01,1196.713623046875,1203.475341796875,1192.8853759765625,1200.96484375,2399674550.0,3839.5,103.5199966430664,1819.699951171875,0.3878999948501587,165.19366455078125
2023-01-02,1201.103271484375,1219.860595703125,1195.2149658203125,1214.6566162109375,3765758498.0,3839.5,103.5199966430664,1819.699951171875,0.3878999948501587,165.19366455078125
2023-01-03,1214.7440185546875,1219.0953369140625,1207.4915771484375,1214.77880859375,3392972131.0,3824.139892578125,104.5199966430664,1839.699951171875,0.37929999828338623,165.19366455078125
2023-01-04,1214.7186279296875,1264.8074951171875,1213.1688232421875,1256.526611328125,6404416893.0,3852.969970703125,104.25,1852.800048828125,0.37090001106262205,165.19366455078125
2023-01-05,1256.484619140625,1258.571533203125,1245.173095703125,1250.4385986328125,4001786456.0,3808.10009765625,105.04000091552734,1834.800048828125,0.37200000286102297,165.19366455078125
2023-01-06,1250.458984375,1273.2203369140625,1240.947509765625,1269.3790283203125,4977252792.0,3895.080078125,103.87999725341797,1864.199951171875,0.3569000005722046,165.19366455078125
2023-01-07,1269.4197998046875,1270.5982666015625,1262.2711181640625,1264.2703857421875,2565213548.0,3895.080078125,103.87999725341797,1864.199951171875,0.3569000005722046,165.19366455078125
2023-01-08,1264.181884765625,1287.3594970703125,1260.226806640625,1287.3594970703125,3495088905.0,3895.080078125,103.87999725341797,1864.199951171875,0.3569000005722046,165.19366455078125
2023-01-09,1287.4508056640625,1342.1441650390625,1286.6807861328125,1321.5389404296875,7990438824.0,3892.090087890625,103.0,1872.699951171875,0.35169999599456786,165.19366455078125
2023-01-10,1321.3955078125,1342.7572021484375,1318.5272216796875,1336.5860595703125,5830173253.0,3919.25,103.23999786376953,1871.5999755859375,0.3621000051498413,165.19366455078125
2023-01-11,1336.48681640625,1387.9327392578125,1323.5831298828125,1387.9327392578125,6314904311.0,3969.610107421875,103.19000244140625,1874.5999755859375,0.35539999008178713,165.19366455078125
2023-01-12,1405.3514404296875,1432.28125,1378.422119140625,1417.9384765625,12230193038.0,3983.169921875,102.25,1895.5,0.34489998817443845,165.19366455078125
2023-01-13,1417.9461669921875,1461.6727294921875,1404.02392578125,1451.6148681640625,7684148212.0,3999.090087890625,102.19999694824219,1918.4000244140625,0.3510999917984009,165.19366455078125
2023-01-14,1451.428466796875,1563.7391357421875,1450.9884033203125,1550.7069091796875,15444626014.0,3999.090087890625,102.19999694824219,1918.4000244140625,0.3510999917984009,165.19366455078125
2023-01-15,1550.7315673828125,1556.9508056640625,1520.893798828125,1552.4794921875,6774614499.0,3999.090087890625,102.19999694824219,1918.4000244140625,0.3510999917984009,165.19366455078125
2023-01-16,1552.519287109375,1594.039794921875,1529.5736083984375,1576.83349609375,8454485431.0,3999.090087890625,102.19999694824219,1918.4000244140625,0.3510999917984009,165.19366455078125
2023-01-17,1577.107421875,1594.0009765625,1553.3359375,1567.8460693359375,7599462786.0,3990.969970703125,102.38999938964844,1907.199951171875,0.35350000858306885,165.19366455078125
2023-01-18,1567.698974609375,1602.106689453125,1509.4228515625,1515.5069580078125,10354880595.0,3928.860107421875,102.36000061035156,1904.4000244140625,0.3375,165.19366455078125
2023-01-19,1515.2496337890625,1557.9703369140625,1514.3800048828125,1552.5565185546875,6432638856.0,3898.85009765625,102.05999755859375,1922.0999755859375,0.3397000074386597,165.19366455078125
2023-01-20,1552.3736572265625,1659.8857421875,1544.9178466796875,1659.754150390625,8528894754.0,3972.610107421875,102.01000213623047,1926.4000244140625,0.3483999967575073,165.19366455078125
2023-01-21,1659.7060546875,1674.1793212890625,1626.81298828125,1627.1181640625,8859250310.0,3972.610107421875,102.01000213623047,1926.4000244140625,0.3483999967575073,165.19366455078125
2023-01-22,1627.365966796875,1658.0234375,1612.085693359375,1628.382080078125,7517988734.0,3972.610107421875,102.01000213623047,1926.4000244140625,0.3483999967575073,165.19366455078125
2023-01-23,1628.55078125,1641.2181396484375,1607.903076171875,1628.2510986328125,8264507375.0,4019.81005859375,102.13999938964844,1927.0999755859375,0.35250000953674315,165.19366455078125
2023-01-24,1627.8482666015625,1639.723876953125,1551.3897705078125,1556.604248046875,8180274691.0,4016.949951171875,101.91999816894531,1933.9000244140625,0.3469000101089478,165.19366455078125
2023-01-25,1556.8074951171875,1632.24169921875,1530.7978515625,1611.7110595703125,10598973448.0,4016.219970703125,101.63999938964844,1941.199951171875,0.34619998931884766,165.19366455078125
2023-01-26,1611.0809326171875,1626.1982421875,1586.59814453125,1603.10595703125,8395315241.0,4060.429931640625,101.83999633789062,1929.0999755859375,0.3493000030517578,165.19366455078125
2023-01-27,1603.080078125,1617.0008544921875,1565.2449951171875,1598.156494140625,8124465373.0,4070.56005859375,101.93000030517578,1928.5999755859375,0.3517999887466431,165.19366455078125
2023-01-28,1598.1253662109375,1604.7041015625,1565.39013671875,1572.43505859375,5803653357.0,4070.56005859375,101.93000030517578,1928.5999755859375,0.3517999887466431,165.19366455078125
2023-01-29,1572.6295166015625,1653.7249755859375,1568.98486328125,1646.1556396484375,8801292300.0,4070.56005859375,101.93000030517578,1928.5999755859375,0.3517999887466431,165.19366455078125
2023-01-30,1646.147705078125,1646.651611328125,1546.6607666015625,1567.3265380859375,9180418120.0,4017.77001953125,102.27999877929688,1922.9000244140625,0.3551000118255615,165.19366455078125
2023-01-31,1567.419921875,1598.517578125,1563.8043212890625,1586.535400390625,6585191019.0,4076.60009765625,102.0999984741211,1929.5,0.35290000438690183,165.19366455078125
2023-02-01,1586.4881591796875,1644.7275390625,1566.8572998046875,1641.792724609375,8116969489.0,4119.2099609375,101.22000122070312,1927.800048828125,0.3397000074386597,165.19366455078125
2023-02-02,1641.365966796875,1704.4581298828125,1641.3226318359375,1643.2415771484375,10558081069.0,4179.759765625,101.75,1916.300048828125,0.3395999908447266,165.19366455078125
2023-02-03,1642.9046630859375,1670.6968994140625,1634.223388671875,1664.74560546875,8169519805.0,4136.47998046875,102.91999816894531,1862.9000244140625,0.35320000648498534,165.19366455078125
2023-02-04,1664.4722900390625,1690.099609375,1648.189208984375,1667.0592041015625,5843302512.0,4136.47998046875,102.91999816894531,1862.9000244140625,0.35320000648498534,165.19366455078125
2023-02-05,1667.16650390625,1671.770263671875,1616.391845703125,1631.6458740234375,6926696531.0,4136.47998046875,102.91999816894531,1862.9000244140625,0.35320000648498534,165.19366455078125
2023-02-06,1631.645263671875,1653.7154541015625,1611.319091796875,1616.2470703125,6919871886.0,4111.080078125,103.62000274658203,1866.199951171875,0.3634000062942505,165.19366455078125
2023-02-07,1616.0096435546875,1673.7978515625,1614.863037109375,1672.0035400390625,8030277434.0,4164.0,103.43000030517578,1871.699951171875,0.36740000247955323,165.19366455078125
2023-02-08,1671.9052734375,1688.5272216796875,1635.2650146484375,1650.716796875,7806089579.0,4117.85986328125,103.41000366210938,1877.4000244140625,0.36530001163482667,165.19366455078125
2023-02-09,1651.082275390625,1655.23486328125,1537.1822509765625,1546.438232421875,10524969124.0,4081.5,103.22000122070312,1866.199951171875,0.3683000087738037,165.19366455078125
2023-02-10,1546.5965576171875,1553.32568359375,1504.83447265625,1514.869140625,8397387897.0,4090.4599609375,103.62999725341797,1862.800048828125,0.374399995803833,165.19366455078125
2023-02-11,1514.94189453125,1541.334716796875,1510.14697265625,1539.9267578125,5064007416.0,4090.4599609375,103.62999725341797,1862.800048828125,0.374399995803833,165.19366455078125
2023-02-12,1539.7760009765625,1545.55419921875,1501.4620361328125,1515.03369140625,5319698775.0,4090.4599609375,103.62999725341797,1862.800048828125,0.374399995803833,165.19366455078125
2023-02-13,1514.9169921875,1524.7314453125,1470.02392578125,1507.1658935546875,9363855114.0,4137.2900390625,103.3499984741211,1851.9000244140625,0.37170000076293946,165.19366455078125
2023-02-14,1506.9920654296875,1562.0343017578125,1497.1944580078125,1556.8751220703125,9249575045.0,4136.1298828125,103.2300033569336,1854.0,0.37609999179840087,165.19366455078125
2023-02-15,1556.76513671875,1674.289794921875,1545.689697265625,1673.7459716796875,10015035156.0,4147.60009765625,103.91999816894531,1834.199951171875,0.3809000015258789,165.19366455078125
2023-02-16,1673.867431640625,1732.8011474609375,1638.1455078125,1640.067626953125,12704861676.0,4090.409912109375,103.86000061035156,1842.0,0.38429999351501465,165.19366455078125
2023-02-17,1640.2801513671875,1716.7818603515625,1636.173828125,1694.7833251953125,9802443159.0,4079.090087890625,103.86000061035156,1840.4000244140625,0.3828000068664551,165.19366455078125
2023-02-18,1694.7418212890625,1705.30908203125,1683.670166015625,1691.8194580078125,5491437195.0,4079.090087890625,103.86000061035156,1840.4000244140625,0.3828000068664551,165.19366455078125
2023-02-19,1691.68017578125,1718.9476318359375,1673.9066162109375,1681.4361572265625,6959144003.0,4079.090087890625,103.86000061035156,1840.4000244140625,0.3828000068664551,165.19366455078125
2023-02-20,1682.3370361328125,1716.4893798828125,1659.2950439453125,1702.6751708984375,7703604237.0,4079.090087890625,103.86000061035156,1840.4000244140625,0.3828000068664551,165.19366455078125
2023-02-21,1702.7978515625,1714.28564453125,1642.396728515625,1658.036376953125,8721608198.0,3997.340087890625,104.18000030517578,1833.0,0.39549999237060546,165.19366455078125
2023-02-22,1658.1409912109375,1663.996826171875,1604.8033447265625,1643.231689453125,9189387004.0,3991.050048828125,104.58999633789062,1832.0,0.392300009727478,165.19366455078125
2023-02-23,1643.298583984375,1674.6015625,1632.566162109375,1651.0738525390625,9013236167.0,4012.320068359375,104.5999984741211,1818.0,0.3878999948501587,165.19366455078125
2023-02-24,1650.8951416015625,1661.09130859375,1583.1478271484375,1608.3731689453125,8909129423.0,3970.0400390625,105.20999908447266,1808.800048828125,0.3948999881744385,165.19366455078125
2023-02-25,1608.6583251953125,1608.8651123046875,1567.6317138671875,1594.9149169921875,5657686235.0,3970.0400390625,105.20999908447266,1808.800048828125,0.3948999881744385,165.19366455078125
2023-02-26,1594.7611083984375,1645.2734375,1590.39306640625,1640.817138671875,5727967432.0,3970.0400390625,105.20999908447266,1808.800048828125,0.3948999881744385,165.19366455078125
2023-02-27,1640.763671875,1662.57568359375,1615.387939453125,1634.326416015625,7239824677.0,3982.239990234375,104.66999816894531,1817.0,0.3921999931335449,165.19366455078125
2023-02-28,1634.50244140625,1644.435791015625,1602.4281005859375,1605.8951416015625,6323676957.0,3970.14990234375,104.87000274658203,1828.9000244140625,0.3915999889373779,165.19366455078125
2023-03-01,1606.0404052734375,1663.4337158203125,1601.548583984375,1663.4337158203125,7701847224.0,3951.389892578125,104.4800033569336,1837.699951171875,0.399399995803833,165.19366455078125
2023-03-02,1663.549072265625,1672.0511474609375,1622.5999755859375,1647.3193359375,7080950926.0,3981.35009765625,105.02999877929688,1833.5,0.4072999954223633,165.19366455078125
2023-03-03,1647.5577392578125,1648.475341796875,1552.4515380859375,1569.1676025390625,9922240199.0,4045.639892578125,104.5199966430664,1847.699951171875,0.396399998664856,165.19366455078125
2023-03-04,1569.278076171875,1575.63720703125,1551.73681640625,1566.9239501953125,4389045367.0,4045.639892578125,104.5199966430664,1847.699951171875,0.396399998664856,165.19366455078125
2023-03-05,1567.1793212890625,1584.2088623046875,1559.9541015625,1564.46875,5020886238.0,4045.639892578125,104.5199966430664,1847.699951171875,0.396399998664856,165.19366455078125
2023-03-06,1564.3831787109375,1579.456298828125,1557.363525390625,1567.398681640625,5245153345.0,4048.419921875,104.3499984741211,1847.9000244140625,0.39830000400543214,165.19366455078125
2023-03-07,1567.4246826171875,1579.1622314453125,1543.1275634765625,1561.93310546875,6854058349.0,3986.3701171875,105.62000274658203,1813.9000244140625,0.39749999046325685,165.19366455078125
2023-03-08,1561.9779052734375,1568.17529296875,1534.0882568359375,1534.0882568359375,7130327525.0,3992.010009765625,105.66000366210938,1812.699951171875,0.39760000705718995,165.19366455078125
2023-03-09,1534.0316162109375,1544.1083984375,1423.2647705078125,1438.6607666015625,9457897583.0,3918.320068359375,105.30999755859375,1829.300048828125,0.39249999523162843,165.19366455078125
2023-03-10,1438.7601318359375,1438.7601318359375,1378.525390625,1429.1580810546875,12665194936.0,3861.590087890625,104.58000183105469,1862.0,0.3694999933242798,165.19366455078125
2023-03-11,1429.100830078125,1484.136962890625,1428.72314453125,1482.61669921875,14917080154.0,3861.590087890625,104.58000183105469,1862.0,0.3694999933242798,165.19366455078125
2023-03-12,1482.431884765625,1607.152587890625,1461.6109619140625,1590.29296875,11480965122.0,3861.590087890625,104.58000183105469,1862.0,0.3694999933242798,165.19366455078125
2023-03-13,1590.8311767578125,1699.9117431640625,1572.07470703125,1680.3089599609375,15711468959.0,3855.760009765625,103.5999984741211,1911.699951171875,0.35150001049041746,165.19366455078125
2023-03-14,1680.2952880859375,1779.9178466796875,1665.90234375,1703.507080078125,16159781303.0,3919.2900390625,103.5999984741211,1906.199951171875,0.3638000011444092,165.19366455078125
2023-03-15,1705.18994140625,1721.0792236328125,1616.63037109375,1656.1805419921875,12715339905.0,3891.929931640625,104.6500015258789,1926.5999755859375,0.3492000102996826,165.19366455078125
2023-03-16,1656.33203125,1693.1392822265625,1639.26171875,1677.2154541015625,9364980166.0,3960.280029296875,104.41999816894531,1919.0,0.35850000381469727,165.19366455078125
2023-03-17,1677.2967529296875,1799.343994140625,1667.1318359375,1792.485107421875,12467445117.0,3916.639892578125,103.70999908447266,1969.800048828125,0.33949999809265136,165.19366455078125
2023-03-18,1793.5924072265625,1840.3575439453125,1751.2628173828125,1761.65966796875,10317822213.0,3916.639892578125,103.70999908447266,1969.800048828125,0.33949999809265136,165.19366455078125
2023-03-19,1762.9632568359375,1843.8441162109375,1762.9632568359375,1785.5765380859375,9170565472.0,3916.639892578125,103.70999908447266,1969.800048828125,0.33949999809265136,165.19366455078125
2023-03-20,1785.416259765625,1807.7252197265625,1728.103759765625,1735.3212890625,10978325507.0,3951.570068359375,103.27999877929688,1979.199951171875,0.3480999946594238,165.19366455078125
2023-03-21,1735.617919921875,1836.28857421875,1725.00732421875,1806.7607421875,10758627746.0,4002.8701171875,103.26000213623047,1938.0,0.36059999465942383,165.19366455078125
2023-03-22,1804.95703125,1821.458251953125,1717.76513671875,1737.717041015625,12484103560.0,3936.969970703125,102.3499984741211,1946.800048828125,0.35,165.19366455078125
2023-03-23,1737.140869140625,1853.8880615234375,1732.524658203125,1816.4051513671875,11012966854.0,3948.719970703125,102.52999877929688,1993.800048828125,0.3405999898910522,165.19366455078125
2023-03-24,1815.81982421875,1819.935302734375,1730.3494873046875,1752.0447998046875,10913669383.0,3970.989990234375,103.12000274658203,1982.0999755859375,0.3380000114440918,165.19366455078125
2023-03-25,1751.469482421875,1762.674560546875,1716.6519775390625,1743.7647705078125,6614309912.0,3970.989990234375,103.12000274658203,1982.0999755859375,0.3380000114440918,165.19366455078125
2023-03-26,1743.8421630859375,1797.8802490234375,1741.182861328125,1775.6767578125,6990313307.0,3970.989990234375,103.12000274658203,1982.0999755859375,0.3380000114440918,165.19366455078125
2023-03-27,1775.4813232421875,1781.3792724609375,1690.5166015625,1715.4608154296875,8585750760.0,3977.530029296875,102.86000061035156,1952.4000244140625,0.35280001163482666,165.19366455078125
2023-03-28,1715.327392578125,1791.1109619140625,1702.564697265625,1772.78564453125,8346890042.0,3971.27001953125,102.43000030517578,1972.4000244140625,0.35639998912811277,165.19366455078125
2023-03-29,1772.89990234375,1825.6009521484375,1772.89990234375,1793.0018310546875,9136176952.0,4027.81005859375,102.63999938964844,1966.0999755859375,0.3565999984741211,165.19366455078125
2023-03-30,1793.345947265625,1827.2802734375,1766.2489013671875,1792.7371826171875,9724496987.0,4050.830078125,102.13999938964844,1980.300048828125,0.3551000118255615,165.19366455078125
2023-03-31,1793.6201171875,1844.6773681640625,1783.1422119140625,1822.0220947265625,9149379763.0,4109.31005859375,102.51000213623047,1969.0,0.349399995803833,165.19366455078125
2023-04-01,1821.704345703125,1840.173095703125,1811.1185302734375,1813.860595703125,5556443606.0,4109.31005859375,102.51000213623047,1969.0,0.349399995803833,165.19366455078125
2023-04-02,1821.192138671875,1824.328857421875,1774.8724365234375,1795.7081298828125,6199721188.0,4109.31005859375,102.51000213623047,1969.0,0.349399995803833,165.19366455078125
2023-04-03,1794.9224853515625,1839.1578369140625,1765.5189208984375,1810.297119140625,9643826401.0,4124.509765625,102.08999633789062,1983.9000244140625,0.3430000066757202,165.19366455078125
2023-04-04,1810.14208984375,1886.5946044921875,1802.9554443359375,1871.005126953125,10398322335.0,4100.60009765625,101.58999633789062,2022.199951171875,0.33369998931884765,165.19366455078125
2023-04-05,1870.965087890625,1937.49755859375,1865.94189453125,1909.114013671875,10319231689.0,4090.3798828125,101.8499984741211,2020.9000244140625,0.3286999940872192,165.19366455078125
2023-04-06,1909.1435546875,1909.271728515625,1857.0850830078125,1872.922607421875,8263191830.0,4105.02001953125,101.81999969482422,2011.9000244140625,0.32880001068115233,165.19366455078125
2023-04-07,1872.734130859375,1882.2991943359375,1845.993896484375,1865.6361083984375,8356130492.0,4105.02001953125,101.81999969482422,2011.9000244140625,0.32880001068115233,165.19366455078125
2023-04-08,1864.6790771484375,1879.1077880859375,1848.87548828125,1849.4981689453125,5016362733.0,4105.02001953125,101.81999969482422,2011.9000244140625,0.32880001068115233,165.19366455078125
2023-04-09,1849.6722412109375,1873.057373046875,1828.7000732421875,1859.3878173828125,6361497715.0,4105.02001953125,101.81999969482422,2011.9000244140625,0.32880001068115233,165.19366455078125
2023-04-10,1859.7412109375,1917.3001708984375,1848.1641845703125,1911.20751953125,8380134275.0,4109.10986328125,102.58000183105469,1989.0999755859375,0.34149999618530275,165.19366455078125
2023-04-11,1911.3758544921875,1936.728271484375,1886.5341796875,1892.189697265625,8877222956.0,4108.93994140625,102.19999694824219,2004.800048828125,0.3434000015258789,165.19366455078125
2023-04-12,1891.94970703125,1929.8812255859375,1860.036865234375,1920.68212890625,11010714187.0,4091.949951171875,101.5,2010.9000244140625,0.3421000003814697,165.19366455078125
2023-04-13,1917.6983642578125,2022.150146484375,1901.8603515625,2012.6346435546875,12546950499.0,4146.22021484375,101.01000213623047,2041.300048828125,0.34519999027252196,165.19366455078125
2023-04-14,2013.9306640625,2126.316650390625,2011.5032958984375,2101.635498046875,16298099411.0,4137.64013671875,101.55000305175781,2002.199951171875,0.35220000743865965,165.19366455078125
2023-04-15,2101.616455078125,2111.075439453125,2076.5107421875,2092.466796875,8036468153.0,4137.64013671875,101.55000305175781,2002.199951171875,0.35220000743865965,165.19366455078125
2023-04-16,2092.281005859375,2137.445068359375,2076.83203125,2120.005859375,7898126856.0,4137.64013671875,101.55000305175781,2002.199951171875,0.35220000743865965,165.19366455078125
2023-04-17,2120.001220703125,2120.113525390625,2063.03857421875,2076.242919921875,9648882546.0,4151.31982421875,102.0999984741211,1994.199951171875,0.3591000080108643,165.19366455078125
2023-04-18,2075.855224609375,2121.531494140625,2057.65380859375,2104.537353515625,9134015143.0,4154.8701171875,101.75,2007.4000244140625,0.35720000267028806,165.19366455078125
2023-04-19,2103.9462890625,2104.857177734375,1928.5828857421875,1936.4034423828125,13779745451.0,4154.52001953125,101.97000122070312,1995.199951171875,0.36019999980926515,165.19366455078125
2023-04-20,1936.41796875,1979.5733642578125,1918.1328125,1943.09765625,11324135406.0,4129.7900390625,101.83999633789062,2007.5999755859375,0.35450000762939454,165.19366455078125
2023-04-21,1943.409912109375,1955.649169921875,1827.7889404296875,1849.9998779296875,12044274581.0,4133.52001953125,101.81999969482422,1979.5,0.3569999933242798,165.19366455078125
2023-04-22,1849.2864990234375,1886.7816162109375,1845.8492431640625,1874.2286376953125,6970642726.0,4133.52001953125,101.81999969482422,1979.5,0.3569999933242798,165.19366455078125
2023-04-23,1874.1715087890625,1882.229736328125,1838.992431640625,1862.06201171875,6607451862.0,4133.52001953125,101.81999969482422,1979.5,0.3569999933242798,165.19366455078125
2023-04-24,1862.0853271484375,1888.1937255859375,1811.7921142578125,1842.7574462890625,8438191338.0,4137.0400390625,101.3499984741211,1989.0999755859375,0.35150001049041746,165.19366455078125
2023-04-25,1842.204345703125,1877.4849853515625,1805.3228759765625,1866.753662109375,8677255481.0,4071.6298828125,101.86000061035156,1994.0,0.3395999908447266,165.19366455078125
2023-04-26,1866.14892578125,1962.567626953125,1792.4638671875,1866.564208984375,14356524696.0,4055.989990234375,101.47000122070312,1985.699951171875,0.3431999921798706,165.19366455078125
2023-04-27,1866.6932373046875,1936.9451904296875,1863.14794921875,1908.786376953125,14008145806.0,4135.35009765625,101.5,1989.9000244140625,0.35280001163482666,165.19366455078125
2023-04-28,1909.2730712890625,1923.19921875,1876.2918701171875,1892.5128173828125,7691759733.0,4169.47998046875,101.66999816894531,1990.0999755859375,0.34519999027252196,165.19366455078125
2023-04-29,1892.5650634765625,1916.9737548828125,1887.990478515625,1908.9169921875,4796651246.0,4169.47998046875,101.66999816894531,1990.0999755859375,0.34519999027252196,165.19366455078125
2023-04-30,1908.7413330078125,1938.41796875,1876.92431640625,1876.92431640625,6539641957.0,4169.47998046875,101.66999816894531,1990.0999755859375,0.34519999027252196,165.19366455078125
2023-05-01,1868.89111328125,1886.2064208984375,1809.1932373046875,1831.954833984375,8625783201.0,4167.8701171875,102.1500015258789,1983.4000244140625,0.35739998817443847,165.19366455078125
2023-05-02,1831.7265625,1879.759521484375,1824.3270263671875,1870.789306640625,7536785767.0,4119.580078125,101.95999908447266,2014.300048828125,0.3438999891281128,165.19366455078125
2023-05-03,1870.6871337890625,1915.504150390625,1845.871826171875,1904.65185546875,8306390869.0,4090.75,101.33999633789062,2028.5999755859375,0.34030001163482665,165.19366455078125
2023-05-04,1905.1689453125,1915.8717041015625,1868.6297607421875,1877.7041015625,6578438233.0,4061.219970703125,101.4000015258789,2048.0,0.33510000705718995,165.19366455078125
2023-05-05,1877.8331298828125,1998.41357421875,1876.9466552734375,1995.0609130859375,9498261360.0,4136.25,101.20999908447266,2017.4000244140625,0.3446000099182129,165.19366455078125
2023-05-06,1995.4791259765625,2017.5594482421875,1870.6055908203125,1900.2218017578125,9623243037.0,4136.25,101.20999908447266,2017.4000244140625,0.3446000099182129,165.19366455078125
2023-05-07,1899.9176025390625,1933.9984130859375,1873.076416015625,1873.076416015625,6883942236.0,4136.25,101.20999908447266,2017.4000244140625,0.3446000099182129,165.19366455078125
2023-05-08,1872.47509765625,1886.162109375,1818.4505615234375,1849.042724609375,9895102899.0,4138.1201171875,101.37000274658203,2026.300048828125,0.35209999084472654,165.19366455078125
2023-05-09,1849.06103515625,1860.66748046875,1832.906982421875,1848.6031494140625,6129516088.0,4119.169921875,101.63999938964844,2036.199951171875,0.35209999084472654,165.19366455078125
2023-05-10,1848.2135009765625,1886.80029296875,1795.6688232421875,1842.4014892578125,9945549603.0,4137.64013671875,101.4800033569336,2030.5,0.3438999891281128,165.19366455078125
2023-05-11,1842.4920654296875,1842.4920654296875,1774.132568359375,1796.4906005859375,8353828312.0,4130.6201171875,102.05999755859375,2014.699951171875,0.3397000074386597,165.19366455078125
2023-05-12,1795.1766357421875,1812.4249267578125,1742.40380859375,1808.019775390625,9047198660.0,4124.080078125,102.68000030517578,2014.5,0.34630000591278076,165.19366455078125
2023-05-13,1808.375,1816.0584716796875,1788.4755859375,1796.1148681640625,4647630864.0,4124.080078125,102.68000030517578,2014.5,0.34630000591278076,165.19366455078125
2023-05-14,1796.10791015625,1823.49072265625,1793.228759765625,1800.5009765625,4711210241.0,4124.080078125,102.68000030517578,2014.5,0.34630000591278076,165.19366455078125
2023-05-15,1800.3712158203125,1845.6954345703125,1787.536376953125,1817.5499267578125,6748889346.0,4136.27978515625,102.43000030517578,2018.0,0.3507999897003174,165.19366455078125
2023-05-16,1816.82421875,1830.3515625,1797.84375,1824.1214599609375,5595959668.0,4109.89990234375,102.55999755859375,1988.4000244140625,0.3549000024795532,165.19366455078125
2023-05-17,1824.068359375,1835.5545654296875,1786.6719970703125,1821.859619140625,6352161579.0,4158.77001953125,102.87999725341797,1980.699951171875,0.3581000089645386,165.19366455078125
2023-05-18,1822.0682373046875,1831.4503173828125,1774.195068359375,1801.728515625,5673124255.0,4198.0498046875,103.58000183105469,1956.5,0.3648000001907349,165.19366455078125
2023-05-19,1800.994384765625,1826.1942138671875,1797.4344482421875,1812.5894775390625,4796110259.0,4191.97998046875,103.19999694824219,1978.699951171875,0.3691999912261963,165.19366455078125
2023-05-20,1812.76611328125,1829.0096435546875,1808.0467529296875,1820.47802734375,2951655969.0,4191.97998046875,103.19999694824219,1978.699951171875,0.3691999912261963,165.19366455078125
2023-05-21,1820.1380615234375,1827.9219970703125,1799.9468994140625,1804.5313720703125,3386768865.0,4191.97998046875,103.19999694824219,1978.699951171875,0.3691999912261963,165.19366455078125
2023-05-22,1804.8419189453125,1826.696533203125,1793.2239990234375,1817.5347900390625,4534841049.0,4192.6298828125,103.19999694824219,1974.800048828125,0.37190001010894774,165.19366455078125
2023-05-23,1817.7811279296875,1869.343994140625,1816.2879638671875,1854.380615234375,6820047160.0,4145.580078125,103.48999786376953,1972.4000244140625,0.3697999954223633,165.19366455078125
2023-05-24,1854.2996826171875,1854.2996826171875,1780.925537109375,1800.0999755859375,7101647419.0,4115.240234375,103.88999938964844,1962.800048828125,0.37190001010894774,165.19366455078125
2023-05-25,1799.84521484375,1815.9947509765625,1763.3651123046875,1805.9537353515625,6321689859.0,4151.27978515625,104.20999908447266,1943.0999755859375,0.3813999891281128,165.19366455078125
2023-05-26,1805.7254638671875,1837.8658447265625,1798.406005859375,1828.689697265625,5451414258.0,4205.4501953125,104.20999908447266,1944.0999755859375,0.3809999942779541,165.19366455078125
2023-05-27,1828.57568359375,1836.1845703125,1817.4920654296875,1831.1182861328125,3216737652.0,4205.4501953125,104.20999908447266,1944.0999755859375,0.3809999942779541,165.19366455078125
2023-05-28,1831.0986328125,1915.7232666015625,1825.46728515625,1910.9141845703125,6359610561.0,4205.4501953125,104.20999908447266,1944.0999755859375,0.3809999942779541,165.19366455078125
2023-05-29,1909.2974853515625,1926.4217529296875,1879.0775146484375,1893.078125,5884674572.0,4205.4501953125,104.20999908447266,1944.0999755859375,0.3809999942779541,165.19366455078125
2023-05-30,1893.0931396484375,1916.574951171875,1883.9346923828125,1901.026611328125,5363439784.0,4205.52001953125,104.16999816894531,1958.0,0.3700000047683716,165.19366455078125
2023-05-31,1901.0982666015625,1907.035400390625,1852.0947265625,1874.1304931640625,5984512548.0,4179.830078125,104.31999969482422,1963.9000244140625,0.36370000839233396,165.19366455078125
2023-06-01,1873.9146728515625,1887.705322265625,1846.2274169921875,1862.201416015625,5640027197.0,4221.02001953125,103.55999755859375,1978.0,0.3608000040054321,165.19366455078125
2023-06-02,1862.4237060546875,1910.2784423828125,1851.9647216796875,1907.256591796875,6097746022.0,4282.3701171875,104.0199966430664,1952.4000244140625,0.3690999984741211,165.19366455078125
2023-06-03,1907.4207763671875,1908.822265625,1885.4854736328125,1892.4124755859375,3472274607.0,4282.3701171875,104.0199966430664,1952.4000244140625,0.3690999984741211,165.19366455078125
2023-06-04,1892.398193359375,1912.2056884765625,1885.65185546875,1890.5135498046875,3747042696.0,4282.3701171875,104.0199966430664,1952.4000244140625,0.3690999984741211,165.19366455078125
2023-06-05,1890.4176025390625,1890.6405029296875,1780.2115478515625,1811.828369140625,9246593033.0,4273.7900390625,104.0,1958.0,0.3693000078201294,165.19366455078125
2023-06-06,1810.5814208984375,1896.22265625,1801.4052734375,1884.494873046875,8704411776.0,4283.85009765625,104.12999725341797,1965.5,0.3698999881744385,165.19366455078125
2023-06-07,1884.3729248046875,1893.80908203125,1822.3031005859375,1832.39599609375,7919894455.0,4267.52001953125,104.0999984741211,1942.699951171875,0.37839999198913576,165.19366455078125
2023-06-08,1832.5135498046875,1861.1361083984375,1830.1650390625,1846.3018798828125,4536041931.0,4293.93017578125,103.33999633789062,1963.5999755859375,0.37139999866485596,165.19366455078125
2023-06-09,1846.077880859375,1854.824951171875,1828.5445556640625,1840.2252197265625,4610831509.0,4298.85986328125,103.55999755859375,1962.199951171875,0.3744999885559082,165.19366455078125
2023-06-10,1840.3919677734375,1844.78564453125,1721.443115234375,1752.384765625,10788500406.0,4298.85986328125,103.55999755859375,1962.199951171875,0.3744999885559082,165.19366455078125
2023-06-11,1752.527587890625,1776.84716796875,1741.1104736328125,1753.415283203125,4559112981.0,4298.85986328125,103.55999755859375,1962.199951171875,0.3744999885559082,165.19366455078125
2023-06-12,1753.075439453125,1757.6597900390625,1722.9063720703125,1742.5286865234375,6031384958.0,4338.93017578125,103.62999725341797,1955.300048828125,0.3765000104904175,165.19366455078125
2023-06-13,1742.39013671875,1761.9554443359375,1727.7498779296875,1739.03759765625,6214125203.0,4369.009765625,103.33999633789062,1944.5999755859375,0.38389999866485597,165.19366455078125
2023-06-14,1739.2501220703125,1749.1632080078125,1637.187744140625,1650.519287109375,7462905534.0,4372.58984375,103.01000213623047,1955.300048828125,0.37960000038146974,165.19366455078125
2023-06-15,1650.4981689453125,1676.4066162109375,1624.1383056640625,1665.519775390625,7328564880.0,4425.83984375,102.12000274658203,1957.800048828125,0.37279999256134033,165.19366455078125
2023-06-16,1665.41064453125,1727.28955078125,1653.1708984375,1716.6688232421875,6281023479.0,4409.58984375,102.30000305175781,1958.4000244140625,0.37690000534057616,165.19366455078125
2023-06-17,1716.6717529296875,1766.76318359375,1714.15087890625,1727.2041015625,4875187477.0,4409.58984375,102.30000305175781,1958.4000244140625,0.37690000534057616,165.19366455078125
2023-06-18,1727.1937255859375,1746.5091552734375,1718.1114501953125,1720.5775146484375,3820038842.0,4409.58984375,102.30000305175781,1958.4000244140625,0.37690000534057616,165.19366455078125
2023-06-19,1720.50537109375,1745.1346435546875,1705.8134765625,1737.659423828125,5210480121.0,4409.58984375,102.30000305175781,1958.4000244140625,0.37690000534057616,165.19366455078125
2023-06-20,1736.8797607421875,1793.31396484375,1715.342529296875,1792.1199951171875,7171072578.0,4388.7099609375,102.54000091552734,1935.5,0.37290000915527344,165.19366455078125
2023-06-21,1791.9949951171875,1898.6689453125,1788.4892578125,1891.0072021484375,11731457711.0,4365.68994140625,102.06999969482422,1933.300048828125,0.3723000049591064,165.19366455078125
2023-06-22,1889.79443359375,1932.0655517578125,1867.8765869140625,1872.9429931640625,8477657143.0,4381.89013671875,102.38999938964844,1912.699951171875,0.37990000247955324,165.19366455078125
2023-06-23,1872.540771484375,1932.5316162109375,1865.1920166015625,1892.862060546875,8290615074.0,4348.330078125,102.9000015258789,1919.0999755859375,0.37390000820159913,165.19366455078125
2023-06-24,1893.77197265625,1905.2274169921875,1867.8115234375,1876.0596923828125,5026191704.0,4348.330078125,102.9000015258789,1919.0999755859375,0.37390000820159913,165.19366455078125
2023-06-25,1875.84912109375,1929.0791015625,1870.85009765625,1900.506103515625,6937581709.0,4348.330078125,102.9000015258789,1919.0999755859375,0.37390000820159913,165.19366455078125
2023-06-26,1900.05029296875,1905.3604736328125,1840.215087890625,1859.432861328125,8619702292.0,4328.81982421875,102.69000244140625,1923.699951171875,0.37190001010894774,165.19366455078125
2023-06-27,1859.34619140625,1911.3111572265625,1856.83837890625,1889.703369140625,7686042202.0,4378.41015625,102.48999786376953,1914.0,0.37679998874664306,165.19366455078125
2023-06-28,1889.906494140625,1890.208984375,1822.102783203125,1827.97119140625,7135265016.0,4376.85986328125,102.91000366210938,1912.300048828125,0.3710000038146973,165.19366455078125
2023-06-29,1828.059326171875,1876.5302734375,1828.059326171875,1852.227294921875,5677228612.0,4396.43994140625,103.33999633789062,1909.199951171875,0.38540000915527345,165.19366455078125
2023-06-30,1852.0084228515625,1945.2742919921875,1831.281005859375,1933.18896484375,12895131248.0,4450.3798828125,102.91000366210938,1921.0999755859375,0.3819000005722046,165.19366455078125
2023-07-01,1933.3238525390625,1942.7015380859375,1910.8486328125,1924.56591796875,5136809625.0,4450.3798828125,102.91000366210938,1921.0999755859375,0.3819000005722046,165.19366455078125
2023-07-02,1924.4481201171875,1958.1607666015625,1895.906982421875,1937.4383544921875,6343966490.0,4450.3798828125,102.91000366210938,1921.0999755859375,0.3819000005722046,165.19366455078125
2023-07-03,1937.8837890625,1974.7750244140625,1934.6888427734375,1955.38916015625,7858509087.0,4455.58984375,102.98999786376953,1921.699951171875,0.38580000400543213,165.19366455078125
2023-07-04,1955.524169921875,1966.3653564453125,1932.611328125,1936.633544921875,5683423776.0,4455.58984375,102.98999786376953,1921.699951171875,0.38580000400543213,165.19366455078125
2023-07-05,1936.7967529296875,1942.4324951171875,1897.124755859375,1910.5880126953125,6034088075.0,4446.81982421875,103.37000274658203,1919.5999755859375,0.39449999332427976,165.19366455078125
2023-07-06,1910.4171142578125,1956.0123291015625,1847.8507080078125,1848.636474609375,8905008384.0,4411.58984375,103.16999816894531,1908.699951171875,0.4040999889373779,165.19366455078125
2023-07-07,1847.5125732421875,1876.9632568359375,1832.025390625,1870.6025390625,6468885150.0,4398.9501953125,102.2699966430664,1926.199951171875,0.4050000190734863,165.19366455078125
2023-07-08,1871.0020751953125,1872.5015869140625,1844.6417236328125,1865.53955078125,4299007854.0,4398.9501953125,102.2699966430664,1926.199951171875,0.4050000190734863,165.19366455078125
2023-07-09,1865.594970703125,1878.6689453125,1857.748291015625,1863.009765625,4392863807.0,4398.9501953125,102.2699966430664,1926.199951171875,0.4050000190734863,165.19366455078125
2023-07-10,1863.240234375,1905.4608154296875,1848.7772216796875,1880.556396484375,6336468234.0,4409.52978515625,101.97000122070312,1925.0,0.400600004196167,165.19366455078125
2023-07-11,1880.6549072265625,1889.3817138671875,1863.2186279296875,1878.3360595703125,4905225892.0,4439.259765625,101.7300033569336,1931.300048828125,0.39800000190734863,165.19366455078125
2023-07-12,1878.322021484375,1901.1484375,1865.7100830078125,1872.11376953125,6379007000.0,4472.16015625,100.5199966430664,1956.199951171875,0.38610000610351564,165.19366455078125
2023-07-13,1872.040283203125,2011.88525390625,1864.49609375,2006.511474609375,11114853969.0,4510.0400390625,99.7699966430664,1959.199951171875,0.37609999179840087,165.19366455078125
2023-07-14,2005.6861572265625,2026.2049560546875,1901.3612060546875,1939.3470458984375,10627449471.0,4505.419921875,99.91000366210938,1960.0999755859375,0.3819000005722046,165.19366455078125
2023-07-15,1939.129638671875,1946.0191650390625,1928.1873779296875,1931.466552734375,4380084234.0,4505.419921875,99.91000366210938,1960.0999755859375,0.3819000005722046,165.19366455078125
2023-07-16,1931.64501953125,1942.0308837890625,1917.2940673828125,1923.681884765625,4329306566.0,4505.419921875,99.91000366210938,1960.0999755859375,0.3819000005722046,165.19366455078125
2023-07-17,1923.6943359375,1936.1776123046875,1875.120361328125,1911.6461181640625,6678090758.0,4522.7900390625,99.83999633789062,1952.4000244140625,0.3796999931335449,165.19366455078125
2023-07-18,1911.697021484375,1916.4683837890625,1878.718505859375,1897.5992431640625,5814708445.0,4554.97998046875,99.94000244140625,1977.199951171875,0.37890000343322755,165.19366455078125
2023-07-19,1897.7972412109375,1919.264404296875,1883.067138671875,1889.0079345703125,6018487800.0,4565.72021484375,100.27999877929688,1977.5,0.37420001029968264,165.19366455078125
2023-07-20,1889.07373046875,1919.264404296875,1879.734375,1890.9691162109375,7366830684.0,4534.8701171875,100.87999725341797,1968.300048828125,0.38540000915527345,165.19366455078125
2023-07-21,1891.581298828125,1905.38623046875,1885.2962646484375,1892.080078125,4668158260.0,4536.33984375,101.06999969482422,1964.300048828125,0.38369998931884763,165.19366455078125
2023-07-22,1891.955078125,1897.0880126953125,1855.0927734375,1864.912353515625,4101305643.0,4536.33984375,101.06999969482422,1964.300048828125,0.38369998931884763,165.19366455078125
2023-07-23,1866.09423828125,1904.4832763671875,1859.56884765625,1889.191650390625,4480604100.0,4536.33984375,101.06999969482422,1964.300048828125,0.38369998931884763,165.19366455078125
2023-07-24,1888.8095703125,1889.761962890625,1836.8524169921875,1850.0020751953125,6344373569.0,4554.64013671875,101.3499984741211,1960.300048828125,0.38570001125335696,165.19366455078125
2023-07-25,1850.0279541015625,1867.3232421875,1845.9815673828125,1857.741943359375,4163381707.0,4567.4599609375,101.3499984741211,1962.0999755859375,0.3911999940872192,165.19366455078125
2023-07-26,1857.696533203125,1886.97412109375,1849.4368896484375,1872.159912109375,5781548155.0,4566.75,100.88999938964844,1968.9000244140625,0.38510000705718994,165.19366455078125
2023-07-27,1872.0863037109375,1885.591552734375,1855.321533203125,1860.357177734375,4291339248.0,4537.41015625,101.7699966430664,1945.4000244140625,0.401200008392334,165.19366455078125
2023-07-28,1860.7025146484375,1881.457275390625,1857.0489501953125,1874.744873046875,3800973336.0,4582.22998046875,101.62000274658203,1960.4000244140625,0.39690001010894777,165.19366455078125
2023-07-29,1874.5604248046875,1885.529296875,1870.3338623046875,1881.06884765625,2497302218.0,4582.22998046875,101.62000274658203,1960.4000244140625,0.39690001010894777,165.19366455078125
2023-07-30,1880.87158203125,1884.1441650390625,1851.72802734375,1861.643798828125,4003005547.0,4582.22998046875,101.62000274658203,1960.4000244140625,0.39690001010894777,165.19366455078125
2023-07-31,1861.7552490234375,1875.62939453125,1851.9154052734375,1856.162353515625,4391613314.0,4588.9599609375,101.86000061035156,1970.5,0.39590001106262207,165.19366455078125
2023-08-01,1856.190185546875,1873.0299072265625,1817.9207763671875,1871.7921142578125,7634860636.0,4576.72998046875,102.30000305175781,1940.699951171875,0.40510001182556155,165.19366455078125
2023-08-02,1873.4681396484375,1877.511474609375,1822.3482666015625,1839.0897216796875,6448512422.0,4513.39013671875,102.58999633789062,1937.4000244140625,0.40780000686645507,165.19366455078125
2023-08-03,1838.89794921875,1856.4075927734375,1825.3477783203125,1835.136474609375,4710581074.0,4501.89013671875,102.54000091552734,1932.0,0.4189000129699707,165.19366455078125
2023-08-04,1834.8905029296875,1847.9122314453125,1817.413818359375,1827.712890625,4861242484.0,4478.02978515625,102.0199966430664,1939.5999755859375,0.4059999942779541,165.19366455078125
2023-08-05,1827.798583984375,1836.46484375,1824.8079833984375,1834.9879150390625,2866049749.0,4478.02978515625,102.0199966430664,1939.5999755859375,0.4059999942779541,165.19366455078125
2023-08-06,1834.84521484375,1836.2489013671875,1824.9866943359375,1827.4620361328125,2963395076.0,4478.02978515625,102.0199966430664,1939.5999755859375,0.4059999942779541,165.19366455078125
2023-08-07,1827.239501953125,1842.5225830078125,1804.7166748046875,1826.9388427734375,5837881974.0,4518.43994140625,102.05000305175781,1933.5,0.40780000686645507,165.19366455078125
2023-08-08,1826.9310302734375,1873.84716796875,1824.4300537109375,1855.807373046875,5812855406.0,4499.3798828125,102.52999877929688,1924.0999755859375,0.40260000228881837,165.19366455078125
2023-08-09,1855.7794189453125,1869.736572265625,1845.48974609375,1854.297607421875,5870081833.0,4467.7099609375,102.48999786376953,1915.4000244140625,0.401200008392334,165.19366455078125
2023-08-10,1854.3482666015625,1863.3109130859375,1845.4422607421875,1850.75341796875,3760304518.0,4468.830078125,102.5199966430664,1914.4000244140625,0.40799999237060547,165.19366455078125
2023-08-11,1850.74169921875,1855.0660400390625,1839.5692138671875,1847.1243896484375,3353025102.0,4464.0498046875,102.83999633789062,1912.9000244140625,0.41680002212524414,165.19366455078125
2023-08-12,1847.1719970703125,1852.281005859375,1845.71923828125,1848.889892578125,2291124840.0,4464.0498046875,102.83999633789062,1912.9000244140625,0.41680002212524414,165.19366455078125
2023-08-13,1849.0538330078125,1859.9163818359375,1834.8043212890625,1839.2801513671875,3054625661.0,4464.0498046875,102.83999633789062,1912.9000244140625,0.41680002212524414,165.19366455078125
2023-08-14,1839.323486328125,1853.8363037109375,1834.8004150390625,1844.185791015625,4083364724.0,4489.72021484375,103.19000244140625,1910.5999755859375,0.4184000015258789,165.19366455078125
2023-08-15,1844.1641845703125,1845.547607421875,1816.3250732421875,1826.9327392578125,4483923893.0,4437.85986328125,103.20999908447266,1902.5,0.42210001945495607,165.19366455078125
2023-08-16,1827.036376953125,1829.3612060546875,1798.9666748046875,1805.6590576171875,4976573383.0,4404.330078125,103.41999816894531,1896.0999755859375,0.4257999897003174,165.19366455078125
2023-08-17,1805.5673828125,1807.71484375,1551.7132568359375,1684.9334716796875,14208462072.0,4370.35986328125,103.44000244140625,1884.0999755859375,0.4308000087738037,165.19366455078125
2023-08-18,1682.0384521484375,1698.124267578125,1644.930908203125,1660.945068359375,9645084584.0,4369.7099609375,103.37999725341797,1886.0999755859375,0.4250999927520752,165.19366455078125
2023-08-19,1660.8443603515625,1693.2281494140625,1654.0758056640625,1669.471923828125,4871231360.0,4369.7099609375,103.37999725341797,1886.0999755859375,0.4250999927520752,165.19366455078125
2023-08-20,1669.5877685546875,1692.3287353515625,1662.9014892578125,1684.85205078125,4105056995.0,4369.7099609375,103.37999725341797,1886.0999755859375,0.4250999927520752,165.19366455078125
2023-08-21,1685.0223388671875,1685.0826416015625,1651.9598388671875,1667.26904296875,5077248383.0,4399.77001953125,103.33000183105469,1893.300048828125,0.43420000076293946,165.19366455078125
2023-08-22,1667.279296875,1668.638671875,1596.384033203125,1633.892578125,7244623133.0,4387.5498046875,103.55999755859375,1896.4000244140625,0.4328000068664551,165.19366455078125
2023-08-23,1634.4017333984375,1696.593994140625,1629.5810546875,1679.2744140625,7191868448.0,4436.009765625,103.36000061035156,1918.5,0.4197999954223633,165.19366455078125
2023-08-24,1679.248291015625,1682.48974609375,1641.6270751953125,1659.944580078125,5104531920.0,4376.31005859375,103.9800033569336,1918.199951171875,0.42350001335144044,165.19366455078125
2023-08-25,1660.2698974609375,1671.970703125,1635.9674072265625,1652.93505859375,5396997823.0,4405.7099609375,104.08000183105469,1911.0999755859375,0.4238999843597412,165.19366455078125
2023-08-26,1652.92724609375,1654.7777099609375,1643.712646484375,1646.3067626953125,2423247747.0,4405.7099609375,104.08000183105469,1911.0999755859375,0.4238999843597412,165.19366455078125
2023-08-27,1646.27197265625,1659.26708984375,1645.90283203125,1657.5130615234375,2624065031.0,4405.7099609375,104.08000183105469,1911.0999755859375,0.4238999843597412,165.19366455078125
2023-08-28,1657.4398193359375,1659.3287353515625,1627.44677734375,1652.4573974609375,4855588534.0,4433.31005859375,104.05999755859375,1917.9000244140625,0.42119998931884767,165.19366455078125
2023-08-29,1652.274169921875,1742.6373291015625,1639.576171875,1729.7257080078125,11304916729.0,4497.6298828125,103.55000305175781,1936.5,0.4122000217437744,165.19366455078125
2023-08-30,1729.6766357421875,1730.564697265625,1697.147216796875,1705.1121826171875,5023904190.0,4514.8701171875,103.16000366210938,1944.300048828125,0.4118000030517578,165.19366455078125
2023-08-31,1705.364501953125,1720.011962890625,1634.8509521484375,1645.63916015625,6593153505.0,4507.66015625,103.62000274658203,1938.199951171875,0.40929999351501467,165.19366455078125
2023-09-01,1645.581298828125,1653.53173828125,1603.0341796875,1628.4912109375,6104510092.0,4515.77001953125,104.23999786376953,1939.800048828125,0.4172999858856201,165.19366455078125
2023-09-02,1628.5596923828125,1644.0306396484375,1627.97607421875,1637.025390625,2943590996.0,4515.77001953125,104.23999786376953,1939.800048828125,0.4172999858856201,165.19366455078125
2023-09-03,1637.0435791015625,1645.6451416015625,1626.0892333984375,1636.11767578125,3151878318.0,4515.77001953125,104.23999786376953,1939.800048828125,0.4172999858856201,165.19366455078125
2023-09-04,1635.7247314453125,1642.6531982421875,1618.523681640625,1629.6552734375,3887968912.0,4515.77001953125,104.23999786376953,1939.800048828125,0.4172999858856201,165.19366455078125
2023-09-05,1629.9110107421875,1645.9483642578125,1610.1412353515625,1633.62939453125,4417491902.0,4496.830078125,104.80999755859375,1926.199951171875,0.426800012588501,165.19366455078125
2023-09-06,1633.912109375,1656.9327392578125,1611.147705078125,1632.2523193359375,4987397046.0,4465.47998046875,104.86000061035156,1918.0999755859375,0.4289999961853027,165.19366455078125
2023-09-07,1632.2628173828125,1657.3037109375,1623.220458984375,1647.5982666015625,4907290296.0,4451.14013671875,105.05999755859375,1917.5,0.4260000228881836,165.19366455078125
2023-09-08,1647.8076171875,1657.1363525390625,1617.7965087890625,1636.1378173828125,4598495496.0,4457.490234375,105.08999633789062,1918.4000244140625,0.4257999897003174,165.19366455078125
2023-09-09,1636.0504150390625,1636.8707275390625,1629.660888671875,1635.162353515625,2081625742.0,4457.490234375,105.08999633789062,1918.4000244140625,0.4257999897003174,165.19366455078125
2023-09-10,1635.211669921875,1635.43310546875,1604.04052734375,1616.828857421875,4339499949.0,4457.490234375,105.08999633789062,1918.4000244140625,0.4257999897003174,165.19366455078125
2023-09-11,1616.769775390625,1618.3057861328125,1533.4267578125,1551.6376953125,7693700923.0,4487.4599609375,104.56999969482422,1923.300048828125,0.42880001068115237,165.19366455078125
2023-09-12,1551.497802734375,1619.114013671875,1549.4937744140625,1592.429443359375,6813819740.0,4461.89990234375,104.70999908447266,1911.300048828125,0.42639999389648436,165.19366455078125
2023-09-13,1592.892333984375,1615.05029296875,1582.217529296875,1607.988525390625,4979469106.0,4467.43994140625,104.7699966430664,1909.0999755859375,0.4249000072479248,165.19366455078125
2023-09-14,1608.0316162109375,1640.522705078125,1607.7353515625,1626.974365234375,5538958553.0,4505.10009765625,105.41000366210938,1910.0,0.42880001068115237,165.19366455078125
2023-09-15,1626.8701171875,1652.1131591796875,1613.2486572265625,1641.640380859375,4348584771.0,4450.31982421875,105.31999969482422,1923.699951171875,0.4322000026702881,165.19366455078125
2023-09-16,1641.4464111328125,1649.9886474609375,1632.577880859375,1635.2216796875,2819575929.0,4450.31982421875,105.31999969482422,1923.699951171875,0.4322000026702881,165.19366455078125
2023-09-17,1635.2010498046875,1635.512939453125,1616.779296875,1622.896728515625,3032716258.0,4450.31982421875,105.31999969482422,1923.699951171875,0.4322000026702881,165.19366455078125
2023-09-18,1623.0819091796875,1669.015380859375,1609.9573974609375,1637.3470458984375,5916674789.0,4453.52978515625,105.19999694824219,1931.5,0.4318999767303467,165.19366455078125
2023-09-19,1637.31201171875,1659.53173828125,1628.4132080078125,1643.544677734375,4405868861.0,4443.9501953125,105.19999694824219,1932.0,0.43649997711181643,165.19366455078125
2023-09-20,1643.495361328125,1649.619140625,1610.4207763671875,1622.890625,5156431986.0,4402.2001953125,105.16000366210938,1945.5999755859375,0.43489999771118165,165.19366455078125
2023-09-21,1622.591796875,1625.20458984375,1573.3057861328125,1584.3070068359375,5191732312.0,4330.0,105.36000061035156,1919.199951171875,0.4480000019073486,165.19366455078125
2023-09-22,1584.0025634765625,1601.5377197265625,1579.101318359375,1593.268310546875,3460791634.0,4320.06005859375,105.58000183105469,1925.4000244140625,0.4438000202178955,165.19366455078125
2023-09-23,1593.213134765625,1598.001708984375,1588.3289794921875,1593.8577880859375,2101436678.0,4320.06005859375,105.58000183105469,1925.4000244140625,0.4438000202178955,165.19366455078125
2023-09-24,1593.82568359375,1600.207275390625,1576.7833251953125,1580.8533935546875,3086456944.0,4320.06005859375,105.58000183105469,1925.4000244140625,0.4438000202178955,165.19366455078125
2023-09-25,1580.7474365234375,1595.8441162109375,1565.0255126953125,1588.3228759765625,4394930984.0,4337.43994140625,106.0,1916.5999755859375,0.45419998168945314,165.19366455078125
2023-09-26,1588.023193359375,1598.0977783203125,1580.16552734375,1593.417236328125,3544861160.0,4273.52978515625,106.2300033569336,1900.4000244140625,0.4558000087738037,165.19366455078125
2023-09-27,1593.1082763671875,1631.9107666015625,1585.368896484375,1597.4912109375,5533036096.0,4274.509765625,106.66999816894531,1871.5999755859375,0.4625999927520752,165.19366455078125
2023-09-28,1597.6719970703125,1666.024169921875,1597.294677734375,1652.8826904296875,6658092168.0,4299.7001953125,106.22000122070312,1860.4000244140625,0.45970001220703127,165.19366455078125
2023-09-29,1652.9998779296875,1687.28125,1648.656494140625,1667.94384765625,5529687537.0,4288.0498046875,106.16999816894531,1848.0999755859375,0.45729999542236327,165.19366455078125
2023-09-30,1667.83447265625,1692.5311279296875,1666.5638427734375,1671.161865234375,3155292192.0,4288.0498046875,106.16999816894531,1848.0999755859375,0.45729999542236327,165.19366455078125
2023-10-01,1671.1614990234375,1750.595703125,1670.0821533203125,1733.8104248046875,5054880180.0,4288.0498046875,106.16999816894531,1848.0999755859375,0.45729999542236327,165.19366455078125
2023-10-02,1732.9840087890625,1743.5635986328125,1646.07763671875,1663.6275634765625,8420552922.0,4288.39013671875,106.9000015258789,1830.0,0.46830000877380373,165.19366455078125
2023-10-03,1662.88720703125,1670.3563232421875,1644.4964599609375,1656.6856689453125,4742827302.0,4229.4501953125,107.0,1824.5999755859375,0.48020000457763673,165.19366455078125
2023-10-04,1656.7359619140625,1657.2535400390625,1629.4266357421875,1647.838134765625,5127524863.0,4263.75,106.80000305175781,1818.5,0.47350001335144043,165.19366455078125
2023-10-05,1647.7882080078125,1654.3790283203125,1609.8499755859375,1611.4764404296875,5403759057.0,4258.18994140625,106.33000183105469,1816.5999755859375,0.47170000076293944,165.19366455078125
2023-10-06,1611.36572265625,1659.60986328125,1611.36572265625,1645.83154296875,4941208729.0,4308.5,106.04000091552734,1830.199951171875,0.47839999198913574,165.19366455078125
2023-10-07,1645.8109130859375,1648.1837158203125,1631.158203125,1634.51123046875,2578994988.0,4308.5,106.04000091552734,1830.199951171875,0.47839999198913574,165.19366455078125
2023-10-08,1634.6573486328125,1641.182373046875,1618.189208984375,1633.548583984375,3315554175.0,4308.5,106.04000091552734,1830.199951171875,0.47839999198913574,165.19366455078125
2023-10-09,1633.454833984375,1635.4478759765625,1553.0069580078125,1579.806640625,7020801716.0,4335.66015625,106.08000183105469,1849.5,0.47969999313354494,165.19366455078125
2023-10-10,1580.112060546875,1593.7413330078125,1553.03173828125,1567.7130126953125,5254966125.0,4358.240234375,105.83000183105469,1861.0,0.465500020980835,165.19366455078125
2023-10-11,1567.6807861328125,1578.2235107421875,1548.98046875,1566.2547607421875,5416504273.0,4376.9501953125,105.81999969482422,1872.800048828125,0.45949997901916506,165.19366455078125
2023-10-12,1566.35595703125,1566.878173828125,1523.237548828125,1539.6124267578125,5003930677.0,4349.60986328125,106.56999969482422,1869.300048828125,0.47119998931884766,165.19366455078125
2023-10-13,1539.432861328125,1571.7506103515625,1537.921142578125,1552.0894775390625,4575141511.0,4327.77978515625,106.6500015258789,1927.4000244140625,0.4629000186920166,165.19366455078125
2023-10-14,1552.2637939453125,1560.3250732421875,1545.73876953125,1555.2568359375,2429214718.0,4327.77978515625,106.6500015258789,1927.4000244140625,0.4629000186920166,165.19366455078125
2023-10-15,1555.0760498046875,1565.7608642578125,1550.5545654296875,1558.06982421875,2923337883.0,4327.77978515625,106.6500015258789,1927.4000244140625,0.4629000186920166,165.19366455078125
2023-10-16,1558.3134765625,1628.15625,1555.9896240234375,1600.5343017578125,8846928526.0,4373.6298828125,106.23999786376953,1921.0999755859375,0.47119998931884766,165.19366455078125
2023-10-17,1600.6356201171875,1601.294677734375,1554.4029541015625,1565.4395751953125,5032686973.0,4373.2001953125,106.25,1922.699951171875,0.48470001220703124,165.19366455078125
2023-10-18,1565.3828125,1584.7269287109375,1556.736328125,1563.7498779296875,4354138855.0,4314.60009765625,106.56999969482422,1955.300048828125,0.49039998054504397,165.19366455078125
2023-10-19,1563.9581298828125,1573.7376708984375,1543.5850830078125,1567.45703125,5035110867.0,4278.0,106.25,1968.4000244140625,0.498799991607666,165.19366455078125
2023-10-20,1567.5709228515625,1628.6090087890625,1562.3028564453125,1604.6668701171875,6747486127.0,4224.16015625,106.16000366210938,1982.5,0.4923999786376953,165.19366455078125
2023-10-21,1604.822265625,1641.2418212890625,1593.447998046875,1629.304443359375,4212179634.0,4224.16015625,106.16000366210938,1982.5,0.4923999786376953,165.19366455078125
2023-10-22,1629.2977294921875,1667.6666259765625,1623.9847412109375,1663.429931640625,5248406817.0,4224.16015625,106.16000366210938,1982.5,0.4923999786376953,165.19366455078125
2023-10-23,1674.8492431640625,1794.0704345703125,1663.447998046875,1765.3826904296875,14362295879.0,4217.0400390625,105.54000091552734,1976.300048828125,0.48379998207092284,165.19366455078125
2023-10-24,1766.0146484375,1852.6844482421875,1758.6900634765625,1784.4375,15888690475.0,4247.68017578125,106.2699966430664,1975.0,0.48400001525878905,165.19366455078125
2023-10-25,1784.905029296875,1814.4847412109375,1762.1470947265625,1787.3975830078125,9439066475.0,4186.77001953125,106.52999877929688,1984.0999755859375,0.4953000068664551,165.19366455078125
2023-10-26,1787.48193359375,1865.09521484375,1764.0130615234375,1804.039306640625,11196672635.0,4137.22998046875,106.5999984741211,1987.199951171875,0.48449997901916503,165.19366455078125
2023-10-27,1803.794921875,1804.1358642578125,1751.4400634765625,1780.0452880859375,7493399771.0,4117.3701171875,106.55999755859375,1988.5999755859375,0.48449997901916503,165.19366455078125
2023-10-28,1780.084228515625,1800.6053466796875,1773.4366455078125,1776.6181640625,4226112731.0,4117.3701171875,106.55999755859375,1988.5999755859375,0.48449997901916503,165.19366455078125
2023-10-29,1776.56396484375,1810.4886474609375,1766.052978515625,1795.5460205078125,4358528382.0,4117.3701171875,106.55999755859375,1988.5999755859375,0.48449997901916503,165.19366455078125
2023-10-30,1795.589111328125,1829.24951171875,1779.364501953125,1810.088623046875,7534051038.0,4166.81982421875,106.12000274658203,1996.199951171875,0.4875,165.19366455078125
2023-10-31,1810.131591796875,1819.97265625,1784.567626953125,1816.458984375,6477922747.0,4193.7998046875,106.66000366210938,1985.199951171875,0.4875,165.19366455078125
2023-11-01,1815.8720703125,1858.3128662109375,1786.4095458984375,1847.0897216796875,10628825648.0,4237.85986328125,106.87999725341797,1978.800048828125,0.47890000343322753,165.19366455078125
2023-11-02,1847.2598876953125,1873.885009765625,1790.11474609375,1800.6209716796875,9004197724.0,4317.77978515625,106.12000274658203,1985.5999755859375,0.46690001487731936,165.19366455078125
2023-11-03,1800.91650390625,1835.072509765625,1779.635498046875,1832.795166015625,7622864055.0,4358.33984375,105.0199966430664,1991.5,0.4558000087738037,165.19366455078125
2023-11-04,1833.368896484375,1867.2613525390625,1825.736572265625,1857.6986083984375,4845080427.0,4358.33984375,105.0199966430664,1991.5,0.4558000087738037,165.19366455078125
2023-11-05,1857.3956298828125,1911.608642578125,1848.6201171875,1894.15771484375,8867152645.0,4358.33984375,105.0199966430664,1991.5,0.4558000087738037,165.19366455078125
2023-11-06,1894.027099609375,1914.5826416015625,1871.9730224609375,1899.83740234375,8104122602.0,4365.97998046875,105.22000122070312,1981.5999755859375,0.46620001792907717,165.19366455078125
2023-11-07,1900.5997314453125,1907.5614013671875,1852.7908935546875,1888.124267578125,9203228152.0,4378.3798828125,105.54000091552734,1966.800048828125,0.45710000991821287,165.19366455078125
2023-11-08,1887.1190185546875,1904.5462646484375,1874.545654296875,1889.3223876953125,6751627017.0,4382.77978515625,105.58999633789062,1951.5,0.452299976348877,165.19366455078125
2023-11-09,1888.9403076171875,2130.88525390625,1884.204345703125,2120.56103515625,24709695029.0,4347.35009765625,105.91000366210938,1964.199951171875,0.4630000114440918,165.19366455078125
2023-11-10,2121.0673828125,2134.69140625,2068.13427734375,2078.289794921875,14740624457.0,4415.240234375,105.86000061035156,1932.5999755859375,0.4627999782562256,165.19366455078125
2023-11-11,2078.058349609375,2089.530517578125,2035.0821533203125,2052.7138671875,10228351203.0,4415.240234375,105.86000061035156,1932.5999755859375,0.4627999782562256,165.19366455078125
2023-11-12,2053.11865234375,2066.00341796875,2019.028076171875,2045.18701171875,7951011698.0,4415.240234375,105.86000061035156,1932.5999755859375,0.4627999782562256,165.19366455078125
2023-11-13,2045.3544921875,2116.0107421875,2031.9542236328125,2055.265380859375,14322027970.0,4411.5498046875,105.66000366210938,1945.5,0.4631999969482422,165.19366455078125
2023-11-14,2054.765380859375,2065.06689453125,1939.2803955078125,1979.0526123046875,13087862495.0,4495.7001953125,104.11000061035156,1961.800048828125,0.44409999847412107,165.19366455078125
2023-11-15,1979.47265625,2061.99169921875,1968.774658203125,2060.408447265625,12626326991.0,4502.8798828125,104.38999938964844,1960.0999755859375,0.45349998474121095,165.19366455078125
2023-11-16,2059.9658203125,2088.662353515625,1940.57421875,1960.881591796875,14651619483.0,4508.240234375,104.37000274658203,1983.9000244140625,0.4445000171661377,165.19366455078125
2023-11-17,1961.8675537109375,1990.050537109375,1910.4454345703125,1961.28076171875,11881648738.0,4514.02001953125,103.81999969482422,1981.5999755859375,0.44409999847412107,165.19366455078125
2023-11-18,1961.6712646484375,1971.4622802734375,1921.0623779296875,1963.2850341796875,8064677046.0,4514.02001953125,103.81999969482422,1981.5999755859375,0.44409999847412107,165.19366455078125
2023-11-19,1963.1800537109375,2015.6339111328125,1944.90087890625,2013.2044677734375,7716048818.0,4514.02001953125,103.81999969482422,1981.5999755859375,0.44409999847412107,165.19366455078125
2023-11-20,2011.8533935546875,2066.409912109375,1996.0443115234375,2022.2391357421875,12866464824.0,4547.3798828125,103.47000122070312,1977.699951171875,0.4421999931335449,165.19366455078125
2023-11-21,2022.21728515625,2035.035888671875,1937.0667724609375,1937.0667724609375,13653500841.0,4538.18994140625,103.58999633789062,1999.300048828125,0.44180002212524416,165.19366455078125
2023-11-22,1933.5831298828125,2089.51416015625,1933.1629638671875,2064.42529296875,13372200584.0,4556.6201171875,103.91999816894531,1991.4000244140625,0.44159998893737795,165.19366455078125
2023-11-23,2063.905517578125,2088.031982421875,2041.4642333984375,2062.210693359375,7828437946.0,4556.6201171875,103.91999816894531,1991.4000244140625,0.44159998893737795,165.19366455078125
2023-11-24,2062.411865234375,2132.481201171875,2060.9990234375,2081.152099609375,12141148820.0,4559.33984375,103.4000015258789,2002.199951171875,0.44720001220703126,165.19366455078125
2023-11-25,2081.296142578125,2091.3427734375,2067.917236328125,2084.4130859375,5362623390.0,4559.33984375,103.4000015258789,2002.199951171875,0.44720001220703126,165.19366455078125
2023-11-26,2084.177490234375,2094.095947265625,2038.6004638671875,2063.2861328125,8054814154.0,4559.33984375,103.4000015258789,2002.199951171875,0.44720001220703126,165.19366455078125
2023-11-27,2062.390869140625,2070.606201171875,1988.120361328125,2027.4173583984375,10574810069.0,4550.43017578125,103.19999694824219,2011.800048828125,0.4388999938964844,165.19366455078125
2023-11-28,2027.5172119140625,2074.9541015625,1996.814697265625,2049.338134765625,9910633038.0,4554.89013671875,102.75,2039.699951171875,0.43359999656677245,165.19366455078125
2023-11-29,2049.186767578125,2071.994384765625,2020.756591796875,2029.92919921875,8945151861.0,4550.580078125,102.7699966430664,2047.0999755859375,0.42709999084472655,165.19366455078125
2023-11-30,2029.3583984375,2054.4443359375,2022.4617919921875,2052.55615234375,8107789163.0,4567.7998046875,103.5,2038.0999755859375,0.43520002365112304,165.19366455078125
2023-12-01,2052.0966796875,2109.319091796875,2046.5570068359375,2087.139892578125,10866891430.0,4594.6298828125,103.2699966430664,2071.0,0.42259998321533204,165.19366455078125
2023-12-02,2087.66357421875,2182.81787109375,2087.407958984375,2165.7041015625,9130124831.0,4594.6298828125,103.2699966430664,2071.0,0.42259998321533204,165.19366455078125
2023-12-03,2165.895751953125,2213.17578125,2151.720947265625,2193.691650390625,8278465782.0,4594.6298828125,103.2699966430664,2071.0,0.42259998321533204,165.19366455078125
2023-12-04,2193.663330078125,2273.06982421875,2193.00732421875,2243.2158203125,16149367134.0,4569.77978515625,103.63999938964844,2024.0999755859375,0.42880001068115237,165.19366455078125
2023-12-05,2243.092529296875,2306.5703125,2191.17626953125,2293.841796875,15383072559.0,4567.18017578125,104.05000305175781,2018.5,0.4171000003814697,165.19366455078125
2023-12-06,2293.628173828125,2310.713134765625,2225.0810546875,2231.661376953125,12790612571.0,4549.33984375,104.1500015258789,2030.5,0.4120999813079834,165.19366455078125
2023-12-07,2233.2177734375,2380.729736328125,2225.050537109375,2357.57958984375,14766891042.0,4585.58984375,103.54000091552734,2029.9000244140625,0.4129000186920166,165.19366455078125
2023-12-08,2357.169189453125,2387.514404296875,2340.92041015625,2358.73193359375,12543458699.0,4604.3701171875,104.01000213623047,1998.300048828125,0.4244999885559082,165.19366455078125
2023-12-09,2358.68603515625,2401.760498046875,2331.666015625,2341.17529296875,10613312823.0,4604.3701171875,104.01000213623047,1998.300048828125,0.4244999885559082,165.19366455078125
2023-12-10,2341.440185546875,2376.749755859375,2323.40576171875,2352.462646484375,7369608905.0,4604.3701171875,104.01000213623047,1998.300048828125,0.4244999885559082,165.19366455078125
2023-12-11,2352.49658203125,2354.9140625,2160.358154296875,2224.578857421875,17989249470.0,4622.43994140625,104.0999984741211,1978.0,0.4238999843597412,165.19366455078125
2023-12-12,2224.39111328125,2242.55126953125,2166.77001953125,2202.0380859375,11391132228.0,4643.7001953125,103.87000274658203,1977.800048828125,0.42059998512268065,165.19366455078125
2023-12-13,2202.600341796875,2283.09912109375,2150.75439453125,2260.648681640625,12576395493.0,4707.08984375,102.87000274658203,1982.300048828125,0.40329999923706056,165.19366455078125
2023-12-14,2260.736083984375,2331.6015625,2239.3662109375,2316.5791015625,12608711052.0,4719.5498046875,101.95999908447266,2030.199951171875,0.3930000066757202,165.19366455078125
2023-12-15,2316.1103515625,2316.892822265625,2214.26318359375,2219.33740234375,10259157898.0,4719.18994140625,102.55000305175781,2021.0999755859375,0.39279999732971194,165.19366455078125
2023-12-16,2220.41552734375,2260.809814453125,2213.55078125,2226.926513671875,6866555430.0,4719.18994140625,102.55000305175781,2021.0999755859375,0.39279999732971194,165.19366455078125
2023-12-17,2226.892578125,2244.366455078125,2195.76171875,2196.481201171875,7410453853.0,4719.18994140625,102.55000305175781,2021.0999755859375,0.39279999732971194,165.19366455078125
2023-12-18,2195.341796875,2222.019287109375,2120.12744140625,2217.2734375,10366536490.0,4740.56005859375,102.51000213623047,2026.300048828125,0.3953999996185303,165.19366455078125
2023-12-19,2218.240966796875,2253.348876953125,2139.723388671875,2177.87255859375,10619179629.0,4768.3701171875,102.16999816894531,2038.4000244140625,0.3921999931335449,165.19366455078125
2023-12-20,2177.239501953125,2263.3291015625,2161.21875,2201.911376953125,12652290807.0,4698.35009765625,102.41000366210938,2034.5,0.3877000093460083,165.19366455078125
2023-12-21,2201.7900390625,2278.12158203125,2184.856689453125,2239.54248046875,12616530536.0,4746.75,101.83999633789062,2039.0999755859375,0.38940000534057617,165.19366455078125
2023-12-22,2239.59814453125,2341.947509765625,2233.53271484375,2326.52490234375,16137246310.0,4754.6298828125,101.69999694824219,2057.10009765625,0.39010000228881836,165.19366455078125
2023-12-23,2326.7158203125,2332.072021484375,2270.428955078125,2309.04638671875,7995772945.0,4754.6298828125,101.69999694824219,2057.10009765625,0.39010000228881836,165.19366455078125
2023-12-24,2309.626708984375,2325.705078125,2249.984375,2265.692138671875,9450799236.0,4754.6298828125,101.69999694824219,2057.10009765625,0.39010000228881836,165.19366455078125
2023-12-25,2265.340576171875,2303.551025390625,2254.574462890625,2272.561767578125,8036302656.0,4754.6298828125,101.69999694824219,2057.10009765625,0.39010000228881836,165.19366455078125
2023-12-26,2272.21875,2274.557373046875,2180.225341796875,2231.46533203125,10668581464.0,4774.75,101.47000122070312,2058.199951171875,0.3885999917984009,165.19366455078125
2023-12-27,2231.39306640625,2392.608642578125,2215.140380859375,2378.739990234375,14161342927.0,4781.580078125,100.98999786376953,2081.89990234375,0.37890000343322755,165.19366455078125
2023-12-28,2380.20068359375,2445.017578125,2338.703857421875,2347.566162109375,15660799060.0,4783.35009765625,101.2300033569336,2073.89990234375,0.38499999046325684,165.19366455078125
2023-12-29,2346.84375,2386.004638671875,2262.975830078125,2300.690673828125,12536968996.0,4769.830078125,101.33000183105469,2062.39990234375,0.3865999937057495,165.19366455078125
2023-12-30,2300.399658203125,2322.021484375,2270.011962890625,2292.0654296875,6888195427.0,4769.830078125,101.33000183105469,2062.39990234375,0.3865999937057495,165.19366455078125
2023-12-31,2291.9453125,2318.512939453125,2261.394287109375,2281.47119140625,6871481744.0,4769.830078125,101.33000183105469,2062.39990234375,0.3865999937057495,165.19366455078125
2024-01-01,2282.870361328125,2352.327880859375,2267.01806640625,2352.327880859375,6906765990.0,4769.830078125,101.33000183105469,2062.39990234375,0.3865999937057495,165.19366455078125
2024-01-02,2352.593505859375,2431.21240234375,2348.892333984375,2355.83642578125,12910543630.0,4742.830078125,102.19999694824219,2064.39990234375,0.39460000991821287,165.19366455078125
2024-01-03,2355.9814453125,2385.11767578125,2113.92529296875,2210.761962890625,19332933581.0,4704.81005859375,102.45999908447266,2034.199951171875,0.3907000064849854,165.19366455078125
2024-01-04,2210.529052734375,2294.608154296875,2204.86572265625,2269.0380859375,11044564896.0,4688.68017578125,102.41999816894531,2042.300048828125,0.3990999937057495,165.19366455078125
2024-01-05,2269.409423828125,2276.7646484375,2209.537109375,2268.647216796875,10860953290.0,4697.240234375,102.41000366210938,2042.4000244140625,0.40419998168945315,165.19366455078125
2024-01-06,2269.5400390625,2271.359375,2219.781982421875,2241.624755859375,5970741680.0,4697.240234375,102.41000366210938,2042.4000244140625,0.40419998168945315,165.19366455078125
2024-01-07,2242.0126953125,2257.1279296875,2211.5625,2222.865966796875,6490053615.0,4697.240234375,102.41000366210938,2042.4000244140625,0.40419998168945315,165.19366455078125
2024-01-08,2222.857666015625,2358.815673828125,2171.99365234375,2333.03271484375,13830287095.0,4763.5400390625,102.20999908447266,2026.5999755859375,0.40019998550415037,165.19366455078125
2024-01-09,2332.8681640625,2369.6416015625,2243.21923828125,2344.8271484375,14891130716.0,4756.5,102.56999969482422,2026.4000244140625,0.4019000053405762,165.19366455078125
2024-01-10,2344.923583984375,2626.976806640625,2341.943115234375,2582.103515625,29042100476.0,4783.4501953125,102.36000061035156,2021.699951171875,0.403000020980835,165.19366455078125
2024-01-11,2584.171630859375,2687.779052734375,2567.99365234375,2619.619140625,22575246883.0,4780.240234375,102.29000091552734,2014.300048828125,0.3976999998092651,165.19366455078125
2024-01-12,2619.177001953125,2710.421875,2460.925537109375,2524.460205078125,23623839263.0,4783.830078125,102.4000015258789,2046.699951171875,0.3950000047683716,165.19366455078125
2024-01-13,2522.933837890625,2589.079833984375,2498.594482421875,2576.597900390625,12250316867.0,4783.830078125,102.4000015258789,2046.699951171875,0.3950000047683716,165.19366455078125
2024-01-14,2578.003662109375,2578.332275390625,2470.42431640625,2472.2412109375,9405587417.0,4783.830078125,102.4000015258789,2046.699951171875,0.3950000047683716,165.19366455078125
2024-01-15,2471.6669921875,2550.76904296875,2470.82080078125,2511.36376953125,9700630000.0,4783.830078125,102.4000015258789,2046.699951171875,0.3950000047683716,165.19366455078125
2024-01-16,2510.627197265625,2613.56689453125,2500.00390625,2587.691162109375,11063317095.0,4765.97998046875,103.36000061035156,2026.0,0.4065999984741211,165.19366455078125
2024-01-17,2587.044677734375,2592.737060546875,2508.432861328125,2528.369384765625,10441017520.0,4739.2099609375,103.44999694824219,2002.5999755859375,0.4105999946594238,165.19366455078125
2024-01-18,2528.59326171875,2546.263916015625,2426.135498046875,2467.018798828125,11900028080.0,4780.93994140625,103.54000091552734,2018.5999755859375,0.4144000053405762,165.19366455078125
2024-01-19,2468.68896484375,2501.30517578125,2414.7109375,2489.49853515625,11405278376.0,4839.81005859375,103.29000091552734,2026.5,0.41459999084472654,165.19366455078125
2024-01-20,2489.84765625,2489.84765625,2456.095703125,2469.589111328125,5297826161.0,4839.81005859375,103.29000091552734,2026.5,0.41459999084472654,165.19366455078125
2024-01-21,2469.798583984375,2479.760498046875,2452.377685546875,2453.9130859375,4578471955.0,4839.81005859375,103.29000091552734,2026.5,0.41459999084472654,165.19366455078125
2024-01-22,2454.9873046875,2463.447265625,2303.502685546875,2310.826416015625,13923771728.0,4850.43017578125,103.33000183105469,2019.800048828125,0.40939998626708984,165.19366455078125
2024-01-23,2310.95166015625,2348.03125,2167.282470703125,2240.68603515625,16182147521.0,4864.60009765625,103.62000274658203,2023.699951171875,0.4142000198364258,165.19366455078125
2024-01-24,2241.749755859375,2261.384521484375,2197.65673828125,2233.561767578125,10134722960.0,4868.5498046875,103.23999786376953,2013.9000244140625,0.4177999973297119,165.19366455078125
2024-01-25,2233.969970703125,2240.380859375,2173.6865234375,2217.710205078125,9302247037.0,4894.16015625,103.56999969482422,2016.9000244140625,0.41319999694824217,165.19366455078125
2024-01-26,2217.44189453125,2280.3837890625,2196.14013671875,2267.19970703125,9975117607.0,4890.97021484375,103.47000122070312,2016.800048828125,0.4159999847412109,165.19366455078125
2024-01-27,2267.3193359375,2282.54443359375,2252.38525390625,2267.885986328125,5144367230.0,4890.97021484375,103.47000122070312,2016.800048828125,0.4159999847412109,165.19366455078125
2024-01-28,2268.19287109375,2306.898681640625,2242.683837890625,2257.208740234375,7296214994.0,4890.97021484375,103.47000122070312,2016.800048828125,0.4159999847412109,165.19366455078125
2024-01-29,2256.995361328125,2320.02734375,2237.711669921875,2317.064208984375,8948195551.0,4927.93017578125,103.61000061035156,2025.199951171875,0.40910000801086427,165.19366455078125
2024-01-30,2317.435791015625,2388.87060546875,2298.281982421875,2344.49365234375,10173440062.0,4924.97021484375,103.4000015258789,2031.5,0.4059000015258789,165.19366455078125
2024-01-31,2343.558837890625,2349.611328125,2264.443603515625,2282.54443359375,10807883277.0,4845.64990234375,103.2699966430664,2048.39990234375,0.39670000076293943,165.19366455078125
2024-02-01,2282.17529296875,2309.842529296875,2243.57177734375,2303.82470703125,8895583113.0,4906.18994140625,103.05000305175781,2053.0,0.38629999160766604,165.19366455078125
2024-02-02,2303.7060546875,2323.053466796875,2282.230224609375,2308.0380859375,7186143091.0,4958.60986328125,103.91999816894531,2036.0999755859375,0.40329999923706056,165.19366455078125
2024-02-03,2307.980224609375,2327.346923828125,2293.5380859375,2296.038330078125,4647754021.0,4958.60986328125,103.91999816894531,2036.0999755859375,0.40329999923706056,165.19366455078125
2024-02-04,2296.116943359375,2309.01123046875,2272.304931640625,2289.546142578125,5438100035.0,4958.60986328125,103.91999816894531,2036.0999755859375,0.40329999923706056,165.19366455078125
2024-02-05,2289.20556640625,2334.6767578125,2270.06787109375,2298.888916015625,7277068110.0,4942.81005859375,104.44999694824219,2025.699951171875,0.41640000343322753,165.19366455078125
2024-02-06,2298.955078125,2389.826171875,2296.78857421875,2372.201904296875,9520885493.0,4954.22998046875,104.18000030517578,2034.5,0.40900001525878904,165.19366455078125
2024-02-07,2372.2626953125,2442.63623046875,2353.7060546875,2423.7451171875,9660628536.0,4995.06005859375,104.04000091552734,2035.199951171875,0.41100001335144043,165.19366455078125
2024-02-08,2424.080078125,2459.556640625,2414.74951171875,2419.906494140625,9941841732.0,4997.91015625,104.1500015258789,2032.199951171875,0.41700000762939454,165.19366455078125
2024-02-09,2419.773681640625,2522.724609375,2419.36279296875,2487.515625,13634203177.0,5026.60986328125,104.08000183105469,2023.300048828125,0.4186999797821045,165.19366455078125
2024-02-10,2487.650390625,2516.7197265625,2475.857666015625,2501.228271484375,6474444159.0,5026.60986328125,104.08000183105469,2023.300048828125,0.4186999797821045,165.19366455078125
2024-02-11,2501.1298828125,2537.67919921875,2495.21435546875,2507.570556640625,7347245813.0,5026.60986328125,104.08000183105469,2023.300048828125,0.4186999797821045,165.19366455078125
2024-02-12,2507.578857421875,2663.8427734375,2473.81201171875,2658.115966796875,13022696866.0,5021.83984375,104.16999816894531,2018.199951171875,0.41719999313354494,165.19366455078125
2024-02-13,2659.586181640625,2686.455078125,2599.16943359375,2642.185302734375,18271237044.0,4953.169921875,104.95999908447266,1992.9000244140625,0.4315999984741211,165.19366455078125
2024-02-14,2641.685302734375,2786.8935546875,2621.025390625,2777.90234375,21448973822.0,5000.6201171875,104.72000122070312,1990.300048828125,0.4267000198364258,165.19366455078125
2024-02-15,2777.601318359375,2865.845458984375,2764.010498046875,2824.37890625,23734481937.0,5029.72998046875,104.30000305175781,2002.0999755859375,0.4239999771118164,165.19366455078125
2024-02-16,2825.480712890625,2858.450439453125,2760.3310546875,2803.69140625,17057114638.0,5005.56982421875,104.27999877929688,2011.5,0.42950000762939455,165.19366455078125
2024-02-17,2803.73583984375,2805.128662109375,2724.386962890625,2786.672607421875,17932379943.0,5005.56982421875,104.27999877929688,2011.5,0.42950000762939455,165.19366455078125
2024-02-18,2786.709716796875,2892.843505859375,2767.9130859375,2878.998046875,23355830478.0,5005.56982421875,104.27999877929688,2011.5,0.42950000762939455,165.19366455078125
2024-02-19,2881.296875,2983.37060546875,2860.263671875,2943.57470703125,15163110589.0,5005.56982421875,104.27999877929688,2011.5,0.42950000762939455,165.19366455078125
2024-02-20,2944.1064453125,3031.5244140625,2879.9033203125,3013.503662109375,20341598470.0,4975.509765625,104.08000183105469,2027.5,0.42750000953674316,165.19366455078125
2024-02-21,3015.6533203125,3017.1904296875,2875.41845703125,2970.35546875,18897136867.0,4981.7998046875,104.01000213623047,2022.300048828125,0.43249998092651365,165.19366455078125
2024-02-22,2969.599853515625,3030.666015625,2907.109375,2971.00732421875,18058908246.0,5087.02978515625,103.95999908447266,2019.699951171875,0.43270001411437986,165.19366455078125
2024-02-23,2970.1396484375,2991.32958984375,2906.583740234375,2921.658203125,12822717059.0,5088.7998046875,103.94000244140625,2038.5999755859375,0.4260000228881836,165.19366455078125
2024-02-24,2921.962890625,3003.195068359375,2907.70068359375,2992.385986328125,10701688842.0,5088.7998046875,103.94000244140625,2038.5999755859375,0.4260000228881836,165.19366455078125
2024-02-25,2992.36669921875,3117.428955078125,2984.39306640625,3112.697265625,14620450464.0,5088.7998046875,103.94000244140625,2038.5999755859375,0.4260000228881836,165.19366455078125
2024-02-26,3112.529052734375,3197.375,3037.95458984375,3178.99365234375,17504464351.0,5069.52978515625,103.83000183105469,2028.5,0.4298999786376953,165.19366455078125
2024-02-27,3178.405029296875,3287.9580078125,3167.83056640625,3244.519287109375,21090315368.0,5078.18017578125,103.83000183105469,2034.0,0.4315000057220459,165.19366455078125
2024-02-28,3243.893310546875,3485.450927734375,3201.575927734375,3385.703857421875,32885894265.0,5069.759765625,103.9800033569336,2033.0,0.427400016784668,165.19366455078125
2024-02-29,3386.802734375,3518.96923828125,3303.9052734375,3341.919677734375,28469171094.0,5096.27001953125,104.16000366210938,2045.699951171875,0.4251999855041504,165.19366455078125
2024-03-01,3341.9658203125,3452.626220703125,3341.85107421875,3435.053955078125,16880101987.0,5137.080078125,103.86000061035156,2086.89990234375,0.4179999828338623,165.19366455078125
2024-03-02,3436.1591796875,3459.747314453125,3398.89892578125,3422.0498046875,12024340617.0,5137.080078125,103.86000061035156,2086.89990234375,0.4179999828338623,165.19366455078125
2024-03-03,3422.875244140625,3491.16845703125,3372.214111328125,3490.99365234375,13643324467.0,5137.080078125,103.86000061035156,2086.89990234375,0.4179999828338623,165.19366455078125
2024-03-04,3489.340087890625,3641.459228515625,3446.017578125,3630.433837890625,26772963830.0,5130.9501953125,103.83000183105469,2117.699951171875,0.42189998626708985,165.19366455078125
2024-03-05,3631.928955078125,3828.15966796875,3224.119384765625,3554.964599609375,47706899137.0,5078.64990234375,103.80000305175781,2133.5,0.413700008392334,165.19366455078125
2024-03-06,3554.06787109375,3901.434326171875,3502.802490234375,3819.226318359375,34938642613.0,5104.759765625,103.37000274658203,2150.300048828125,0.4104000091552734,165.19366455078125
2024-03-07,3818.31103515625,3939.593994140625,3738.685302734375,3874.34765625,22457177587.0,5157.35986328125,102.81999969482422,2158.0,0.40920000076293944,165.19366455078125
2024-03-08,3874.830810546875,3998.826416015625,3828.36328125,3892.06103515625,26135487051.0,5123.68994140625,102.73999786376953,2178.60009765625,0.40890002250671387,165.19366455078125
2024-03-09,3892.119140625,3950.396484375,3880.658935546875,3915.4189453125,11926623780.0,5123.68994140625,102.73999786376953,2178.60009765625,0.40890002250671387,165.19366455078125
2024-03-10,3915.590576171875,3968.7236328125,3800.564453125,3881.193115234375,15783924355.0,5123.68994140625,102.73999786376953,2178.60009765625,0.40890002250671387,165.19366455078125
2024-03-11,3881.23779296875,4087.050048828125,3745.125244140625,4066.445068359375,28806262507.0,5117.93994140625,102.87000274658203,2182.5,0.4104000091552734,165.19366455078125
2024-03-12,4066.6904296875,4092.2841796875,3831.889892578125,3980.273193359375,26917010932.0,5175.27001953125,102.95999908447266,2160.39990234375,0.41550002098083494,165.19366455078125
2024-03-13,3980.26513671875,4083.00732421875,3936.627197265625,4006.45703125,22028114691.0,5165.31005859375,102.79000091552734,2175.39990234375,0.4191999912261963,165.19366455078125
2024-03-14,4005.7451171875,4011.102783203125,3721.78857421875,3883.140380859375,25434810823.0,5150.47998046875,103.36000061035156,2163.0,0.42979998588562013,165.19366455078125
2024-03-15,3882.85693359375,3928.775634765625,3571.774658203125,3735.22021484375,33505075433.0,5117.08984375,103.43000030517578,2157.300048828125,0.4303999900817871,165.19366455078125
2024-03-16,3736.10498046875,3780.89453125,3468.079345703125,3522.860107421875,20199855932.0,5117.08984375,103.43000030517578,2157.300048828125,0.4303999900817871,165.19366455078125
2024-03-17,3523.02978515625,3676.263427734375,3414.17236328125,3642.4130859375,19938757095.0,5117.08984375,103.43000030517578,2157.300048828125,0.4303999900817871,165.19366455078125
2024-03-18,3642.298828125,3642.4970703125,3456.09130859375,3517.985107421875,21162220224.0,5149.419921875,103.58000183105469,2160.699951171875,0.43400001525878906,165.19366455078125
2024-03-19,3518.34765625,3546.582275390625,3149.286865234375,3157.6181640625,34166976701.0,5178.509765625,103.80999755859375,2156.300048828125,0.4296999931335449,165.19366455078125
2024-03-20,3158.396728515625,3534.826416015625,3059.65478515625,3513.39306640625,36605316331.0,5224.6201171875,103.41000366210938,2157.89990234375,0.42729997634887695,165.19366455078125
2024-03-21,3514.017578125,3586.905029296875,3412.22265625,3492.9912109375,22213647922.0,5241.52978515625,104.0,2182.39990234375,0.42709999084472655,165.19366455078125
2024-03-22,3492.89794921875,3541.898193359375,3254.96923828125,3333.68798828125,20574952329.0,5234.18017578125,104.43000030517578,2158.10009765625,0.4217999935150146,165.19366455078125
2024-03-23,3335.592529296875,3433.758056640625,3273.115478515625,3336.593994140625,13242137554.0,5234.18017578125,104.43000030517578,2158.10009765625,0.4217999935150146,165.19366455078125
2024-03-24,3336.666015625,3470.344482421875,3301.27734375,3454.636474609375,12156660941.0,5234.18017578125,104.43000030517578,2158.10009765625,0.4217999935150146,165.19366455078125
2024-03-25,3454.8857421875,3657.118896484375,3421.79052734375,3590.8837890625,18603921705.0,5218.18994140625,104.2300033569336,2174.800048828125,0.42529997825622556,165.19366455078125
2024-03-26,3591.085205078125,3678.789794921875,3545.4287109375,3587.5048828125,18505553577.0,5203.580078125,104.29000091552734,2175.60009765625,0.4234000205993652,165.19366455078125
2024-03-27,3587.313720703125,3664.383056640625,3460.3935546875,3500.115234375,18753082145.0,5248.490234375,104.3499984741211,2190.60009765625,0.4196000099182129,165.19366455078125
2024-03-28,3500.216064453125,3609.705322265625,3465.332275390625,3561.2939453125,16419674157.0,5254.35009765625,104.55000305175781,2217.39990234375,0.42059998512268065,165.19366455078125
2024-03-29,3561.01171875,3583.701416015625,3475.7255859375,3511.80615234375,12712701619.0,5254.35009765625,104.55000305175781,2217.39990234375,0.42059998512268065,165.19366455078125
2024-03-30,3511.82763671875,3566.08447265625,3489.902099609375,3507.9443359375,9389066783.0,5254.35009765625,104.55000305175781,2217.39990234375,0.42059998512268065,165.19366455078125
2024-03-31,3507.95166015625,3655.218994140625,3507.24267578125,3647.8564453125,10499881424.0,5254.35009765625,104.55000305175781,2217.39990234375,0.42059998512268065,165.19366455078125
2024-04-01,3647.819580078125,3648.129150390625,3418.6953125,3505.030029296875,16002098681.0,5243.77001953125,105.0199966430664,2236.5,0.43289999961853026,165.19366455078125
2024-04-02,3504.818359375,3506.962890625,3215.985107421875,3277.234619140625,22076539151.0,5205.81005859375,104.81999969482422,2261.0,0.43649997711181643,165.19366455078125
2024-04-03,3277.32421875,3368.111572265625,3205.649169921875,3311.44189453125,16010734587.0,5211.490234375,104.25,2294.39990234375,0.4355000019073486,165.19366455078125
2024-04-04,3311.495361328125,3443.20751953125,3253.3193359375,3330.04052734375,14476330517.0,5147.2099609375,104.12000274658203,2288.800048828125,0.43090000152587893,165.19366455078125
2024-04-05,3330.005859375,3345.66650390625,3214.244140625,3318.88525390625,15214447092.0,5204.33984375,104.30000305175781,2325.699951171875,0.4377999782562256,165.19366455078125
2024-04-06,3318.86474609375,3397.592529296875,3308.9833984375,3354.183837890625,8956926798.0,5204.33984375,104.30000305175781,2325.699951171875,0.4377999782562256,165.19366455078125
2024-04-07,3354.2138671875,3458.50830078125,3346.11474609375,3453.49462890625,9931108526.0,5204.33984375,104.30000305175781,2325.699951171875,0.4377999782562256,165.19366455078125
2024-04-08,3453.498779296875,3727.616455078125,3409.51171875,3695.292724609375,19055143129.0,5202.39013671875,104.13999938964844,2331.699951171875,0.4423999786376953,165.19366455078125
2024-04-09,3695.341796875,3724.92236328125,3455.107666015625,3505.163330078125,18279773833.0,5209.91015625,104.1500015258789,2343.5,0.4366000175476074,165.19366455078125
2024-04-10,3505.156005859375,3561.516357421875,3415.180419921875,3543.737060546875,16872482726.0,5160.64013671875,105.25,2329.60009765625,0.4559999942779541,165.19366455078125
2024-04-11,3543.4521484375,3616.1943359375,3477.171142578125,3505.247802734375,14076734489.0,5199.06005859375,105.27999877929688,2354.800048828125,0.4576000213623047,165.19366455078125
2024-04-12,3505.329833984375,3552.589111328125,3103.43017578125,3243.034912109375,22104869556.0,5123.41015625,106.04000091552734,2356.199951171875,0.4499000072479248,165.19366455078125
2024-04-13,3242.94091796875,3299.663818359375,2862.3935546875,3004.900390625,29930408174.0,5123.41015625,106.04000091552734,2356.199951171875,0.4499000072479248,165.19366455078125
2024-04-14,3005.547607421875,3174.66650390625,2914.4228515625,3156.94189453125,25486284994.0,5123.41015625,106.04000091552734,2356.199951171875,0.4499000072479248,165.19366455078125
2024-04-15,3156.830078125,3277.5615234375,3026.538818359375,3101.600341796875,21925843181.0,5061.81982421875,106.20999908447266,2365.800048828125,0.4627999782562256,165.19366455078125
2024-04-16,3101.140625,3127.160888671875,2997.754638671875,3084.920166015625,19441391169.0,5051.41015625,106.26000213623047,2390.800048828125,0.46589999198913573,165.19366455078125
2024-04-17,3084.923583984375,3123.669677734375,2918.5537109375,2984.7275390625,17711869375.0,5022.2099609375,105.94999694824219,2371.699951171875,0.45850000381469724,165.19366455078125
2024-04-18,2984.705322265625,3094.842041015625,2956.12744140625,3066.027587890625,15183777035.0,5011.1201171875,106.1500015258789,2382.300048828125,0.46469998359680176,165.19366455078125
2024-04-19,3065.953125,3127.114990234375,2868.7958984375,3059.278564453125,20399982867.0,4967.22998046875,106.1500015258789,2398.39990234375,0.4614999771118164,165.19366455078125
2024-04-20,3059.47802734375,3170.6728515625,3021.784912109375,3157.627197265625,9918642130.0,4967.22998046875,106.1500015258789,2398.39990234375,0.4614999771118164,165.19366455078125
2024-04-21,3157.571044921875,3197.50634765625,3119.552001953125,3147.28857421875,9394387894.0,4967.22998046875,106.1500015258789,2398.39990234375,0.4614999771118164,165.19366455078125
2024-04-22,3147.66357421875,3236.6591796875,3131.367431640625,3201.652099609375,12063858733.0,5010.60009765625,106.08000183105469,2332.199951171875,0.4623000144958496,165.19366455078125
2024-04-23,3201.588623046875,3264.41943359375,3154.58984375,3219.91162109375,11054442653.0,5070.5498046875,105.69000244140625,2327.699951171875,0.45980000495910645,165.19366455078125
2024-04-24,3219.95703125,3292.921630859375,3105.982177734375,3139.80517578125,14000234760.0,5071.6298828125,105.86000061035156,2324.5,0.46519999504089354,165.19366455078125
2024-04-25,3139.624267578125,3190.976318359375,3074.8046875,3156.509521484375,13989030260.0,5048.419921875,105.5999984741211,2329.800048828125,0.47059998512268064,165.19366455078125
2024-04-26,3156.384033203125,3166.188720703125,3103.10400390625,3130.164794921875,10622333862.0,5099.9599609375,105.94000244140625,2334.800048828125,0.46690001487731936,165.19366455078125
2024-04-27,3129.72705078125,3279.451171875,3071.340087890625,3252.168212890625,11820785577.0,5099.9599609375,105.94000244140625,2334.800048828125,0.46690001487731936,165.19366455078125
2024-04-28,3252.24560546875,3351.176513671875,3249.149169921875,3262.774658203125,11379192678.0,5099.9599609375,105.94000244140625,2334.800048828125,0.46690001487731936,165.19366455078125
2024-04-29,3262.3408203125,3285.46875,3116.199951171875,3215.428955078125,15032246816.0,5116.169921875,105.58000183105469,2345.39990234375,0.4613999843597412,165.19366455078125
2024-04-30,3215.381103515625,3249.37841796875,2918.228759765625,3012.286865234375,18266894653.0,5035.68994140625,106.22000122070312,2291.39990234375,0.4685999870300293,165.19366455078125
2024-05-01,3011.015625,3020.17333984375,2815.92333984375,2969.78466796875,20005057445.0,5018.39013671875,105.76000213623047,2299.89990234375,0.45949997901916506,165.19366455078125
2024-05-02,2969.79443359375,3015.05029296875,2894.329833984375,2988.16845703125,13163903903.0,5064.2001953125,105.30000305175781,2299.199951171875,0.45710000991821287,165.19366455078125
2024-05-03,2988.134521484375,3127.1552734375,2960.18212890625,3103.5419921875,12862183229.0,5127.7900390625,105.02999877929688,2299.0,0.45,165.19366455078125
2024-05-04,3103.61962890625,3167.541259765625,3096.267578125,3117.576416015625,8283229638.0,5127.7900390625,105.02999877929688,2299.0,0.45,165.19366455078125
2024-05-05,3117.636962890625,3170.05517578125,3075.586181640625,3137.2490234375,8783447639.0,5127.7900390625,105.02999877929688,2299.0,0.45,165.19366455078125
2024-05-06,3137.51025390625,3220.15234375,3048.238525390625,3062.728759765625,13008587255.0,5180.740234375,105.05000305175781,2321.60009765625,0.4488999843597412,165.19366455078125
2024-05-07,3062.7509765625,3129.081298828125,3003.013671875,3006.5771484375,11743187337.0,5187.7001953125,105.41000366210938,2315.199951171875,0.44629998207092286,165.19366455078125
2024-05-08,3006.315673828125,3037.196044921875,2938.47265625,2973.6572265625,11791662158.0,5187.669921875,105.55000305175781,2313.60009765625,0.4492000102996826,165.19366455078125
2024-05-09,2973.9716796875,3057.958251953125,2951.223876953125,3036.0205078125,10861947179.0,5214.080078125,105.2300033569336,2332.10009765625,0.4448999881744385,165.19366455078125
2024-05-10,3036.231201171875,3052.7294921875,2881.000732421875,2909.791259765625,12278653601.0,5222.68017578125,105.30999755859375,2367.300048828125,0.4504000186920166,165.19366455078125
2024-05-11,2909.845458984375,2942.1787109375,2888.083251953125,2911.60205078125,6795916454.0,5222.68017578125,105.30999755859375,2367.300048828125,0.4504000186920166,165.19366455078125
2024-05-12,2911.658203125,2953.04736328125,2902.201904296875,2928.701904296875,5908941395.0,5222.68017578125,105.30999755859375,2367.300048828125,0.4504000186920166,165.19366455078125
2024-05-13,2928.81396484375,2994.869140625,2865.134521484375,2949.359619140625,13352264795.0,5221.419921875,105.22000122070312,2336.10009765625,0.44809999465942385,165.19366455078125
2024-05-14,2949.213134765625,2959.546630859375,2863.5458984375,2881.157958984375,12444516140.0,5246.68017578125,105.01000213623047,2353.39990234375,0.4445000171661377,165.19366455078125
2024-05-15,2881.224609375,3041.602294921875,2864.7353515625,3037.056640625,14666902956.0,5308.14990234375,104.3499984741211,2388.699951171875,0.43559999465942384,165.19366455078125
2024-05-16,3036.01416015625,3041.80712890625,2925.08740234375,2945.131103515625,13035465176.0,5297.10009765625,104.45999908447266,2380.0,0.4376999855041504,165.19366455078125
2024-05-17,2945.136962890625,3120.3017578125,2934.112548828125,3094.11865234375,14449438097.0,5303.27001953125,104.44999694824219,2412.199951171875,0.4420000076293945,165.19366455078125
2024-05-18,3094.553466796875,3146.79052734375,3087.704345703125,3122.948974609375,9407051320.0,5303.27001953125,104.44999694824219,2412.199951171875,0.4420000076293945,165.19366455078125
2024-05-19,3122.82470703125,3137.1484375,3056.75439453125,3071.843017578125,8747800800.0,5303.27001953125,104.44999694824219,2412.199951171875,0.4420000076293945,165.19366455078125
2024-05-20,3071.85888671875,3690.805908203125,3050.2978515625,3663.85546875,31228143948.0,5308.1298828125,104.56999969482422,2433.89990234375,0.4436999797821045,165.19366455078125
2024-05-21,3663.01123046875,3837.372802734375,3628.096435546875,3789.312744140625,37643853967.0,5321.41015625,104.66000366210938,2421.699951171875,0.44140000343322755,165.19366455078125
2024-05-22,3789.372802734375,3810.948486328125,3655.0751953125,3737.2177734375,25155809461.0,5307.009765625,104.94000244140625,2389.199951171875,0.4434000015258789,165.19366455078125
2024-05-23,3737.178466796875,3943.553955078125,3552.642578125,3776.92724609375,45623656317.0,5267.83984375,105.11000061035156,2335.0,0.44749999046325684,165.19366455078125
2024-05-24,3776.992431640625,3825.12255859375,3631.990234375,3726.9345703125,22257061429.0,5304.72021484375,104.72000122070312,2332.5,0.4467000007629395,165.19366455078125
2024-05-25,3726.9755859375,3776.006591796875,3710.5283203125,3749.236572265625,10000027764.0,5304.72021484375,104.72000122070312,2332.5,0.4467000007629395,165.19366455078125
2024-05-26,3749.179931640625,3879.470703125,3732.02294921875,3825.8974609375,14650794791.0,5304.72021484375,104.72000122070312,2332.5,0.4467000007629395,165.19366455078125
2024-05-27,3826.127197265625,3973.556396484375,3821.930419921875,3892.0068359375,18949181813.0,5304.72021484375,104.72000122070312,2332.5,0.4467000007629395,165.19366455078125
2024-05-28,3892.096923828125,3924.895751953125,3771.2138671875,3840.25634765625,19846044324.0,5306.0400390625,104.61000061035156,2355.199951171875,0.45419998168945314,165.19366455078125
2024-05-29,3840.235107421875,3880.6484375,3742.041259765625,3763.196533203125,17411416736.0,5266.9501953125,105.0999984741211,2340.300048828125,0.4624000072479248,165.19366455078125
2024-05-30,3763.357666015625,3823.643310546875,3702.263671875,3746.849609375,15065849797.0,5235.47998046875,104.72000122070312,2342.89990234375,0.4553999900817871,165.19366455078125
2024-05-31,3746.861572265625,3843.857666015625,3723.835205078125,3760.026611328125,15290700646.0,5277.509765625,104.66999816894531,2322.89990234375,0.4513999938964844,165.19366455078125
2024-06-01,3759.88427734375,3829.294677734375,3749.840087890625,3813.198974609375,8661024535.0,5277.509765625,104.66999816894531,2322.89990234375,0.4513999938964844,165.19366455078125
2024-06-02,3813.275634765625,3834.911865234375,3752.41455078125,3780.89599609375,11126903059.0,5277.509765625,104.66999816894531,2322.89990234375,0.4513999938964844,165.19366455078125
2024-06-03,3780.854248046875,3848.60302734375,3758.919921875,3766.38916015625,14082454300.0,5283.39990234375,104.13999938964844,2346.60009765625,0.4401999950408936,165.19366455078125
2024-06-04,3766.476318359375,3831.364990234375,3738.13427734375,3812.515869140625,13331489271.0,5291.33984375,104.11000061035156,2325.5,0.43359999656677245,165.19366455078125
2024-06-05,3812.560791015625,3887.48583984375,3778.65576171875,3864.260986328125,15480034434.0,5354.02978515625,104.2699966430664,2354.10009765625,0.42890000343322754,165.19366455078125
2024-06-06,3864.263427734375,3878.05224609375,3761.775390625,3811.60595703125,13606583873.0,5352.9599609375,104.0999984741211,2370.300048828125,0.4281000137329102,165.19366455078125
2024-06-07,3811.666015625,3838.4521484375,3615.2802734375,3678.629150390625,18220286186.0,5346.990234375,104.88999938964844,2305.199951171875,0.4429999828338623,165.19366455078125
2024-06-08,3677.400390625,3707.497314453125,3669.637939453125,3680.949951171875,9096091805.0,5346.990234375,104.88999938964844,2305.199951171875,0.4429999828338623,165.19366455078125
2024-06-09,3680.93603515625,3719.36767578125,3668.12353515625,3705.90380859375,7910768788.0,5346.990234375,104.88999938964844,2305.199951171875,0.4429999828338623,165.19366455078125
2024-06-10,3705.877197265625,3711.4287109375,3648.16455078125,3666.717529296875,10377300126.0,5360.7900390625,105.1500015258789,2307.699951171875,0.4468999862670898,165.19366455078125
2024-06-11,3666.35888671875,3669.890869140625,3434.7490234375,3498.33056640625,19184721538.0,5375.31982421875,105.2300033569336,2307.5,0.4403999805450439,165.19366455078125
2024-06-12,3497.89697265625,3652.4921875,3463.784912109375,3559.61767578125,17142905351.0,5421.02978515625,104.6500015258789,2336.0,0.42950000762939455,165.19366455078125
2024-06-13,3559.725341796875,3559.725341796875,3431.33349609375,3469.28125,14472382154.0,5433.740234375,105.19999694824219,2300.199951171875,0.423799991607666,165.19366455078125
2024-06-14,3467.969970703125,3528.602294921875,3366.223876953125,3480.27197265625,15793876596.0,5431.60009765625,105.55000305175781,2331.39990234375,0.42129998207092284,165.19366455078125
2024-06-15,3479.78564453125,3589.887451171875,3473.45263671875,3565.549560546875,12733651076.0,5431.60009765625,105.55000305175781,2331.39990234375,0.42129998207092284,165.19366455078125
2024-06-16,3566.761962890625,3648.093017578125,3541.534423828125,3620.5634765625,9878388158.0,5431.60009765625,105.55000305175781,2331.39990234375,0.42129998207092284,165.19366455078125
2024-06-17,3622.383544921875,3634.285400390625,3468.14892578125,3511.37890625,17838856988.0,5473.22998046875,105.31999969482422,2312.39990234375,0.42789998054504397,165.19366455078125
2024-06-18,3510.565185546875,3514.17724609375,3371.59033203125,3483.681396484375,21022514455.0,5487.02978515625,105.26000213623047,2330.39990234375,0.42170000076293945,165.19366455078125
2024-06-19,3482.350830078125,3583.320068359375,3466.48095703125,3559.347412109375,15275373778.0,5487.02978515625,105.26000213623047,2330.39990234375,0.42170000076293945,165.19366455078125
2024-06-20,3559.347412109375,3623.886474609375,3485.4599609375,3511.0869140625,16115123753.0,5473.169921875,105.58999633789062,2353.800048828125,0.4254000186920166,165.19366455078125
2024-06-21,3511.268310546875,3542.957275390625,3447.935546875,3516.07568359375,15933353456.0,5464.6201171875,105.80000305175781,2316.39990234375,0.4256999969482422,165.19366455078125
2024-06-22,3516.55126953125,3519.49755859375,3477.169921875,3494.8134765625,7423703673.0,5464.6201171875,105.80000305175781,2316.39990234375,0.4256999969482422,165.19366455078125
2024-06-23,3494.953857421875,3519.324951171875,3408.5830078125,3418.61181640625,9418141333.0,5464.6201171875,105.80000305175781,2316.39990234375,0.4256999969482422,165.19366455078125
2024-06-24,3418.783203125,3430.698974609375,3244.241455078125,3350.25634765625,23137744903.0,5447.8701171875,105.47000122070312,2330.0,0.4248000144958496,165.19366455078125
2024-06-25,3350.5556640625,3422.21337890625,3335.556884765625,3395.029052734375,13235546063.0,5469.2998046875,105.61000061035156,2316.60009765625,0.423799991607666,165.19366455078125
2024-06-26,3394.373291015625,3421.509521484375,3328.390625,3369.477294921875,11694054195.0,5477.89990234375,106.05000305175781,2299.199951171875,0.4315999984741211,165.19366455078125
2024-06-27,3368.88623046875,3470.923095703125,3362.2646484375,3444.800537109375,11771834016.0,5482.8701171875,105.91000366210938,2324.5,0.42880001068115237,165.19366455078125
2024-06-28,3445.498779296875,3482.95751953125,3363.4375,3373.635986328125,12861158844.0,5460.47998046875,105.87000274658203,2327.699951171875,0.43429999351501464,165.19366455078125
2024-06-29,3373.68994140625,3401.730224609375,3369.552734375,3372.9677734375,6584792001.0,5460.47998046875,105.87000274658203,2327.699951171875,0.43429999351501464,165.19366455078125
2024-06-30,3373.07568359375,3453.21142578125,3352.284423828125,3432.88916015625,8396416013.0,5460.47998046875,105.87000274658203,2327.699951171875,0.43429999351501464,165.19366455078125
2024-07-01,3432.607421875,3513.310791015625,3425.3232421875,3440.341552734375,12281551839.0,5475.08984375,105.9000015258789,2327.60009765625,0.44790000915527345,165.19366455078125
2024-07-02,3439.38134765625,3459.761474609375,3399.026123046875,3416.354736328125,9421757718.0,5509.009765625,105.72000122070312,2323.0,0.4435999870300293,165.19366455078125
2024-07-03,3416.2548828125,3426.332275390625,3254.521240234375,3292.916748046875,16121324440.0,5537.02001953125,105.4000015258789,2359.800048828125,0.4355000019073486,165.19366455078125
2024-07-04,3291.81787109375,3309.20361328125,3054.52197265625,3054.52197265625,20252514386.0,5537.02001953125,105.4000015258789,2359.800048828125,0.4355000019073486,165.19366455078125
2024-07-05,3057.833251953125,3106.152587890625,2826.014404296875,2981.5986328125,31131942647.0,5567.18994140625,104.87999725341797,2388.5,0.4271999835968018,165.19366455078125
2024-07-06,2981.988037109375,3080.107421875,2957.395751953125,3069.3779296875,11586293705.0,5567.18994140625,104.87999725341797,2388.5,0.4271999835968018,165.19366455078125
2024-07-07,3067.405029296875,3072.814453125,2923.959228515625,2929.38720703125,10857947538.0,5567.18994140625,104.87999725341797,2388.5,0.4271999835968018,165.19366455078125
2024-07-08,2929.861572265625,3090.66455078125,2826.481689453125,3018.73193359375,22627377457.0,5572.85009765625,105.01000213623047,2355.199951171875,0.42690000534057615,165.19366455078125
2024-07-09,3018.80322265625,3105.800537109375,3005.522216796875,3064.032958984375,15269945822.0,5576.97998046875,105.12000274658203,2360.10009765625,0.43000001907348634,165.19366455078125
2024-07-10,3066.13720703125,3148.407470703125,3026.6083984375,3102.21875,14578679176.0,5633.91015625,105.05000305175781,2372.199951171875,0.42800002098083495,165.19366455078125
2024-07-11,3101.335205078125,3208.9384765625,3057.21923828125,3100.330810546875,15230095766.0,5584.5400390625,104.44000244140625,2415.0,0.4192999839782715,165.19366455078125
2024-07-12,3099.989990234375,3154.6015625,3048.508056640625,3134.15869140625,12751638331.0,5615.35009765625,104.08999633789062,2414.0,0.4189000129699707,165.19366455078125
2024-07-13,3134.550537109375,3199.989501953125,3115.080322265625,3177.19873046875,8565105946.0,5615.35009765625,104.08999633789062,2414.0,0.4189000129699707,165.19366455078125
2024-07-14,3176.741455078125,3266.487548828125,3166.43115234375,3244.0791015625,10517709666.0,5615.35009765625,104.08999633789062,2414.0,0.4189000129699707,165.19366455078125
2024-07-15,3246.131591796875,3494.098388671875,3235.776123046875,3489.552734375,18305490390.0,5631.22021484375,104.19000244140625,2422.89990234375,0.4229000091552734,165.19366455078125
2024-07-16,3486.14404296875,3498.218994140625,3351.77978515625,3443.513427734375,20446664416.0,5667.2001953125,104.2699966430664,2462.39990234375,0.4166999816894531,165.19366455078125
2024-07-17,3446.73681640625,3516.104248046875,3379.099609375,3388.75244140625,16739123962.0,5588.27001953125,103.75,2454.800048828125,0.41459999084472654,165.19366455078125
2024-07-18,3388.030029296875,3488.715576171875,3374.990478515625,3426.258544921875,15035622003.0,5544.58984375,104.16999816894531,2451.800048828125,0.4189000129699707,165.19366455078125
2024-07-19,3425.90869140625,3540.58837890625,3377.877685546875,3505.73486328125,17705629736.0,5505.0,104.4000015258789,2395.5,0.4238999843597412,165.19366455078125
2024-07-20,3505.721435546875,3539.904296875,3482.489013671875,3519.29541015625,10360198325.0,5505.0,104.4000015258789,2395.5,0.4238999843597412,165.19366455078125
2024-07-21,3519.426513671875,3546.619140625,3415.44384765625,3536.60546875,13845913681.0,5505.0,104.4000015258789,2395.5,0.4238999843597412,165.19366455078125
2024-07-22,3536.627197265625,3560.075439453125,3425.795654296875,3440.419921875,18723199034.0,5564.41015625,104.30999755859375,2392.0,0.4260000228881836,165.19366455078125
2024-07-23,3440.768310546875,3539.53173828125,3395.4208984375,3481.995849609375,24468405650.0,5555.740234375,104.44999694824219,2404.60009765625,0.4238999843597412,165.19366455078125
2024-07-24,3482.15185546875,3487.653076171875,3304.039306640625,3336.33935546875,16040945448.0,5427.1298828125,104.38999938964844,2413.300048828125,0.42859997749328616,165.19366455078125
2024-07-25,3336.3623046875,3341.4384765625,3088.764404296875,3174.42724609375,25293745810.0,5399.22021484375,104.36000061035156,2351.89990234375,0.425600004196167,165.19366455078125
2024-07-26,3174.051025390625,3285.760986328125,3172.777099609375,3275.951416015625,15993893521.0,5459.10009765625,104.31999969482422,2380.0,0.4199999809265137,165.19366455078125
2024-07-27,3275.8916015625,3327.426513671875,3195.356689453125,3247.60791015625,15198233287.0,5459.10009765625,104.31999969482422,2380.0,0.4199999809265137,165.19366455078125
2024-07-28,3247.50732421875,3283.152099609375,3201.76318359375,3271.464599609375,8959236446.0,5459.10009765625,104.31999969482422,2380.0,0.4199999809265137,165.19366455078125
2024-07-29,3271.453369140625,3396.625732421875,3257.715576171875,3320.539306640625,18334852719.0,5463.5400390625,104.55999755859375,2377.300048828125,0.4177999973297119,165.19366455078125
2024-07-30,3320.63525390625,3365.322509765625,3235.760009765625,3278.667724609375,14045773047.0,5436.43994140625,104.55000305175781,2405.0,0.41430001258850097,165.19366455078125
2024-07-31,3278.6865234375,3347.636474609375,3216.07177734375,3231.295654296875,16135380637.0,5522.2998046875,104.0999984741211,2426.5,0.41090002059936526,165.19366455078125
2024-08-01,3231.248779296875,3241.77734375,3078.5439453125,3201.564453125,20217639556.0,5446.68017578125,104.41999816894531,2435.0,0.39760000705718995,165.19366455078125
2024-08-02,3201.599365234375,3214.527099609375,2965.73388671875,2986.01318359375,21400241741.0,5346.56005859375,103.20999908447266,2425.699951171875,0.37920000553131106,165.19366455078125
2024-08-03,2985.950927734375,3015.296142578125,2861.177490234375,2903.3857421875,17844091431.0,5346.56005859375,103.20999908447266,2425.699951171875,0.37920000553131106,165.19366455078125
2024-08-04,2903.088623046875,2931.4716796875,2639.566650390625,2686.39892578125,21139601426.0,5346.56005859375,103.20999908447266,2425.699951171875,0.37920000553131106,165.19366455078125
2024-08-05,2686.027587890625,2695.88671875,2122.546142578125,2417.206298828125,67668132244.0,5186.330078125,102.69000244140625,2401.699951171875,0.37850000858306887,165.19366455078125
2024-08-06,2417.269775390625,2553.5810546875,2416.527099609375,2458.723876953125,26041995921.0,5240.02978515625,102.97000122070312,2389.10009765625,0.38880000114440916,165.19366455078125
2024-08-07,2458.989013671875,2551.560791015625,2312.168701171875,2336.58935546875,24264218606.0,5199.5,103.19999694824219,2390.5,0.39679999351501466,165.19366455078125
2024-08-08,2336.9150390625,2721.95458984375,2322.529541015625,2683.352783203125,23468291180.0,5319.31005859375,103.20999908447266,2422.199951171875,0.3996999979019165,165.19366455078125
2024-08-09,2683.719970703125,2706.451171875,2555.2294921875,2599.5986328125,17907141655.0,5344.16015625,103.13999938964844,2432.10009765625,0.3941999912261963,165.19366455078125
2024-08-10,2599.582275390625,2642.92578125,2580.661865234375,2610.02294921875,9361014219.0,5344.16015625,103.13999938964844,2432.10009765625,0.3941999912261963,165.19366455078125
2024-08-11,2609.9697265625,2718.797607421875,2544.1748046875,2553.252197265625,13595441987.0,5344.16015625,103.13999938964844,2432.10009765625,0.3941999912261963,165.19366455078125
2024-08-12,2553.49658203125,2749.135009765625,2513.39404296875,2724.431884765625,21653090666.0,5344.39013671875,103.13999938964844,2462.39990234375,0.3908999919891357,165.19366455078125
2024-08-13,2724.303466796875,2737.990478515625,2613.80126953125,2703.671875,16383053029.0,5434.43017578125,102.55999755859375,2466.699951171875,0.3851999998092651,165.19366455078125
2024-08-14,2703.5869140625,2775.281005859375,2636.705322265625,2662.914794921875,15825365408.0,5455.2099609375,102.56999969482422,2439.39990234375,0.3819999933242798,165.19366455078125
2024-08-15,2662.885498046875,2675.314453125,2518.670654296875,2570.087646484375,16345801912.0,5543.22021484375,102.9800033569336,2453.10009765625,0.39260001182556153,165.19366455078125
2024-08-16,2570.085205078125,2629.383544921875,2553.071533203125,2593.1865234375,13275561555.0,5554.25,102.45999908447266,2498.60009765625,0.3891999959945679,165.19366455078125
2024-08-17,2593.1669921875,2626.6728515625,2588.78515625,2614.546875,6676568717.0,5554.25,102.45999908447266,2498.60009765625,0.3891999959945679,165.19366455078125
2024-08-18,2614.109619140625,2684.031005859375,2596.735107421875,2613.357177734375,9207267415.0,5554.25,102.45999908447266,2498.60009765625,0.3891999959945679,165.19366455078125
2024-08-19,2612.718505859375,2648.284423828125,2566.401123046875,2637.306396484375,11968963282.0,5608.25,101.88999938964844,2501.800048828125,0.3867000102996826,165.19366455078125
2024-08-20,2637.306396484375,2695.913818359375,2556.74755859375,2573.10693359375,13249483464.0,5597.1201171875,101.44000244140625,2511.300048828125,0.3818000078201294,165.19366455078125
2024-08-21,2573.10888671875,2662.953369140625,2538.65771484375,2631.3955078125,12766015263.0,5620.85009765625,101.04000091552734,2508.39990234375,0.3778000116348267,165.19366455078125
2024-08-22,2630.8642578125,2644.82373046875,2587.110595703125,2622.951416015625,10723280428.0,5570.64013671875,101.51000213623047,2478.89990234375,0.3861999988555908,165.19366455078125
2024-08-23,2622.916015625,2799.329833984375,2622.5810546875,2764.447021484375,16857181970.0,5634.60986328125,100.72000122070312,2508.39990234375,0.3806999921798706,165.19366455078125
2024-08-24,2765.4814453125,2820.0205078125,2737.776611328125,2769.3896484375,11765811307.0,5634.60986328125,100.72000122070312,2508.39990234375,0.3806999921798706,165.19366455078125
2024-08-25,2769.09814453125,2793.012939453125,2736.0888671875,2749.15771484375,9375535539.0,5634.60986328125,100.72000122070312,2508.39990234375,0.3806999921798706,165.19366455078125
2024-08-26,2749.24755859375,2763.004150390625,2668.88671875,2681.340576171875,12282035835.0,5616.83984375,100.8499984741211,2517.699951171875,0.3818000078201294,165.19366455078125
2024-08-27,2681.622802734375,2700.15283203125,2401.175048828125,2458.7265625,18028996056.0,5625.7998046875,100.55000305175781,2516.0,0.38329999446868895,165.19366455078125
2024-08-28,2458.90478515625,2553.820068359375,2422.293701171875,2528.41552734375,20359545410.0,5592.18017578125,101.08999633789062,2501.0,0.38410000801086425,165.19366455078125
2024-08-29,2528.3623046875,2595.97705078125,2507.50244140625,2528.792724609375,13946434277.0,5591.9599609375,101.33999633789062,2525.699951171875,0.3867000102996826,165.19366455078125
2024-08-30,2528.732177734375,2539.915283203125,2432.83447265625,2525.822021484375,15526218255.0,5648.39990234375,101.69999694824219,2493.800048828125,0.39110000133514405,165.19366455078125
2024-08-31,2525.859130859375,2532.389892578125,2493.70556640625,2513.393798828125,6646876013.0,5648.39990234375,101.69999694824219,2493.800048828125,0.39110000133514405,165.19366455078125
2024-09-01,2513.42431640625,2515.46728515625,2401.88916015625,2427.90234375,11800443265.0,5648.39990234375,101.69999694824219,2493.800048828125,0.39110000133514405,165.19366455078125
2024-09-02,2427.973388671875,2563.0859375,2426.095947265625,2538.187255859375,12520444224.0,5648.39990234375,101.69999694824219,2493.800048828125,0.39110000133514405,165.19366455078125
2024-09-03,2538.16064453125,2552.802734375,2419.875244140625,2420.603759765625,11406800197.0,5528.93017578125,101.83000183105469,2489.89990234375,0.38440001010894775,165.19366455078125
2024-09-04,2420.1923828125,2488.91650390625,2313.26513671875,2448.97705078125,16709600747.0,5520.06982421875,101.36000061035156,2493.39990234375,0.37679998874664306,165.19366455078125
2024-09-05,2448.98681640625,2465.38525390625,2348.86328125,2367.737548828125,13632325040.0,5503.41015625,101.11000061035156,2511.39990234375,0.37309999465942384,165.19366455078125
2024-09-06,2367.700927734375,2406.511962890625,2150.86328125,2223.87646484375,25825618367.0,5408.419921875,101.18000030517578,2493.5,0.3710000038146973,165.19366455078125
2024-09-07,2223.92919921875,2310.19482421875,2222.100830078125,2274.107177734375,11124608320.0,5408.419921875,101.18000030517578,2493.5,0.3710000038146973,165.19366455078125
2024-09-08,2274.437744140625,2332.359375,2243.911376953125,2297.29296875,10718443487.0,5408.419921875,101.18000030517578,2493.5,0.3710000038146973,165.19366455078125
2024-09-09,2297.896240234375,2379.78662109375,2274.115478515625,2358.482177734375,15887712451.0,5471.0498046875,101.55000305175781,2501.800048828125,0.3697000026702881,165.19366455078125
2024-09-10,2358.497802734375,2398.50390625,2323.07177734375,2389.5810546875,12795818970.0,5495.52001953125,101.62999725341797,2512.300048828125,0.36459999084472655,165.19366455078125
2024-09-11,2389.603759765625,2389.71826171875,2279.0537109375,2339.841552734375,15355180967.0,5554.1298828125,101.68000030517578,2512.10009765625,0.36530001163482667,165.19366455078125
2024-09-12,2339.8408203125,2390.186767578125,2316.15771484375,2361.78173828125,12162634681.0,5595.759765625,101.37000274658203,2551.199951171875,0.3680000066757202,165.19366455078125
2024-09-13,2361.740966796875,2462.802978515625,2338.14404296875,2441.607177734375,13759640866.0,5626.02001953125,101.11000061035156,2581.300048828125,0.36500000953674316,165.19366455078125
2024-09-14,2441.580810546875,2442.632080078125,2386.979736328125,2418.595703125,8170291680.0,5626.02001953125,101.11000061035156,2581.300048828125,0.36500000953674316,165.19366455078125
2024-09-15,2418.26611328125,2430.38330078125,2286.628173828125,2320.897216796875,10155470375.0,5626.02001953125,101.11000061035156,2581.300048828125,0.36500000953674316,165.19366455078125
2024-09-16,2320.89453125,2334.789794921875,2253.715087890625,2295.28369140625,16819033263.0,5633.08984375,100.76000213623047,2580.39990234375,0.3621000051498413,165.19366455078125
2024-09-17,2295.284423828125,2392.149169921875,2263.79296875,2341.707763671875,15356783863.0,5634.580078125,100.88999938964844,2564.300048828125,0.36419999599456787,165.19366455078125
2024-09-18,2341.73291015625,2369.72900390625,2278.66455078125,2369.72900390625,18159056422.0,5618.259765625,100.5999984741211,2570.699951171875,0.3684999942779541,165.19366455078125
2024-09-19,2369.374755859375,2492.20458984375,2369.374755859375,2464.752197265625,18437147349.0,5713.64013671875,100.61000061035156,2588.0,0.3740000009536743,165.19366455078125
2024-09-20,2464.7822265625,2571.99267578125,2439.3779296875,2561.072021484375,19112788620.0,5702.5498046875,100.72000122070312,2619.89990234375,0.37279999256134033,165.19366455078125
2024-09-21,2560.879638671875,2621.62255859375,2530.837890625,2615.857177734375,10797825021.0,5702.5498046875,100.72000122070312,2619.89990234375,0.37279999256134033,165.19366455078125
2024-09-22,2615.84814453125,2632.039306640625,2528.522216796875,2582.862548828125,13180663011.0,5702.5498046875,100.72000122070312,2619.89990234375,0.37279999256134033,165.19366455078125
2024-09-23,2582.77490234375,2701.677734375,2541.910400390625,2648.54638671875,19912841456.0,5718.56982421875,100.91999816894531,2626.5,0.37390000820159913,165.19366455078125
2024-09-24,2648.482177734375,2671.27587890625,2593.152099609375,2654.35498046875,16658812503.0,5732.93017578125,100.37000274658203,2651.199951171875,0.3736000061035156,165.19366455078125
2024-09-25,2654.361572265625,2672.4619140625,2557.724365234375,2579.388671875,14119729962.0,5722.259765625,100.91999816894531,2659.199951171875,0.37809998989105226,165.19366455078125
2024-09-26,2579.217529296875,2665.99267578125,2559.954345703125,2632.199951171875,17336033595.0,5745.3701171875,100.55999755859375,2669.89990234375,0.37909998893737795,165.19366455078125
2024-09-27,2632.241943359375,2728.067626953125,2616.950927734375,2695.900634765625,17023020294.0,5738.169921875,100.41999816894531,2644.300048828125,0.3749000072479248,165.19366455078125
2024-09-28,2695.81591796875,2704.9287109375,2652.25048828125,2677.5390625,10252590559.0,5738.169921875,100.41999816894531,2644.300048828125,0.3749000072479248,165.19366455078125
2024-09-29,2677.628662109375,2683.44580078125,2635.5849609375,2659.346923828125,11126215671.0,5738.169921875,100.41999816894531,2644.300048828125,0.3749000072479248,165.19366455078125
2024-09-30,2659.292724609375,2662.489013671875,2576.97607421875,2603.062744140625,17826446789.0,5762.47998046875,100.77999877929688,2636.10009765625,0.3802000045776367,165.19366455078125
2024-10-01,2603.26416015625,2657.615478515625,2415.07861328125,2448.921142578125,25482371785.0,5708.75,101.19000244140625,2667.300048828125,0.3743000030517578,165.19366455078125
2024-10-02,2448.877197265625,2498.121337890625,2354.539306640625,2365.231689453125,20148256472.0,5709.5400390625,101.68000030517578,2647.10009765625,0.37850000858306887,165.19366455078125
2024-10-03,2365.213623046875,2402.862548828125,2311.02783203125,2349.791259765625,18051447791.0,5699.93994140625,101.98999786376953,2657.10009765625,0.38499999046325684,165.19366455078125
2024-10-04,2349.73291015625,2440.242431640625,2339.870849609375,2414.7939453125,14879264082.0,5751.06982421875,102.5199966430664,2645.800048828125,0.3980999946594238,165.19366455078125
2024-10-05,2414.84716796875,2427.517578125,2390.844482421875,2415.6318359375,8152969183.0,5751.06982421875,102.5199966430664,2645.800048828125,0.3980999946594238,165.19366455078125
2024-10-06,2415.53173828125,2456.630615234375,2407.099365234375,2439.957763671875,8458690205.0,5751.06982421875,102.5199966430664,2645.800048828125,0.3980999946594238,165.19366455078125
2024-10-07,2439.94482421875,2520.40625,2405.13427734375,2421.796630859375,17414044416.0,5695.93994140625,102.54000091552734,2644.800048828125,0.40260000228881837,165.19366455078125
2024-10-08,2421.98095703125,2464.12744140625,2400.5107421875,2439.8408203125,14067361080.0,5751.1298828125,102.55000305175781,2615.0,0.40329999923706056,165.19366455078125
2024-10-09,2439.840087890625,2470.9130859375,2350.946533203125,2368.283447265625,14954047093.0,5792.0400390625,102.93000030517578,2606.0,0.40669999122619627,165.19366455078125
2024-10-10,2368.273193359375,2417.2880859375,2329.78466796875,2383.85791015625,15327769940.0,5780.0498046875,102.98999786376953,2620.60009765625,0.40960001945495605,165.19366455078125
2024-10-11,2383.940185546875,2470.395751953125,2380.504638671875,2436.513427734375,13489061564.0,5815.02978515625,102.88999938964844,2657.60009765625,0.4072999954223633,165.19366455078125
2024-10-12,2436.515625,2488.23779296875,2434.202880859375,2476.523193359375,9372169184.0,5815.02978515625,102.88999938964844,2657.60009765625,0.4072999954223633,165.19366455078125
2024-10-13,2476.520263671875,2484.12939453125,2436.9697265625,2467.677001953125,9189490605.0,5815.02978515625,102.88999938964844,2657.60009765625,0.4072999954223633,165.19366455078125
2024-10-14,2467.6474609375,2652.8818359375,2443.552978515625,2628.89990234375,21434687898.0,5859.85009765625,103.30000305175781,2647.800048828125,0.40980000495910646,165.19366455078125
2024-10-15,2629.017578125,2685.166748046875,2537.94091796875,2606.02197265625,22003780898.0,5815.259765625,103.26000213623047,2661.39990234375,0.40380001068115234,165.19366455078125
2024-10-16,2606.01953125,2644.854248046875,2589.60693359375,2611.10205078125,17012396419.0,5842.47021484375,103.58999633789062,2674.0,0.40159997940063474,165.19366455078125
2024-10-17,2611.192138671875,2646.8740234375,2577.305908203125,2604.2734375,15150712321.0,5841.47021484375,103.83000183105469,2691.0,0.40960001945495605,165.19366455078125
2024-10-18,2604.814453125,2674.371826171875,2595.958984375,2641.55224609375,17043738652.0,5864.669921875,103.48999786376953,2713.699951171875,0.4072999954223633,165.19366455078125
2024-10-19,2641.48828125,2661.872802734375,2631.656982421875,2648.656982421875,8557834553.0,5864.669921875,103.48999786376953,2713.699951171875,0.4072999954223633,165.19366455078125
2024-10-20,2648.665771484375,2756.436767578125,2635.94580078125,2746.364013671875,14559296242.0,5864.669921875,103.48999786376953,2713.699951171875,0.4072999954223633,165.19366455078125
2024-10-21,2746.3056640625,2765.549560546875,2655.29443359375,2665.712158203125,17328615363.0,5853.97998046875,104.01000213623047,2723.10009765625,0.4182000160217285,165.19366455078125
2024-10-22,2665.65673828125,2669.7900390625,2605.61865234375,2620.197509765625,15541911074.0,5851.2001953125,104.08000183105469,2744.199951171875,0.42039999961853025,165.19366455078125
2024-10-23,2620.088623046875,2624.450439453125,2457.169921875,2509.098876953125,17876984551.0,5797.419921875,104.43000030517578,2714.39990234375,0.42420001029968263,165.19366455078125
2024-10-24,2523.60693359375,2559.1513671875,2506.722900390625,2534.49853515625,16128627601.0,5809.85986328125,104.05999755859375,2734.89990234375,0.4199999809265137,165.19366455078125
2024-10-25,2534.454833984375,2563.734130859375,2381.45068359375,2435.93408203125,22560233078.0,5808.1201171875,104.26000213623047,2740.89990234375,0.423199987411499,165.19366455078125
2024-10-26,2436.050048828125,2503.23046875,2427.46142578125,2479.603271484375,13597102184.0,5808.1201171875,104.26000213623047,2740.89990234375,0.423199987411499,165.19366455078125
2024-10-27,2479.93701171875,2523.17138671875,2462.27197265625,2505.940673828125,9801434566.0,5808.1201171875,104.26000213623047,2740.89990234375,0.423199987411499,165.19366455078125
2024-10-28,2505.590576171875,2587.43017578125,2470.268310546875,2565.34814453125,18971841402.0,5823.52001953125,104.31999969482422,2742.89990234375,0.42779998779296874,165.19366455078125
2024-10-29,2565.41796875,2680.054443359375,2560.15380859375,2637.95751953125,22185845095.0,5832.919921875,104.27999877929688,2768.39990234375,0.427400016784668,165.19366455078125
2024-10-30,2637.64013671875,2720.271484375,2600.609619140625,2657.37255859375,22382690746.0,5813.669921875,103.98999786376953,2788.5,0.42659997940063477,165.19366455078125
2024-10-31,2657.213134765625,2667.5595703125,2501.572265625,2515.79931640625,19760409505.0,5705.4501953125,103.9800033569336,2738.300048828125,0.42839999198913575,165.19366455078125
2024-11-01,2515.870361328125,2583.777099609375,2467.8193359375,2511.885498046875,20215438328.0,5728.7998046875,104.27999877929688,2738.60009765625,0.4361000061035156,165.19366455078125
2024-11-02,2512.208251953125,2522.360595703125,2471.95556640625,2491.068603515625,9639457439.0,5728.7998046875,104.27999877929688,2738.60009765625,0.4361000061035156,165.19366455078125
2024-11-03,2491.094482421875,2495.4365234375,2411.3984375,2456.42529296875,15667779706.0,5728.7998046875,104.27999877929688,2738.60009765625,0.4361000061035156,165.19366455078125
2024-11-04,2456.09521484375,2488.350341796875,2359.578125,2397.0263671875,17110200696.0,5712.68994140625,103.88999938964844,2736.10009765625,0.43090000152587893,165.19366455078125
2024-11-05,2397.036376953125,2478.618896484375,2380.601318359375,2422.650634765625,17894057485.0,5782.759765625,103.41999816894531,2740.300048828125,0.42890000343322754,165.19366455078125
2024-11-06,2422.539306640625,2743.964111328125,2421.81298828125,2724.169189453125,41887574364.0,5929.0400390625,105.08999633789062,2667.60009765625,0.4426000118255615,165.19366455078125
2024-11-07,2724.005859375,2918.744384765625,2701.5908203125,2895.58544921875,35352318438.0,5973.10009765625,104.51000213623047,2698.39990234375,0.43410000801086424,165.19366455078125
2024-11-08,2895.597900390625,2983.744873046875,2889.484375,2962.296630859375,32303261101.0,5995.5400390625,105.0,2687.5,0.4306000232696533,165.19366455078125
2024-11-09,2962.791015625,3156.3662109375,2957.182373046875,3131.14453125,29210133088.0,5995.5400390625,105.0,2687.5,0.4306000232696533,165.19366455078125
2024-11-10,3130.729248046875,3249.9140625,3073.248779296875,3191.331298828125,47418730187.0,5995.5400390625,105.0,2687.5,0.4306000232696533,165.19366455078125
2024-11-11,3191.656982421875,3389.529296875,3109.76953125,3374.81298828125,55417771668.0,6001.35009765625,105.54000091552734,2611.199951171875,0.4308000087738037,165.19366455078125
2024-11-12,3375.15478515625,3444.154052734375,3211.198486328125,3246.25732421875,56686078066.0,5983.990234375,106.0199966430664,2600.0,0.44320001602172854,165.19366455078125
2024-11-13,3244.543212890625,3337.877197265625,3121.666015625,3192.595947265625,52010205682.0,5985.3798828125,106.4800033569336,2580.800048828125,0.4451000213623047,165.19366455078125
2024-11-14,3192.5205078125,3240.270751953125,3032.971923828125,3058.94873046875,35743352141.0,5949.169921875,106.66999816894531,2568.199951171875,0.44180002212524416,165.19366455078125
2024-11-15,3059.526123046875,3130.703857421875,3016.14404296875,3103.04052734375,32701369872.0,5870.6201171875,106.69000244140625,2565.699951171875,0.4427999973297119,165.19366455078125
2024-11-16,3089.739990234375,3218.089599609375,3073.286376953125,3133.27392578125,26650658846.0,5870.6201171875,106.69000244140625,2565.699951171875,0.4427999973297119,165.19366455078125
2024-11-17,3133.306640625,3160.152587890625,3039.246826171875,3075.66162109375,28348163224.0,5870.6201171875,106.69000244140625,2565.699951171875,0.4427999973297119,165.19366455078125
2024-11-18,3075.722900390625,3225.130615234375,3052.4912109375,3207.8564453125,35445557613.0,5893.6201171875,106.27999877929688,2610.60009765625,0.44140000343322755,165.19366455078125
2024-11-19,3208.25048828125,3222.00439453125,3070.36279296875,3111.384033203125,29823634432.0,5916.97998046875,106.20999908447266,2627.10009765625,0.4379000186920166,165.19366455078125
2024-11-20,3111.116943359375,3159.949462890625,3032.603271484375,3072.18798828125,29785491216.0,5917.10986328125,106.68000030517578,2648.199951171875,0.44060001373291013,165.19366455078125
2024-11-21,3072.05517578125,3388.54296875,3035.8466796875,3361.053955078125,51619069348.0,5948.7099609375,106.97000122070312,2672.10009765625,0.44320001602172854,165.19366455078125
2024-11-22,3360.654296875,3428.46044921875,3262.808837890625,3331.600830078125,36775716442.0,5969.33984375,107.48999786376953,2709.89990234375,0.44099998474121094,165.19366455078125
2024-11-23,3331.6455078125,3499.370849609375,3317.65478515625,3396.223388671875,38835184688.0,5969.33984375,107.48999786376953,2709.89990234375,0.44099998474121094,165.19366455078125
2024-11-24,3396.99951171875,3451.80224609375,3288.430908203125,3363.659912109375,27901454185.0,5969.33984375,107.48999786376953,2709.89990234375,0.44099998474121094,165.19366455078125
2024-11-25,3364.6015625,3545.27880859375,3304.093994140625,3413.5439453125,51544793988.0,5987.3701171875,106.81999969482422,2616.800048828125,0.4264999866485596,165.19366455078125
2024-11-26,3412.950927734375,3461.29296875,3255.54296875,3326.517333984375,39902959158.0,6021.6298828125,107.01000213623047,2620.300048828125,0.43020000457763674,165.19366455078125
2024-11-27,3326.029052734375,3687.009033203125,3303.56787109375,3657.249267578125,43383987191.0,5998.740234375,106.08000183105469,2639.89990234375,0.42420001029968263,165.19366455078125
2024-11-28,3656.609619140625,3664.878173828125,3531.87060546875,3579.8115234375,32362724276.0,5998.740234375,106.08000183105469,2639.89990234375,0.42420001029968263,165.19366455078125
2024-11-29,3579.91064453125,3647.264404296875,3538.44677734375,3593.494384765625,27622629486.0,6032.3798828125,105.73999786376953,2657.0,0.4177999973297119,165.19366455078125
2024-11-30,3593.59814453125,3739.934814453125,3572.254150390625,3705.705322265625,30670867436.0,6032.3798828125,105.73999786376953,2657.0,0.4177999973297119,165.19366455078125
2024-12-01,3706.619873046875,3747.455322265625,3663.234130859375,3711.1650390625,28018113530.0,6032.3798828125,105.73999786376953,2657.0,0.4177999973297119,165.19366455078125
2024-12-02,3710.495361328125,3761.343017578125,3557.252197265625,3644.198486328125,47284967570.0,6047.14990234375,106.44999694824219,2634.89990234375,0.4196000099182129,165.19366455078125
2024-12-03,3643.7421875,3670.2197265625,3504.226318359375,3620.711669921875,36839829742.0,6049.8798828125,106.37000274658203,2644.699951171875,0.42230000495910647,165.19366455078125
2024-12-04,3620.03759765625,3895.17431640625,3617.74462890625,3841.3310546875,56799745752.0,6086.490234375,106.33999633789062,2653.800048828125,0.4179999828338623,165.19366455078125
2024-12-05,3840.844482421875,3956.54150390625,3683.4208984375,3811.00830078125,60568296606.0,6075.10986328125,105.70999908447266,2626.60009765625,0.4179999828338623,165.19366455078125
2024-12-06,3792.20849609375,4093.172119140625,3782.681396484375,4005.810546875,52853668566.0,6090.27001953125,105.97000122070312,2638.60009765625,0.4151000022888184,165.19366455078125
2024-12-07,4006.02880859375,4029.452880859375,3974.17626953125,4002.692626953125,22574636761.0,6090.27001953125,105.97000122070312,2638.60009765625,0.4151000022888184,165.19366455078125
2024-12-08,4007.690673828125,4018.0,3927.85400390625,4005.70458984375,20943378971.0,6090.27001953125,105.97000122070312,2638.60009765625,0.4151000022888184,165.19366455078125
2024-12-09,4006.101806640625,4008.77783203125,3525.23291015625,3718.6904296875,57029832059.0,6052.85009765625,106.1500015258789,2664.89990234375,0.41989998817443847,165.19366455078125
2024-12-10,3719.00048828125,3780.75341796875,3520.365234375,3631.833740234375,58416417599.0,6034.91015625,106.4000015258789,2697.60009765625,0.42210001945495607,165.19366455078125
2024-12-11,3631.276123046875,3850.765380859375,3567.56640625,3832.822021484375,35968053196.0,6084.18994140625,106.70999908447266,2733.800048828125,0.42709999084472655,165.19366455078125
2024-12-12,3833.172119140625,3987.005859375,3800.0908203125,3883.1015625,42971675764.0,6051.25,106.95999908447266,2687.5,0.4323999881744385,165.19366455078125
2024-12-13,3883.030029296875,3967.395263671875,3855.023681640625,3911.205322265625,34895127659.0,6051.08984375,107.0,2656.0,0.43990001678466795,165.19366455078125
2024-12-14,3910.847900390625,3943.278076171875,3826.761962890625,3868.4052734375,28756190559.0,6051.08984375,107.0,2656.0,0.43990001678466795,165.19366455078125
2024-12-15,3868.441162109375,3971.498046875,3832.0966796875,3951.941162109375,25069616984.0,6051.08984375,107.0,2656.0,0.43990001678466795,165.19366455078125
2024-12-16,3951.65283203125,4106.95556640625,3882.705322265625,3987.48095703125,46536359669.0,6074.080078125,106.86000061035156,2651.39990234375,0.43969998359680174,165.19366455078125
2024-12-17,3987.333984375,4040.337890625,3849.28662109375,3886.76611328125,35418700472.0,6050.60986328125,106.95999908447266,2644.39990234375,0.43850002288818357,165.19366455078125
2024-12-18,3886.886962890625,3902.715576171875,3617.840576171875,3618.791259765625,48946681636.0,5872.16015625,108.02999877929688,2636.5,0.449399995803833,165.19366455078125
2024-12-19,3619.58203125,3717.662353515625,3330.87255859375,3417.927978515625,58879190250.0,5867.080078125,108.41000366210938,2592.199951171875,0.4570000171661377,165.19366455078125
2024-12-20,3417.93017578125,3496.327392578125,3098.20361328125,3472.553466796875,66383827229.0,5930.85009765625,107.62000274658203,2628.699951171875,0.45240001678466796,165.19366455078125
2024-12-21,3472.589111328125,3552.921630859375,3293.505615234375,3337.222412109375,31579389836.0,5930.85009765625,107.62000274658203,2628.699951171875,0.45240001678466796,165.19366455078125
2024-12-22,3336.998779296875,3398.657470703125,3219.294921875,3277.53515625,24780768375.0,5930.85009765625,107.62000274658203,2628.699951171875,0.45240001678466796,165.19366455078125
2024-12-23,3277.51416015625,3461.52783203125,3217.36865234375,3415.785400390625,34496081389.0,5974.06982421875,108.04000091552734,2612.300048828125,0.4598999977111816,165.19366455078125
2024-12-24,3415.738037109375,3535.857666015625,3355.609130859375,3492.0498046875,23083678195.0,6040.0400390625,108.26000213623047,2620.0,0.45910000801086426,165.19366455078125
2024-12-25,3491.95751953125,3542.833740234375,3440.09716796875,3493.2353515625,17651873225.0,6040.0400390625,108.26000213623047,2620.0,0.45910000801086426,165.19366455078125
2024-12-26,3493.30419921875,3512.6044921875,3302.306396484375,3331.225830078125,22247726776.0,6037.58984375,108.12999725341797,2638.800048828125,0.4578999996185303,165.19366455078125
2024-12-27,3331.0537109375,3436.710693359375,3302.57568359375,3328.9169921875,24091627403.0,5970.83984375,108.0,2617.199951171875,0.461899995803833,165.19366455078125
2024-12-28,3328.774658203125,3419.920166015625,3318.033935546875,3397.90234375,14305648523.0,5970.83984375,108.0,2617.199951171875,0.461899995803833,165.19366455078125
2024-12-29,3397.862548828125,3406.6484375,3321.664794921875,3349.513427734375,13440907792.0,5970.83984375,108.0,2617.199951171875,0.461899995803833,165.19366455078125
2024-12-30,3349.5859375,3428.52734375,3298.804443359375,3356.392578125,26981583962.0,5906.93994140625,108.12999725341797,2606.10009765625,0.4545000076293945,165.19366455078125
2024-12-31,3356.394775390625,3444.396728515625,3311.41259765625,3332.53173828125,20845452085.0,5881.6298828125,108.48999786376953,2629.199951171875,0.45729999542236327,165.19366455078125
2025-01-01,3332.406494140625,3366.531494140625,3310.255859375,3353.504150390625,14195410493.0,5881.6298828125,108.48999786376953,2629.199951171875,0.45729999542236327,165.19366455078125
2025-01-02,3353.412109375,3493.4482421875,3348.35205078125,3451.392578125,22243574698.0,5868.5498046875,109.38999938964844,2658.89990234375,0.45749998092651367,165.19366455078125
2025-01-03,3451.680908203125,3627.0556640625,3421.83154296875,3605.009765625,21877299255.0,5942.47021484375,108.94999694824219,2645.0,0.45960001945495604,165.19366455078125
2025-01-04,3605.20068359375,3669.19677734375,3574.326904296875,3657.706787109375,16060610759.0,5942.47021484375,108.94999694824219,2645.0,0.45960001945495604,165.19366455078125
2025-01-05,3657.7431640625,3673.81298828125,3594.616943359375,3634.103759765625,12830306908.0,5942.47021484375,108.94999694824219,2645.0,0.45960001945495604,165.19366455078125
2025-01-06,3634.11376953125,3743.941650390625,3611.21435546875,3688.611328125,23973574043.0,5975.3798828125,108.26000213623047,2638.39990234375,0.46180000305175783,165.19366455078125
2025-01-07,3688.34130859375,3701.10693359375,3358.08984375,3381.577392578125,32235312545.0,5909.02978515625,108.54000091552734,2656.699951171875,0.46830000877380373,165.19366455078125
2025-01-08,3381.615478515625,3413.682861328125,3209.214599609375,3326.329345703125,34337730882.0,5918.25,109.08999633789062,2664.5,0.4692999839782715,165.19366455078125
2025-01-09,3326.359619140625,3355.8623046875,3159.384033203125,3219.4306640625,28815726276.0,5918.25,109.18000030517578,2683.800048828125,0.4692999839782715,165.19366455078125
2025-01-10,3219.49658203125,3320.50048828125,3196.1103515625,3267.489990234375,26503845190.0,5827.0400390625,109.6500015258789,2708.5,0.4776000022888184,165.19366455078125
2025-01-11,3267.5224609375,3317.654296875,3219.69873046875,3282.2177734375,11772144561.0,5827.0400390625,109.6500015258789,2708.5,0.4776000022888184,165.19366455078125
2025-01-12,3282.150390625,3298.018310546875,3224.510498046875,3265.951171875,11647743556.0,5827.0400390625,109.6500015258789,2708.5,0.4776000022888184,165.19366455078125
2025-01-13,3266.095458984375,3335.193603515625,2920.5927734375,3135.499755859375,39911742769.0,5836.22021484375,109.95999908447266,2673.5,0.4802999973297119,165.19366455078125
2025-01-14,3135.670166015625,3254.75146484375,3126.805908203125,3223.6845703125,22847737224.0,5842.91015625,109.2699966430664,2677.5,0.47880001068115235,165.19366455078125
2025-01-15,3223.6845703125,3473.1015625,3186.139892578125,3450.53759765625,25991614661.0,5949.91015625,109.08999633789062,2712.5,0.46529998779296877,165.19366455078125
2025-01-16,3450.30517578125,3458.1806640625,3265.67578125,3308.34521484375,26395516475.0,5937.33984375,108.95999908447266,2746.39990234375,0.4605999946594238,165.19366455078125
2025-01-17,3308.191162109375,3525.54345703125,3307.31103515625,3474.107177734375,28200207229.0,5996.66015625,109.3499984741211,2744.300048828125,0.46090002059936525,165.19366455078125
2025-01-18,3473.563720703125,3493.06005859375,3228.333740234375,3305.78955078125,32420094038.0,5996.66015625,109.3499984741211,2744.300048828125,0.46090002059936525,165.19366455078125
2025-01-19,3305.39794921875,3444.20654296875,3127.623046875,3208.96435546875,57242875399.0,5996.66015625,109.3499984741211,2744.300048828125,0.46090002059936525,165.19366455078125
2025-01-20,3208.933837890625,3444.28271484375,3147.52294921875,3278.035400390625,52383187336.0,5996.66015625,109.3499984741211,2744.300048828125,0.46090002059936525,165.19366455078125
2025-01-21,3278.43603515625,3365.778076171875,3202.49267578125,3327.40625,32804001146.0,6049.240234375,108.05999755859375,2755.0,0.4573999881744385,165.19366455078125
2025-01-22,3327.2373046875,3364.74609375,3223.385986328125,3240.224609375,22171220981.0,6086.3701171875,108.16999816894531,2767.60009765625,0.4598999977111816,165.19366455078125
2025-01-23,3240.475341796875,3346.732421875,3184.06689453125,3334.714111328125,32419520084.0,6118.7099609375,108.05000305175781,2763.10009765625,0.46380000114440917,165.19366455078125
2025-01-24,3334.808349609375,3424.89990234375,3277.3232421875,3309.554931640625,25578325671.0,6101.240234375,107.44000244140625,2777.300048828125,0.4625999927520752,165.19366455078125
2025-01-25,3309.711669921875,3349.29833984375,3270.273193359375,3317.26953125,13744316078.0,6101.240234375,107.44000244140625,2777.300048828125,0.4625999927520752,165.19366455078125
2025-01-26,3317.29150390625,3359.3125,3233.922119140625,3236.13427734375,14471528757.0,6101.240234375,107.44000244140625,2777.300048828125,0.4625999927520752,165.19366455078125
2025-01-27,3235.855224609375,3250.396484375,3024.091552734375,3178.92041015625,39412486482.0,6012.27978515625,107.33999633789062,2737.5,0.45279998779296876,165.19366455078125
2025-01-28,3179.0869140625,3222.7373046875,3040.09228515625,3077.112548828125,20718206194.0,6067.7001953125,107.87000274658203,2766.800048828125,0.45510001182556153,165.19366455078125
2025-01-29,3076.380126953125,3177.98046875,3055.181640625,3112.9990234375,22727786058.0,6039.31005859375,108.0,2769.10009765625,0.4554999828338623,165.19366455078125
2025-01-30,3113.289794921875,3282.986328125,3093.123779296875,3247.780029296875,19958405782.0,6071.169921875,107.80000305175781,2823.0,0.451200008392334,165.19366455078125
2025-01-31,3247.8671875,3437.569091796875,3214.935546875,3298.26513671875,30128115902.0,6040.52978515625,108.37000274658203,2812.5,0.45689997673034666,165.19366455078125
2025-02-01,3298.822265625,3329.6552734375,3103.9189453125,3118.32861328125,19917507079.0,6040.52978515625,108.37000274658203,2812.5,0.45689997673034666,165.19366455078125
2025-02-02,3118.611572265625,3161.894287109375,2755.474609375,2868.69287109375,42060930305.0,6040.52978515625,108.37000274658203,2812.5,0.45689997673034666,165.19366455078125
2025-02-03,2868.07861328125,2919.477294921875,2159.280517578125,2884.566650390625,92453553253.0,5994.56982421875,108.98999786376953,2833.89990234375,0.4543000221252441,165.19366455078125
2025-02-04,2883.818359375,2888.25,2636.165771484375,2735.05126953125,48795275985.0,6037.8798828125,107.95999908447266,2853.300048828125,0.45130000114440916,165.19366455078125
2025-02-05,2735.225830078125,2824.400146484375,2701.10498046875,2787.779052734375,31960764447.0,6061.47998046875,107.58000183105469,2871.60009765625,0.4421999931335449,165.19366455078125
2025-02-06,2787.65869140625,2857.14208984375,2662.44580078125,2688.40087890625,29500645692.0,6083.56982421875,107.69000244140625,2856.0,0.4440000057220459,165.19366455078125
2025-02-07,2688.8974609375,2798.02880859375,2564.96826171875,2622.211181640625,29526663418.0,6025.990234375,108.04000091552734,2867.300048828125,0.4486999988555908,165.19366455078125
2025-02-08,2623.001953125,2665.484619140625,2591.778564453125,2632.308349609375,17059263074.0,6025.990234375,108.04000091552734,2867.300048828125,0.4486999988555908,165.19366455078125
2025-02-09,2632.578125,2695.222412109375,2530.435791015625,2628.72119140625,17517088276.0,6025.990234375,108.04000091552734,2867.300048828125,0.4486999988555908,165.19366455078125
2025-02-10,2628.650146484375,2692.80859375,2564.0185546875,2661.166748046875,19414208113.0,6066.43994140625,108.31999969482422,2914.300048828125,0.4493000030517578,165.19366455078125
2025-02-11,2661.315673828125,2724.90234375,2565.397216796875,2602.781982421875,21156550492.0,6068.5,107.95999908447266,2912.5,0.45370001792907716,165.19366455078125
2025-02-12,2602.828125,2794.867431640625,2551.174560546875,2736.902099609375,26919387954.0,6051.97021484375,107.94000244140625,2909.0,0.463700008392334,165.19366455078125
2025-02-13,2737.028564453125,2756.443359375,2615.667724609375,2675.902587890625,19481004625.0,6115.06982421875,107.30999755859375,2925.89990234375,0.4525000095367432,165.19366455078125
2025-02-14,2675.939453125,2790.023681640625,2666.26806640625,2726.091552734375,17732289901.0,6114.6298828125,106.56999969482422,2883.60009765625,0.44720001220703126,165.19366455078125
2025-02-15,2726.07470703125,2738.68115234375,2668.53173828125,2693.559814453125,10803019357.0,6114.6298828125,106.56999969482422,2883.60009765625,0.44720001220703126,165.19366455078125
2025-02-16,2693.5625,2724.096435546875,2655.297607421875,2663.31591796875,10593602117.0,6114.6298828125,106.56999969482422,2883.60009765625,0.44720001220703126,165.19366455078125
2025-02-17,2663.2294921875,2848.7841796875,2640.18212890625,2743.19970703125,24170425078.0,6114.6298828125,106.56999969482422,2883.60009765625,0.44720001220703126,165.19366455078125
2025-02-18,2743.02294921875,2754.6767578125,2606.900390625,2669.3388671875,23004152928.0,6129.580078125,107.05000305175781,2931.60009765625,0.45440001487731935,165.19366455078125
2025-02-19,2669.21337890625,2735.917724609375,2656.375732421875,2715.77099609375,15272401903.0,6144.14990234375,107.16999816894531,2919.39990234375,0.45349998474121095,165.19366455078125
2025-02-20,2715.6826171875,2770.030517578125,2708.216064453125,2740.386474609375,15917259320.0,6117.52001953125,106.33999633789062,2940.0,0.45,165.19366455078125
2025-02-21,2740.022216796875,2842.8271484375,2616.91943359375,2659.655517578125,31441524621.0,6013.1298828125,106.61000061035156,2937.60009765625,0.4420000076293945,165.19366455078125
2025-02-22,2660.035888671875,2797.057861328125,2653.867431640625,2764.029296875,16403164397.0,6013.1298828125,106.61000061035156,2937.60009765625,0.4420000076293945,165.19366455078125
2025-02-23,2764.031005859375,2850.6103515625,2746.773681640625,2821.310302734375,20493767269.0,6013.1298828125,106.61000061035156,2937.60009765625,0.4420000076293945,165.19366455078125
2025-02-24,2820.456298828125,2839.010009765625,2478.8994140625,2513.8212890625,29127380459.0,5983.25,106.5999984741211,2947.89990234375,0.439300012588501,165.19366455078125
2025-02-25,2514.2109375,2529.669189453125,2326.632080078125,2493.592529296875,40044790246.0,5955.25,106.30999755859375,2904.5,0.42979998588562013,165.19366455078125
2025-02-26,2493.381591796875,2503.422119140625,2255.054931640625,2331.45263671875,28815111323.0,5956.06005859375,106.41999816894531,2916.800048828125,0.4249000072479248,165.19366455078125
2025-02-27,2331.51025390625,2378.08740234375,2230.4482421875,2305.484375,24286213447.0,5861.56982421875,107.23999786376953,2883.199951171875,0.4284999847412109,165.19366455078125
2025-02-28,2305.56005859375,2310.94921875,2076.169921875,2237.9052734375,35737904667.0,5954.5,107.61000061035156,2836.800048828125,0.42309999465942383,165.19366455078125
2025-03-01,2237.942138671875,2279.873046875,2144.090087890625,2216.643310546875,16135258239.0,5954.5,107.61000061035156,2836.800048828125,0.42309999465942383,165.19366455078125
2025-03-02,2216.521728515625,2548.811767578125,2175.321533203125,2519.694580078125,34854193845.0,5954.5,107.61000061035156,2836.800048828125,0.42309999465942383,165.19366455078125
2025-03-03,2519.531005859375,2522.316650390625,2097.076171875,2145.573974609375,31473561910.0,5849.72021484375,106.75,2890.199951171875,0.4179999828338623,165.19366455078125
2025-03-04,2145.65283203125,2220.358642578125,1996.767578125,2170.01513671875,33935738380.0,5778.14990234375,105.73999786376953,2909.60009765625,0.42100000381469727,165.19366455078125
2025-03-05,2169.98681640625,2272.79736328125,2156.099365234375,2241.977294921875,22105432727.0,5842.6298828125,105.73999786376953,2915.300048828125,0.4264999866485596,165.19366455078125
2025-03-06,2241.906494140625,2319.396240234375,2177.677001953125,2202.476806640625,18509069102.0,5738.52001953125,104.05999755859375,2916.60009765625,0.42859997749328616,165.19366455078125
2025-03-07,2202.498291015625,2254.232421875,2103.47265625,2138.987548828125,22425792863.0,5770.2001953125,103.83999633789062,2904.699951171875,0.4316999912261963,165.19366455078125
2025-03-08,2139.7978515625,2232.3271484375,2107.72802734375,2201.51025390625,10533204814.0,5770.2001953125,103.83999633789062,2904.699951171875,0.4316999912261963,165.19366455078125
2025-03-09,2201.708740234375,2210.313720703125,1991.1934814453125,2015.5091552734375,16103964994.0,5770.2001953125,103.83999633789062,2904.699951171875,0.4316999912261963,165.19366455078125
2025-03-10,2015.430419921875,2150.706298828125,1812.766845703125,1861.1513671875,35005066442.0,5614.56005859375,103.91000366210938,2891.0,0.42129998207092284,165.19366455078125
2025-03-11,1859.7777099609375,1961.7977294921875,1760.9417724609375,1919.844970703125,30898385863.0,5572.06982421875,103.44000244140625,2912.89990234375,0.42880001068115237,165.19366455078125
2025-03-12,1919.664794921875,1954.5711669921875,1832.01904296875,1908.982666015625,22898872951.0,5599.2998046875,103.61000061035156,2939.10009765625,0.43179998397827146,165.19366455078125
2025-03-13,1909.015380859375,1919.688232421875,1823.525390625,1862.9696044921875,17977225564.0,5521.52001953125,103.83000183105469,2984.300048828125,0.427400016784668,165.19366455078125
2025-03-14,1862.9979248046875,1945.0914306640625,1861.10595703125,1909.467529296875,12122715282.0,5638.93994140625,103.72000122070312,2994.5,0.4308000087738037,165.19366455078125
2025-03-15,1909.528076171875,1955.2384033203125,1904.9656982421875,1937.3946533203125,6456484591.0,5638.93994140625,103.72000122070312,2994.5,0.4308000087738037,165.19366455078125
2025-03-16,1937.384765625,1940.474365234375,1863.489013671875,1887.43505859375,9292997638.0,5638.93994140625,103.72000122070312,2994.5,0.4308000087738037,165.19366455078125
2025-03-17,1887.44921875,1951.6259765625,1880.484375,1927.0029296875,10436892087.0,5675.1201171875,103.37000274658203,3000.0,0.4306000232696533,165.19366455078125
2025-03-18,1927.0057373046875,1935.1820068359375,1872.5089111328125,1932.54345703125,10170844746.0,5614.66015625,103.23999786376953,3035.10009765625,0.4281000137329102,165.19366455078125
2025-03-19,1932.5445556640625,2068.764404296875,1928.24951171875,2057.7490234375,20065206266.0,5675.2900390625,103.43000030517578,3035.89990234375,0.425600004196167,165.19366455078125
2025-03-20,2057.951171875,2067.483642578125,1952.2432861328125,1982.099853515625,13217865782.0,5662.89013671875,103.8499984741211,3040.0,0.42329998016357423,165.19366455078125
2025-03-21,1981.85302734375,1994.8914794921875,1937.2115478515625,1964.8475341796875,9708125480.0,5667.56005859375,104.08999633789062,3018.199951171875,0.4251999855041504,165.19366455078125
2025-03-22,1964.9404296875,2005.0411376953125,1964.27099609375,1980.037841796875,6117036512.0,5667.56005859375,104.08999633789062,3018.199951171875,0.4251999855041504,165.19366455078125
2025-03-23,1979.983642578125,2019.889404296875,1977.7093505859375,2005.2991943359375,7522339707.0,5667.56005859375,104.08999633789062,3018.199951171875,0.4251999855041504,165.19366455078125
2025-03-24,2005.7183837890625,2101.9833984375,1978.7637939453125,2077.47900390625,14044912402.0,5767.56982421875,104.26000213623047,3013.10009765625,0.43309998512268066,165.19366455078125
2025-03-25,2078.568115234375,2096.518310546875,2038.64453125,2067.76416015625,11735658914.0,5776.64990234375,104.18000030517578,3023.699951171875,0.4307000160217285,165.19366455078125
2025-03-26,2067.5087890625,2078.369140625,1982.412353515625,2009.1893310546875,13178523590.0,5712.2001953125,104.55000305175781,3020.89990234375,0.43379998207092285,165.19366455078125
2025-03-27,2008.9405517578125,2037.3961181640625,1987.7177734375,2002.357421875,11593274543.0,5693.31005859375,104.06999969482422,3060.199951171875,0.436899995803833,165.19366455078125
2025-03-28,2002.4105224609375,2015.454345703125,1863.0106201171875,1895.5029296875,18160526498.0,5580.93994140625,104.04000091552734,3086.5,0.4255000114440918,165.19366455078125
2025-03-29,1895.5496826171875,1911.90087890625,1799.2008056640625,1827.3203125,12194771785.0,5580.93994140625,104.04000091552734,3086.5,0.4255000114440918,165.19366455078125
2025-03-30,1827.31103515625,1847.570556640625,1769.4127197265625,1806.2186279296875,9854857162.0,5580.93994140625,104.04000091552734,3086.5,0.4255000114440918,165.19366455078125
2025-03-31,1806.3165283203125,1852.5513916015625,1778.6922607421875,1823.47998046875,15765030938.0,5611.85009765625,104.20999908447266,3122.800048828125,0.4245999813079834,165.19366455078125
2025-04-01,1823.5623779296875,1926.302978515625,1820.350341796875,1905.491455078125,15001220420.0,5633.06982421875,104.26000213623047,3118.89990234375,0.41560001373291017,165.19366455078125
2025-04-02,1905.484619140625,1951.1802978515625,1782.76025390625,1795.313232421875,22593742104.0,5670.97021484375,103.80999755859375,3139.89990234375,0.4196000099182129,165.19366455078125
2025-04-03,1794.97607421875,1844.071044921875,1751.380859375,1815.63720703125,16450974373.0,5396.52001953125,102.06999969482422,3097.0,0.4054999828338623,165.19366455078125
2025-04-04,1815.60986328125,1833.956787109375,1760.588623046875,1815.335205078125,18061720814.0,5074.080078125,103.0199966430664,3012.0,0.39849998950958254,165.19366455078125
2025-04-05,1815.344970703125,1826.298583984375,1767.5135498046875,1805.9732666015625,6374712479.0,5074.080078125,103.0199966430664,3012.0,0.39849998950958254,165.19366455078125
2025-04-06,1805.9630126953125,1815.5748291015625,1539.43798828125,1576.72802734375,22154445576.0,5074.080078125,103.0199966430664,3012.0,0.39849998950958254,165.19366455078125
2025-04-07,1576.9498291015625,1634.0411376953125,1415.37353515625,1555.240966796875,46073959047.0,5062.25,103.26000213623047,2951.300048828125,0.41550002098083494,165.19366455078125
2025-04-08,1554.93212890625,1617.33984375,1447.610107421875,1472.5531005859375,21315312919.0,4982.77001953125,102.95999908447266,2968.39990234375,0.42620000839233396,165.19366455078125
2025-04-09,1472.6014404296875,1687.18798828125,1386.79931640625,1668.0400390625,39252195855.0,5456.89990234375,102.9000015258789,3056.5,0.4400000095367432,165.19366455078125
2025-04-10,1668.2017822265625,1669.3941650390625,1474.9141845703125,1522.518798828125,21379604307.0,5268.0498046875,100.87000274658203,3155.199951171875,0.43940000534057616,165.19366455078125
2025-04-11,1522.4730224609375,1587.53857421875,1505.001953125,1567.1497802734375,14871838813.0,5363.35986328125,99.77999877929688,3222.199951171875,0.4493000030517578,165.19366455078125
2025-04-12,1567.15576171875,1666.017578125,1546.819580078125,1643.528564453125,12110995013.0,5363.35986328125,99.77999877929688,3222.199951171875,0.4493000030517578,165.19366455078125
2025-04-13,1643.5010986328125,1648.2867431640625,1564.8388671875,1596.685791015625,13909890792.0,5363.35986328125,99.77999877929688,3222.199951171875,0.4493000030517578,165.19366455078125
2025-04-14,1596.8818359375,1689.8575439453125,1596.0865478515625,1622.7698974609375,16518325094.0,5405.97021484375,99.63999938964844,3204.800048828125,0.4363999843597412,165.19366455078125
2025-04-15,1622.7718505859375,1659.836181640625,1585.2291259765625,1588.6324462890625,13175452875.0,5396.6298828125,100.22000122070312,3218.699951171875,0.4322999954223633,165.19366455078125
2025-04-16,1589.031005859375,1610.7821044921875,1540.0338134765625,1578.1053466796875,15339621551.0,5275.7001953125,99.37999725341797,3326.60009765625,0.42789998054504397,165.19366455078125
2025-04-17,1578.01416015625,1615.306884765625,1564.1956787109375,1582.54833984375,11312160796.0,5282.7001953125,99.37999725341797,3308.699951171875,0.4333000183105469,165.19366455078125
2025-04-18,1582.397216796875,1599.4168701171875,1573.9039306640625,1588.9246826171875,7123507323.0,5282.7001953125,99.37999725341797,3308.699951171875,0.4333000183105469,165.19366455078125
2025-04-19,1588.9697265625,1629.051513671875,1585.4730224609375,1612.9228515625,7168138700.0,5282.7001953125,99.37999725341797,3308.699951171875,0.4333000183105469,165.19366455078125
2025-04-20,1612.966064453125,1618.436767578125,1566.6915283203125,1587.5142822265625,7642784469.0,5282.7001953125,99.37999725341797,3308.699951171875,0.4333000183105469,165.19366455078125
2025-04-21,1587.4609375,1656.11962890625,1566.1474609375,1579.7344970703125,15403785611.0,5158.2001953125,98.27999877929688,3406.199951171875,0.44050002098083496,165.19366455078125
2025-04-22,1579.815185546875,1773.63916015625,1542.0003662109375,1757.3316650390625,23747917555.0,5287.759765625,98.91999816894531,3400.800048828125,0.4388999938964844,165.19366455078125
2025-04-23,1757.196533203125,1829.7099609375,1746.924072265625,1796.104248046875,22904644756.0,5375.85986328125,99.83999633789062,3276.300048828125,0.438700008392334,165.19366455078125
2025-04-24,1795.9794921875,1801.69140625,1724.74072265625,1769.8316650390625,15207402759.0,5484.77001953125,99.29000091552734,3332.0,0.4304999828338623,165.19366455078125
2025-04-25,1770.003662109375,1826.696044921875,1740.3319091796875,1786.634521484375,17459399281.0,5525.2099609375,99.47000122070312,3282.39990234375,0.42659997940063477,165.19366455078125
2025-04-26,1786.532958984375,1839.363037109375,1781.473876953125,1821.881103515625,11926379867.0,5525.2099609375,99.47000122070312,3282.39990234375,0.42659997940063477,165.19366455078125
2025-04-27,1822.175537109375,1856.44384765625,1785.902099609375,1792.864990234375,11321944113.0,5525.2099609375,99.47000122070312,3282.39990234375,0.42659997940063477,165.19366455078125
2025-04-28,1792.4461669921875,1827.4822998046875,1747.726806640625,1798.851806640625,17043640437.0,5528.75,99.01000213623047,3332.5,0.4216000080108643,165.19366455078125
2025-04-29,1798.9122314453125,1842.0330810546875,1782.28125,1799.1756591796875,14734257744.0,5560.830078125,99.23999786376953,3318.800048828125,0.4172999858856201,165.19366455078125
2025-04-30,1799.2091064453125,1816.68994140625,1736.1429443359375,1793.775390625,14810431362.0,5569.06005859375,99.47000122070312,3305.0,0.41770000457763673,165.19366455078125
2025-05-01,1794.041015625,1872.9395751953125,1793.151123046875,1839.2215576171875,15861442721.0,5604.14013671875,100.25,3210.0,0.42309999465942383,165.19366455078125
2025-05-02,1839.1748046875,1869.530029296875,1814.73046875,1842.7078857421875,13570171872.0,5686.669921875,100.0,3231.89990234375,0.4322000026702881,165.19366455078125
2025-05-03,1842.7181396484375,1848.246826171875,1812.815673828125,1833.8397216796875,8344452620.0,5686.669921875,100.0,3231.89990234375,0.4322000026702881,165.19366455078125
2025-05-04,1833.647216796875,1849.99853515625,1804.4951171875,1808.59423828125,8918979887.0,5686.669921875,100.0,3231.89990234375,0.4322000026702881,165.19366455078125
2025-05-05,1808.7049560546875,1832.05078125,1783.3148193359375,1819.697509765625,11389336489.0,5650.3798828125,99.83000183105469,3311.300048828125,0.43429999351501464,165.19366455078125
2025-05-06,1819.7340087890625,1820.796630859375,1753.3154296875,1815.0875244140625,13206516310.0,5606.91015625,99.23999786376953,3411.39990234375,0.4308000087738037,165.19366455078125
2025-05-07,1815.0189208984375,1849.658447265625,1788.6873779296875,1811.606689453125,50540755039.0,5631.27978515625,99.61000061035156,3381.39990234375,0.42750000953674316,165.19366455078125
2025-05-08,1811.54638671875,2222.20556640625,1809.4569091796875,2206.5146484375,37777245241.0,5663.93994140625,100.63999938964844,3296.60009765625,0.4373000144958496,165.19366455078125
2025-05-09,2206.128173828125,2486.0068359375,2186.054443359375,2345.50732421875,43766026875.0,5659.91015625,100.33999633789062,3335.39990234375,0.4375,165.19366455078125
2025-05-10,2345.760498046875,2597.54345703125,2320.235107421875,2582.422607421875,30265913403.0,5659.91015625,100.33999633789062,3335.39990234375,0.4375,165.19366455078125
2025-05-11,2582.71044921875,2603.264404296875,2441.730712890625,2510.23779296875,26496368543.0,5659.91015625,100.33999633789062,3335.39990234375,0.4375,165.19366455078125
2025-05-12,2510.289306640625,2620.897216796875,2411.594482421875,2496.397705078125,32121858921.0,5844.18994140625,101.79000091552734,3220.0,0.44569997787475585,165.19366455078125
2025-05-13,2496.33740234375,2736.89013671875,2418.32568359375,2680.129638671875,33528741590.0,5886.5498046875,101.0,3240.300048828125,0.4499000072479248,165.19366455078125
2025-05-14,2680.26220703125,2721.949951171875,2549.68505859375,2610.063232421875,26602676588.0,5892.580078125,101.04000091552734,3181.39990234375,0.45279998779296876,165.19366455078125
2025-05-15,2610.02783203125,2645.07421875,2482.212890625,2546.85693359375,26637688883.0,5916.93017578125,100.87999725341797,3220.699951171875,0.44549999237060545,165.19366455078125
2025-05-16,2547.058349609375,2645.60791015625,2532.027099609375,2536.297607421875,21298907763.0,5958.3798828125,101.08999633789062,3182.0,0.44409999847412107,165.19366455078125
2025-05-17,2536.297607421875,2537.78173828125,2449.0693359375,2475.75439453125,18830706230.0,5958.3798828125,101.08999633789062,3182.0,0.44409999847412107,165.19366455078125
2025-05-18,2475.76953125,2585.697021484375,2344.668212890625,2498.233642578125,25005164865.0,5958.3798828125,101.08999633789062,3182.0,0.44409999847412107,165.19366455078125
2025-05-19,2498.800048828125,2545.461181640625,2353.427001953125,2529.166748046875,27351331811.0,5963.60009765625,100.43000030517578,3228.89990234375,0.44749999046325684,165.19366455078125
2025-05-20,2529.135009765625,2585.619873046875,2446.44677734375,2524.173095703125,23453322578.0,5940.4599609375,100.12000274658203,3280.300048828125,0.44809999465942385,165.19366455078125
2025-05-21,2524.1591796875,2614.060791015625,2454.537841796875,2552.34716796875,31952904125.0,5844.60986328125,99.55999755859375,3309.300048828125,0.45960001945495604,165.19366455078125
2025-05-22,2552.766845703125,2691.102294921875,2546.434814453125,2664.156982421875,26596978352.0,5842.009765625,99.95999908447266,3292.300048828125,0.45529999732971194,165.19366455078125
2025-05-23,2664.08203125,2731.220703125,2504.87353515625,2526.44189453125,30536501878.0,5802.81982421875,99.11000061035156,3363.60009765625,0.4508999824523926,165.19366455078125
2025-05-24,2526.387939453125,2575.13134765625,2516.01806640625,2530.646240234375,11380899856.0,5802.81982421875,99.11000061035156,3363.60009765625,0.4508999824523926,165.19366455078125
2025-05-25,2530.89013671875,2553.869140625,2467.880126953125,2551.763916015625,14556431364.0,5802.81982421875,99.11000061035156,3363.60009765625,0.4508999824523926,165.19366455078125
2025-05-26,2551.380859375,2598.566650390625,2530.321533203125,2564.138427734375,14936610009.0,5802.81982421875,98.93000030517578,3363.60009765625,0.4508999824523926,165.19366455078125
2025-05-27,2564.140869140625,2712.28515625,2512.588623046875,2663.06982421875,26264200536.0,5921.5400390625,99.5199966430664,3299.10009765625,0.4434000015258789,165.19366455078125
2025-05-28,2663.01025390625,2688.7421875,2611.160888671875,2682.212890625,19087366068.0,5888.5498046875,99.87999725341797,3293.60009765625,0.44770002365112305,165.19366455078125
2025-05-29,2681.84326171875,2784.75244140625,2620.982666015625,2632.65478515625,27567479811.0,5912.169921875,99.27999877929688,3317.10009765625,0.4423999786376953,165.19366455078125
2025-05-30,2632.8359375,2648.2607421875,2510.163818359375,2529.943603515625,24599403943.0,5911.68994140625,99.33000183105469,3288.89990234375,0.44159998893737795,165.19366455078125
2025-05-31,2529.833984375,2550.483642578125,2484.215576171875,2529.08740234375,13992843765.0,5911.68994140625,99.33000183105469,3288.89990234375,0.44159998893737795,165.19366455078125
2025-06-01,2529.0966796875,2547.77294921875,2472.540771484375,2536.266357421875,13287852482.0,5911.68994140625,99.33000183105469,3288.89990234375,0.44159998893737795,165.19366455078125
2025-06-02,2536.184814453125,2615.515625,2477.292724609375,2607.097412109375,16744168824.0,5935.93994140625,98.69999694824219,3370.60009765625,0.44619998931884763,165.19366455078125
2025-06-03,2607.197509765625,2652.418701171875,2582.25048828125,2593.2802734375,18291179016.0,5970.3701171875,99.25,3350.199951171875,0.4460000038146973,165.19366455078125
2025-06-04,2593.482666015625,2677.970458984375,2585.73779296875,2608.64306640625,18621211035.0,5970.81005859375,98.79000091552734,3373.5,0.43649997711181643,165.19366455078125
2025-06-05,2608.607177734375,2640.60400390625,2395.753662109375,2416.28564453125,26194462737.0,5939.2998046875,98.73999786376953,3350.699951171875,0.43940000534057616,165.19366455078125
2025-06-06,2416.455078125,2530.391845703125,2387.608642578125,2477.19482421875,19407449565.0,6000.35986328125,99.19000244140625,3322.699951171875,0.4510000228881836,165.19366455078125
2025-06-07,2477.183349609375,2543.048828125,2459.13720703125,2526.50537109375,11664303387.0,6000.35986328125,99.19000244140625,3322.699951171875,0.4510000228881836,165.19366455078125
2025-06-08,2526.193359375,2547.467041015625,2493.920166015625,2510.787109375,12097170203.0,6000.35986328125,99.19000244140625,3322.699951171875,0.4510000228881836,165.19366455078125
2025-06-09,2510.838134765625,2693.806640625,2479.867919921875,2681.51708984375,20605172560.0,6005.8798828125,98.94000244140625,3332.10009765625,0.448199987411499,165.19366455078125
2025-06-10,2681.285400390625,2824.80810546875,2658.67724609375,2813.517578125,35555755055.0,6038.81005859375,99.05000305175781,3320.89990234375,0.44739999771118166,165.19366455078125
2025-06-11,2813.73974609375,2877.62939453125,2746.4599609375,2773.529296875,30705408054.0,6022.240234375,98.62999725341797,3321.300048828125,0.44120001792907715,165.19366455078125
2025-06-12,2773.597900390625,2784.2626953125,2619.966552734375,2651.795166015625,25924959613.0,6045.259765625,97.91999816894531,3380.89990234375,0.435699987411499,165.19366455078125
2025-06-13,2651.91552734375,2651.91552734375,2443.962646484375,2579.486083984375,37986747138.0,5976.97021484375,98.18000030517578,3431.199951171875,0.4423999786376953,165.19366455078125
2025-06-14,2579.721435546875,2580.158203125,2491.49072265625,2533.444091796875,14285000473.0,5976.97021484375,98.18000030517578,3431.199951171875,0.4423999786376953,165.19366455078125
2025-06-15,2533.183349609375,2558.677734375,2493.20458984375,2546.837158203125,13961893828.0,5976.97021484375,98.18000030517578,3431.199951171875,0.4423999786376953,165.19366455078125
2025-06-16,2547.226806640625,2680.087646484375,2517.145263671875,2540.60498046875,22792449577.0,6033.10986328125,98.0,3396.39990234375,0.44520001411437987,165.19366455078125
2025-06-17,2540.314453125,2617.9013671875,2456.64892578125,2510.761474609375,25653232897.0,5982.72021484375,98.81999969482422,3386.60009765625,0.439300012588501,165.19366455078125
2025-06-18,2510.81689453125,2546.62744140625,2469.05029296875,2524.301513671875,19873957905.0,5980.8701171875,98.91000366210938,3389.800048828125,0.43969998359680174,165.19366455078125
2025-06-19,2524.404052734375,2546.76953125,2486.101806640625,2521.653564453125,12782730709.0,5980.8701171875,98.91000366210938,3389.800048828125,0.43969998359680174,165.19366455078125
2025-06-20,2521.5263671875,2569.0146484375,2371.474365234375,2407.30419921875,22592586688.0,5967.83984375,98.70999908447266,3368.10009765625,0.4375,165.19366455078125
2025-06-21,2407.34765625,2448.41162109375,2222.8125,2300.49560546875,16108791762.0,5967.83984375,98.70999908447266,3368.10009765625,0.4375,165.19366455078125
2025-06-22,2298.8427734375,2313.85302734375,2116.681396484375,2228.213134765625,28458151601.0,5967.83984375,98.70999908447266,3368.10009765625,0.4375,165.19366455078125
2025-06-23,2228.484619140625,2434.23974609375,2191.418212890625,2421.824951171875,26247439429.0,6025.169921875,98.41999816894531,3377.699951171875,0.4320000171661377,165.19366455078125
2025-06-24,2421.83056640625,2481.222900390625,2379.5693359375,2448.0087890625,19539047009.0,6092.18017578125,97.86000061035156,3317.39990234375,0.42930002212524415,165.19366455078125
2025-06-25,2448.7373046875,2468.677978515625,2394.607421875,2419.310302734375,17158118625.0,6092.16015625,97.68000030517578,3327.10009765625,0.42930002212524415,165.19366455078125
2025-06-26,2419.15478515625,2519.619873046875,2399.533935546875,2416.146728515625,18300413888.0,6141.02001953125,97.1500015258789,3333.5,0.42529997825622556,165.19366455078125
2025-06-27,2416.023193359375,2463.15478515625,2386.324951171875,2423.866943359375,15309834970.0,6173.06982421875,97.4000015258789,3273.699951171875,0.4282999992370605,165.19366455078125
2025-06-28,2423.92529296875,2448.191650390625,2407.76171875,2437.109375,8273074809.0,6173.06982421875,97.4000015258789,3273.699951171875,0.4282999992370605,165.19366455078125
2025-06-29,2437.11474609375,2523.320556640625,2417.625244140625,2500.9599609375,12500580479.0,6173.06982421875,97.4000015258789,3273.699951171875,0.4282999992370605,165.19366455078125
2025-06-30,2500.60546875,2521.720458984375,2438.054931640625,2486.46435546875,16859727663.0,6204.9501953125,96.87999725341797,3294.39990234375,0.42300000190734866,165.19366455078125
2025-07-01,2486.428466796875,2500.591796875,2389.81591796875,2405.792724609375,15025451796.0,6198.009765625,96.81999969482422,3336.699951171875,0.4250999927520752,165.19366455078125
2025-07-02,2405.857421875,2616.78369140625,2378.3935546875,2571.33544921875,22792512025.0,6227.419921875,96.77999877929688,3348.0,0.42930002212524415,165.19366455078125
2025-07-03,2570.796630859375,2635.192138671875,2558.58251953125,2591.00732421875,20873559425.0,6279.35009765625,97.18000030517578,3331.60009765625,0.4348000049591064,165.19366455078125
2025-07-04,2590.845703125,2601.11962890625,2475.7548828125,2508.518310546875,17222740209.0,6279.35009765625,97.18000030517578,3332.5,0.4348000049591064,165.19366455078125
2025-07-05,2508.095947265625,2529.84228515625,2489.00244140625,2517.280029296875,9289382302.0,6279.35009765625,97.18000030517578,3332.5,0.4348000049591064,165.19366455078125
2025-07-06,2517.280029296875,2603.064697265625,2505.370849609375,2571.236572265625,13190436110.0,6279.35009765625,97.18000030517578,3332.5,0.4348000049591064,165.19366455078125
2025-07-07,2571.395263671875,2589.324951171875,2517.903564453125,2543.01318359375,18440266947.0,6229.97998046875,97.4800033569336,3332.199951171875,0.4394999980926514,165.19366455078125
2025-07-08,2542.97265625,2626.66455078125,2525.437744140625,2615.505859375,17537487206.0,6225.52001953125,97.51000213623047,3307.0,0.4414999961853027,165.19366455078125
2025-07-09,2615.505859375,2794.5185546875,2591.947021484375,2770.777587890625,27229452849.0,6263.259765625,97.47000122070312,3311.60009765625,0.43420000076293946,165.19366455078125
2025-07-10,2770.7373046875,2995.152099609375,2757.2666015625,2954.84521484375,33929201261.0,6280.4599609375,97.6500015258789,3317.39990234375,0.4346000194549561,165.19366455078125
2025-07-11,2954.832763671875,3038.14111328125,2916.95654296875,2957.88623046875,36226558863.0,6259.75,97.8499984741211,3356.0,0.44229998588562014,165.19366455078125
2025-07-12,2958.333740234375,2979.780029296875,2907.193603515625,2942.91162109375,16317198254.0,6259.75,97.8499984741211,3356.0,0.44229998588562014,165.19366455078125
2025-07-13,2942.853515625,3016.3935546875,2938.736572265625,2973.35888671875,17361753131.0,6259.75,97.8499984741211,3356.0,0.44229998588562014,165.19366455078125
2025-07-14,2973.22509765625,3079.985595703125,2965.32373046875,3013.350830078125,36349290556.0,6268.56005859375,98.08000183105469,3351.5,0.4427000045776367,165.19366455078125
2025-07-15,3013.29345703125,3142.42724609375,2934.371337890625,3139.8896484375,39013656112.0,6243.759765625,98.62000274658203,3329.800048828125,0.4488999843597412,165.19366455078125
2025-07-16,3139.8896484375,3422.60302734375,3102.477783203125,3371.5068359375,46771354461.0,6263.7001953125,98.38999938964844,3352.5,0.44549999237060545,165.19366455078125
2025-07-17,3371.5068359375,3521.685302734375,3315.9990234375,3476.784423828125,47532846793.0,6297.35986328125,98.7300033569336,3340.10009765625,0.44629998207092286,165.19366455078125
2025-07-18,3476.1240234375,3674.855224609375,3463.38623046875,3549.016357421875,59198465810.0,6296.7900390625,98.4800033569336,3353.0,0.44320001602172854,165.19366455078125
2025-07-19,3548.926025390625,3608.275634765625,3512.97314453125,3595.273681640625,26031719746.0,6296.7900390625,98.4800033569336,3353.0,0.44320001602172854,165.19366455078125
2025-07-20,3595.240478515625,3819.398681640625,3582.349609375,3759.471435546875,44600451066.0,6296.7900390625,98.4800033569336,3353.0,0.44320001602172854,165.19366455078125
2025-07-21,3758.920654296875,3856.76708984375,3705.353759765625,3763.371337890625,42611467663.0,6305.60009765625,97.8499984741211,3401.89990234375,0.4372000217437744,165.19366455078125
2025-07-22,3762.882080078125,3798.100341796875,3624.140380859375,3749.1455078125,45248868820.0,6309.6201171875,97.38999938964844,3439.199951171875,0.43359999656677245,165.19366455078125
2025-07-23,3749.238525390625,3765.0263671875,3532.8564453125,3629.70361328125,41283228953.0,6358.91015625,97.20999908447266,3394.10009765625,0.4388000011444092,165.19366455078125
2025-07-24,3629.731689453125,3771.381591796875,3514.999267578125,3708.005615234375,40377960354.0,6363.35009765625,97.37999725341797,3371.0,0.44079999923706054,165.19366455078125
2025-07-25,3708.005615234375,3744.820068359375,3579.962890625,3727.266845703125,42264509577.0,6388.64013671875,97.6500015258789,3334.0,0.4386000156402588,165.19366455078125
2025-07-26,3727.2373046875,3789.789794921875,3702.774169921875,3741.39599609375,24635287361.0,6388.64013671875,97.6500015258789,3334.0,0.4386000156402588,165.19366455078125
2025-07-27,3741.25732421875,3876.93359375,3733.681640625,3875.24658203125,28897450394.0,6388.64013671875,97.6500015258789,3334.0,0.4386000156402588,165.19366455078125
2025-07-28,3875.255859375,3940.652099609375,3756.515869140625,3787.42578125,35831336149.0,6389.77001953125,98.66000366210938,3309.10009765625,0.4420000076293945,165.19366455078125
2025-07-29,3788.319580078125,3883.997802734375,3716.88330078125,3793.454833984375,35540435995.0,6370.85986328125,98.91000366210938,3323.39990234375,0.4329999923706055,165.19366455078125
2025-07-30,3793.58251953125,3832.884033203125,3683.14453125,3808.20166015625,34392494235.0,6362.89990234375,99.94000244140625,3295.800048828125,0.4375999927520752,165.19366455078125
2025-07-31,3808.24609375,3877.47021484375,3685.004150390625,3696.707763671875,32839839444.0,6339.39013671875,100.02999877929688,3293.199951171875,0.43600001335144045,165.19366455078125
2025-08-01,3696.144287109375,3722.585693359375,3432.3798828125,3488.365966796875,46261558200.0,6238.009765625,98.69000244140625,3347.699951171875,0.42199997901916503,165.19366455078125
2025-08-02,3487.956787109375,3535.558837890625,3370.943115234375,3392.7412109375,30165065282.0,6238.009765625,98.69000244140625,3347.699951171875,0.42199997901916503,165.19366455078125
2025-08-03,3392.744384765625,3520.831298828125,3357.93896484375,3497.379150390625,19363593865.0,6238.009765625,98.69000244140625,3347.699951171875,0.42199997901916503,165.19366455078125
2025-08-04,3497.613037109375,3734.9775390625,3491.554931640625,3718.986083984375,30905749658.0,6329.93994140625,98.77999877929688,3374.39990234375,0.4199999809265137,165.19366455078125
2025-08-05,3719.81787109375,3720.656494140625,3547.62109375,3611.8994140625,32778742296.0,6299.18994140625,98.77999877929688,3381.89990234375,0.4196000099182129,165.19366455078125
2025-08-06,3612.038818359375,3698.124755859375,3567.095947265625,3683.920654296875,26924415763.0,6345.06005859375,98.18000030517578,3380.0,0.42199997901916503,165.19366455078125
2025-08-07,3684.06201171875,3926.204345703125,3650.365966796875,3914.325927734375,38627826066.0,6340.0,98.4000015258789,3400.300048828125,0.42439999580383303,165.19366455078125
2025-08-08,3914.110595703125,4068.84765625,3882.443115234375,4009.848876953125,45460293892.0,6389.4501953125,98.18000030517578,3439.10009765625,0.4284999847412109,165.19366455078125
2025-08-09,4009.150634765625,4323.76123046875,4007.709228515625,4263.59912109375,45279715746.0,6389.4501953125,98.18000030517578,3439.10009765625,0.4284999847412109,165.19366455078125
2025-08-10,4263.552734375,4332.21044921875,4163.9404296875,4254.2177734375,36173931367.0,6389.4501953125,98.18000030517578,3439.10009765625,0.4284999847412109,165.19366455078125
2025-08-11,4254.2314453125,4362.0927734375,4168.875,4226.966796875,49989853803.0,6373.4501953125,98.5199966430664,3353.10009765625,0.42729997634887695,165.19366455078125
2025-08-12,4227.20703125,4634.05517578125,4222.3623046875,4590.9248046875,57237189036.0,6445.759765625,98.0999984741211,3348.89990234375,0.42930002212524415,165.19366455078125
2025-08-13,4590.65771484375,4784.6689453125,4566.23876953125,4756.27587890625,62550014642.0,6466.580078125,97.83999633789062,3358.699951171875,0.423799991607666,165.19366455078125
2025-08-14,4756.04345703125,4788.5517578125,4461.28173828125,4548.16650390625,75681632806.0,6468.5400390625,98.25,3335.199951171875,0.42930002212524415,165.19366455078125
2025-08-15,4549.07568359375,4667.72998046875,4375.54541015625,4439.98876953125,55445715824.0,6449.7998046875,97.8499984741211,3336.0,0.4328000068664551,165.19366455078125
2025-08-16,4439.998046875,4493.1494140625,4379.16455078125,4426.18017578125,26816931514.0,6449.7998046875,97.8499984741211,3336.0,0.4328000068664551,165.19366455078125
2025-08-17,4426.259765625,4575.87646484375,4400.71337890625,4473.271484375,31348101438.0,6449.7998046875,97.8499984741211,3336.0,0.4328000068664551,165.19366455078125
2025-08-18,4473.33056640625,4484.009765625,4229.3798828125,4312.5048828125,53518423360.0,6449.14990234375,98.16999816894531,3331.699951171875,0.43410000801086424,165.19366455078125
2025-08-19,4312.5302734375,4355.0751953125,4070.535400390625,4073.464111328125,50440367102.0,6411.3701171875,98.2699966430664,3313.39990234375,0.43020000457763674,165.19366455078125
2025-08-20,4073.168212890625,4376.78955078125,4064.965087890625,4334.50048828125,49577862965.0,6395.77978515625,98.22000122070312,3343.39990234375,0.4296000003814697,165.19366455078125
2025-08-21,4334.5673828125,4338.826171875,4205.77685546875,4223.2099609375,33618359942.0,6370.169921875,98.62000274658203,3336.89990234375,0.4329999923706055,165.19366455078125
2025-08-22,4223.73095703125,4884.22802734375,4209.47216796875,4831.3486328125,75965521535.0,6466.91015625,97.72000122070312,3374.39990234375,0.4260000228881836,165.19366455078125
2025-08-23,4831.08837890625,4831.61083984375,4669.72509765625,4776.09033203125,36503623278.0,6466.91015625,97.72000122070312,3374.39990234375,0.4260000228881836,165.19366455078125
2025-08-24,4776.70458984375,4953.73291015625,4714.47265625,4779.6474609375,52405003873.0,6466.91015625,97.72000122070312,3374.39990234375,0.4260000228881836,165.19366455078125
2025-08-25,4779.76953125,4796.35009765625,4343.947265625,4372.98779296875,63936163545.0,6439.31982421875,98.43000030517578,3373.800048828125,0.42750000953674316,165.19366455078125
2025-08-26,4372.88037109375,4632.0732421875,4316.30078125,4600.4267578125,53829747706.0,6465.93994140625,98.2300033569336,3388.60009765625,0.4257999897003174,165.19366455078125
2025-08-27,4600.51025390625,4659.9873046875,4489.2978515625,4503.39306640625,43509902322.0,6481.39990234375,98.2300033569336,3404.60009765625,0.423799991607666,165.19366455078125
2025-08-28,4503.63134765625,4629.03125,4435.109375,4507.177734375,36045274078.0,6501.85986328125,97.80999755859375,3431.800048828125,0.4206999778747559,165.19366455078125
2025-08-29,4507.63134765625,4513.859375,4272.45947265625,4360.15283203125,46899991962.0,6460.259765625,97.7699966430664,3473.699951171875,0.422700023651123,165.19366455078125
2025-08-30,4360.0888671875,4413.27490234375,4264.1953125,4374.1533203125,25883112278.0,6460.259765625,97.7699966430664,3473.699951171875,0.422700023651123,165.19366455078125
2025-08-31,4374.8935546875,4497.1767578125,4373.5966796875,4390.01904296875,26683044984.0,6460.259765625,97.7699966430664,3473.699951171875,0.422700023651123,165.19366455078125
2025-09-01,4389.6259765625,4490.3466796875,4221.24755859375,4314.47021484375,37530746508.0,6460.259765625,97.7699966430664,3473.699951171875,0.422700023651123,165.19366455078125
2025-09-02,4314.39111328125,4414.93408203125,4260.45947265625,4325.36572265625,39884692334.0,6415.5400390625,98.4000015258789,3549.39990234375,0.42769999504089357,165.19366455078125
2025-09-03,4324.6962890625,4489.19873046875,4286.2060546875,4450.38916015625,35260873497.0,6448.259765625,98.13999938964844,3593.199951171875,0.42109999656677244,165.19366455078125
2025-09-04,4450.2158203125,4483.451171875,4268.5888671875,4298.744140625,34919798552.0,6502.080078125,98.3499984741211,3565.800048828125,0.4176000118255615,165.19366455078125
2025-09-05,4298.8369140625,4484.361328125,4258.0498046875,4306.98876953125,44163736676.0,6481.5,97.7699966430664,3613.199951171875,0.4085999965667725,165.19366455078125
2025-09-06,4306.97314453125,4327.43994140625,4244.7548828125,4274.2421875,18108246446.0,6481.5,97.7699966430664,3613.199951171875,0.4085999965667725,165.19366455078125
2025-09-07,4274.1669921875,4334.2744140625,4271.5341796875,4305.34765625,17426783536.0,6481.5,97.7699966430664,3613.199951171875,0.4085999965667725,165.19366455078125
2025-09-08,4305.38134765625,4381.27490234375,4279.97216796875,4308.072265625,32277142378.0,6495.14990234375,97.44999694824219,3638.10009765625,0.4046000003814697,165.19366455078125
2025-09-09,4308.283203125,4381.2265625,4277.85302734375,4309.04150390625,30703320925.0,6512.60986328125,97.79000091552734,3643.300048828125,0.40739998817443845,165.19366455078125
2025-09-10,4309.091796875,4450.41796875,4286.0625,4349.14599609375,39521365146.0,6532.0400390625,97.77999877929688,3643.60009765625,0.40320000648498533,165.19366455078125
2025-09-11,4349.2001953125,4471.69873046875,4339.716796875,4461.2333984375,35959212991.0,6587.47021484375,97.54000091552734,3636.89990234375,0.40110001564025877,165.19366455078125
2025-09-12,4461.4794921875,4734.27392578125,4453.28466796875,4715.24609375,43839753626.0,6584.2900390625,97.55000305175781,3649.39990234375,0.4060999870300293,165.19366455078125
2025-09-13,4714.70361328125,4763.361328125,4609.12548828125,4668.1796875,34843845977.0,6584.2900390625,97.55000305175781,3649.39990234375,0.4060999870300293,165.19366455078125
2025-09-14,4668.17138671875,4690.64208984375,4581.84716796875,4609.59765625,28394160275.0,6584.2900390625,97.55000305175781,3649.39990234375,0.4060999870300293,165.19366455078125
2025-09-15,4609.72314453125,4670.5302734375,4469.861328125,4526.8203125,40224062009.0,6615.27978515625,97.30000305175781,3682.199951171875,0.40339999198913573,165.19366455078125
2025-09-16,4526.078125,4537.599609375,4428.330078125,4503.564453125,32761501436.0,6606.759765625,96.62999725341797,3688.89990234375,0.40260000228881837,165.19366455078125
2025-09-17,4503.6357421875,4617.23486328125,4429.64453125,4592.7333984375,44120899417.0,6600.35009765625,96.87000274658203,3681.800048828125,0.40760002136230467,165.19366455078125
2025-09-18,4592.44287109375,4643.97265625,4556.27001953125,4589.9189453125,33497259158.0,6631.9599609375,97.3499984741211,3643.699951171875,0.4104000091552734,165.19366455078125
2025-09-19,4589.505859375,4620.79296875,4443.2646484375,4470.9169921875,30352619653.0,6664.35986328125,97.63999938964844,3671.5,0.41389999389648435,165.19366455078125
2025-09-20,4470.978515625,4509.81201171875,4459.1591796875,4482.265625,18056494322.0,6664.35986328125,97.63999938964844,3671.5,0.41389999389648435,165.19366455078125
2025-09-21,4482.583984375,4499.38916015625,4447.119140625,4451.3291015625,19330306133.0,6664.35986328125,97.63999938964844,3671.5,0.41389999389648435,165.19366455078125
2025-09-22,4451.58056640625,4457.08251953125,4092.396728515625,4202.87744140625,58221334533.0,6693.75,97.33000183105469,3740.699951171875,0.41430001258850097,165.19366455078125
2025-09-23,4203.021484375,4227.7314453125,4120.8154296875,4165.50390625,32460075911.0,6656.919921875,97.26000213623047,3780.60009765625,0.4119999885559082,165.19366455078125
2025-09-24,4165.41259765625,4206.90185546875,4081.34765625,4153.46923828125,33538388785.0,6637.97021484375,97.87000274658203,3732.10009765625,0.41469998359680177,165.19366455078125
2025-09-25,4153.52099609375,4162.0625,3829.0107421875,3868.333984375,68963092031.0,6604.72021484375,98.55000305175781,3736.89990234375,0.41719999313354494,165.19366455078125
2025-09-26,3868.69091796875,4069.168701171875,3868.43359375,4035.887939453125,47873508328.0,6643.7001953125,98.1500015258789,3775.300048828125,0.4186999797821045,165.19366455078125
2025-09-27,4035.91455078125,4038.45166015625,3975.758056640625,4018.658203125,20382555776.0,6643.7001953125,98.1500015258789,3775.300048828125,0.4186999797821045,165.19366455078125
2025-09-28,4018.65966796875,4143.00390625,3969.79296875,4141.4765625,24631307054.0,6643.7001953125,98.1500015258789,3775.300048828125,0.4186999797821045,165.19366455078125
2025-09-29,4141.3564453125,4234.78271484375,4087.92724609375,4217.341796875,38560429932.0,6661.2099609375,97.91000366210938,3820.89990234375,0.41409997940063475,165.19366455078125
2025-09-30,4217.05517578125,4238.67138671875,4095.443603515625,4145.95751953125,37679153330.0,6688.4599609375,97.7699966430664,3840.800048828125,0.41479997634887694,165.19366455078125
2025-10-01,4146.03369140625,4351.1123046875,4125.5419921875,4351.1123046875,46161664723.0,6711.2001953125,97.70999908447266,3867.5,0.4105999946594238,165.19366455078125
2025-10-02,4352.24072265625,4517.6650390625,4336.5263671875,4487.923828125,48074066058.0,6715.35009765625,97.8499984741211,3839.699951171875,0.40879998207092283,165.19366455078125
2025-10-03,4486.9345703125,4591.44384765625,4431.47900390625,4514.87060546875,49603450230.0,6715.7900390625,97.72000122070312,3880.800048828125,0.411899995803833,165.19366455078125
2025-10-04,4514.9091796875,4519.52685546875,4444.0126953125,4489.197265625,21832270764.0,6715.7900390625,97.72000122070312,3880.800048828125,0.411899995803833,165.19366455078125
2025-10-05,4489.05322265625,4616.533203125,4472.138671875,4515.4228515625,44880806324.0,6715.7900390625,97.72000122070312,3880.800048828125,0.411899995803833,165.19366455078125
2025-10-06,4515.30078125,4736.208984375,4492.8701171875,4687.771484375,44992456374.0,6740.27978515625,98.11000061035156,3948.5,0.4162000179290771,165.19366455078125
2025-10-07,4687.7099609375,4755.22021484375,4443.5712890625,4451.15185546875,54879425294.0,6714.58984375,98.58000183105469,3976.60009765625,0.4126999855041504,165.19366455078125
2025-10-08,4451.10791015625,4556.2216796875,4417.76806640625,4527.64794921875,40456628235.0,6753.72021484375,98.8499984741211,4043.300048828125,0.4129000186920166,165.19366455078125
2025-10-09,4526.9609375,4531.716796875,4273.5595703125,4369.1435546875,47903074596.0,6735.10986328125,99.54000091552734,3946.300048828125,0.41479997634887694,165.19366455078125
2025-10-10,4369.0654296875,4395.57080078125,3460.222412109375,3843.0087890625,97736621123.0,6552.509765625,98.9800033569336,3975.89990234375,0.40510001182556155,165.19366455078125
2025-10-11,3840.96044921875,3882.241455078125,3652.7900390625,3750.611572265625,62475475938.0,6552.509765625,98.9800033569336,3975.89990234375,0.40510001182556155,165.19366455078125
2025-10-12,3750.946044921875,4195.3974609375,3701.478271484375,4164.427734375,61216174681.0,6552.509765625,98.9800033569336,3975.89990234375,0.40510001182556155,165.19366455078125
2025-10-13,4164.04931640625,4292.845703125,4061.224609375,4245.4677734375,50253782420.0,6654.72021484375,99.2699966430664,4108.60009765625,0.40510001182556155,165.19366455078125
2025-10-14,4245.37255859375,4265.10546875,3895.9736328125,4125.412109375,67094148347.0,6644.31005859375,99.05000305175781,4138.7001953125,0.40219998359680176,165.19366455078125
2025-10-15,4125.361328125,4213.85595703125,3935.161376953125,3987.45947265625,50462889453.0,6671.06005859375,98.79000091552734,4176.89990234375,0.4046000003814697,165.19366455078125
2025-10-16,3987.14892578125,4079.648193359375,3829.654052734375,3894.75439453125,49147390731.0,6629.06982421875,98.38999938964844,4280.2001953125,0.39760000705718995,165.19366455078125
2025-10-17,3894.377685546875,3950.56689453125,3678.620361328125,3832.558837890625,57404271888.0,6664.009765625,98.43000030517578,4189.89990234375,0.4006999969482422,165.19366455078125
2025-10-18,3833.009521484375,3927.24560546875,3822.266357421875,3890.34619140625,23815676385.0,6664.009765625,98.43000030517578,4189.89990234375,0.4006999969482422,165.19366455078125
2025-10-19,3890.58349609375,4029.35546875,3843.77294921875,3984.649658203125,32870655221.0,6664.009765625,98.43000030517578,4189.89990234375,0.4006999969482422,165.19366455078125
2025-10-20,3984.6962890625,4084.15966796875,3911.726318359375,3980.76025390625,40224612563.0,6735.1298828125,98.58999633789062,4336.39990234375,0.39860000610351565,165.19366455078125
2025-10-21,3980.740478515625,4109.533203125,3843.227783203125,3876.76416015625,49960290350.0,6735.35009765625,98.93000030517578,4087.699951171875,0.39630000591278075,165.19366455078125
2025-10-22,3877.363037109375,3890.63232421875,3718.0771484375,3808.122314453125,46173305673.0,6699.39990234375,98.9000015258789,4044.39990234375,0.39530000686645506,165.19366455078125
2025-10-23,3808.0849609375,3930.974853515625,3801.241455078125,3856.0263671875,36361652714.0,6738.43994140625,98.94000244140625,4125.5,0.3990999937057495,165.19366455078125
2025-10-24,3856.033203125,4002.561767578125,3849.724853515625,3934.5673828125,34090708715.0,6791.68994140625,98.94999694824219,4118.39990234375,0.3996999979019165,165.19366455078125
2025-10-25,3934.489990234375,3967.6455078125,3914.640625,3953.470947265625,15245229017.0,6791.68994140625,98.94999694824219,4118.39990234375,0.3996999979019165,165.19366455078125
2025-10-26,3953.437255859375,4177.310546875,3923.192626953125,4157.9892578125,29120786315.0,6791.68994140625,98.94999694824219,4118.39990234375,0.3996999979019165,165.19366455078125
2025-10-27,4158.0107421875,4250.669921875,4099.56982421875,4120.1220703125,40271333201.0,6875.16015625,98.77999877929688,4001.89990234375,0.3996999979019165,165.19366455078125
2025-10-28,4120.27490234375,4173.50537109375,3940.834228515625,3982.262451171875,39684155177.0,6890.89013671875,98.69000244140625,3966.199951171875,0.39830000400543214,165.19366455078125
2025-10-29,3980.759033203125,4036.35302734375,3849.538818359375,3903.35302734375,35255876156.0,6890.58984375,99.22000122070312,3983.699951171875,0.40580000877380373,165.19366455078125
2025-10-30,3903.322509765625,3948.22265625,3681.909423828125,3804.375244140625,39981939289.0,6822.33984375,99.52999877929688,4001.300048828125,0.40929999351501467,165.19366455078125
2025-10-31,3805.082763671875,3900.580322265625,3797.669189453125,3847.080322265625,37800100395.0,6840.2001953125,99.80000305175781,3982.199951171875,0.41009998321533203,165.19366455078125
2025-11-01,3847.17138671875,3906.7802734375,3832.634765625,3874.18798828125,17490279524.0,6840.2001953125,99.80000305175781,3982.199951171875,0.41009998321533203,165.19366455078125
2025-11-02,3873.894287109375,3914.87548828125,3839.997314453125,3911.063232421875,20479611654.0,6840.2001953125,99.80000305175781,3982.199951171875,0.41009998321533203,165.19366455078125
2025-11-03,3911.747802734375,3912.63330078125,3560.263671875,3602.30810546875,53091469560.0,6851.97021484375,99.87000274658203,4000.300048828125,0.4105999946594238,165.19366455078125
2025-11-04,3602.040771484375,3652.687255859375,3063.0869140625,3292.574462890625,76827517773.0,6771.5498046875,100.22000122070312,3947.699951171875,0.40890002250671387,165.19366455078125
2025-11-05,3292.148193359375,3479.8095703125,3170.513916015625,3425.171142578125,46955882330.0,6796.2900390625,100.19999694824219,3980.300048828125,0.41570000648498534,165.19366455078125
2025-11-06,3425.361083984375,3454.3359375,3245.28173828125,3312.2578125,36731850433.0,6720.31982421875,99.7300033569336,3979.89990234375,0.40929999351501467,165.19366455078125
2025-11-07,3312.029296875,3471.804931640625,3195.896728515625,3435.301025390625,42609994022.0,6728.7998046875,99.5999984741211,3999.39990234375,0.40929999351501467,165.19366455078125
2025-11-08,3435.1474609375,3482.268310546875,3357.713134765625,3400.3759765625,23613870398.0,6728.7998046875,99.5999984741211,3999.39990234375,0.40929999351501467,165.19366455078125
2025-11-09,3400.0986328125,3616.43701171875,3359.717529296875,3582.621337890625,28821543888.0,6728.7998046875,99.5999984741211,3999.39990234375,0.40929999351501467,165.19366455078125
2025-11-10,3583.44482421875,3656.14892578125,3508.98583984375,3568.4599609375,35638045619.0,6832.43017578125,99.62000274658203,4111.7998046875,0.41100001335144043,165.19366455078125
2025-11-11,3568.47265625,3644.5283203125,3404.86181640625,3415.2822265625,39734688531.0,6846.60986328125,99.45999908447266,4106.7998046875,0.4119999885559082,165.19366455078125
2025-11-12,3415.7958984375,3586.013916015625,3373.711669921875,3413.09423828125,34898956623.0,6850.919921875,99.4800033569336,4204.39990234375,0.4065000057220459,165.19366455078125
2025-11-13,3412.994873046875,3561.86083984375,3156.03076171875,3232.757080078125,50283416669.0,6737.490234375,99.18000030517578,4186.89990234375,0.41119999885559083,165.19366455078125
2025-11-14,3232.295166015625,3252.660888671875,3071.970703125,3103.78564453125,47003809463.0,6734.10986328125,99.2699966430664,4087.60009765625,0.41479997634887694,165.19366455078125
2025-11-15,3104.230224609375,3227.690185546875,3104.230224609375,3166.63134765625,19932940649.0,6734.10986328125,99.2699966430664,4087.60009765625,0.41479997634887694,165.19366455078125
2025-11-16,3166.79345703125,3244.837646484375,3007.07275390625,3092.847412109375,30987886524.0,6734.10986328125,99.2699966430664,4087.60009765625,0.41479997634887694,165.19366455078125
2025-11-17,3092.941650390625,3218.13037109375,2957.3095703125,3024.538818359375,41026793235.0,6672.41015625,99.58999633789062,4068.300048828125,0.4132999897003174,165.19366455078125
2025-11-18,3024.4140625,3167.9326171875,2948.329345703125,3122.97900390625,41581494270.0,6617.31982421875,99.55000305175781,4061.300048828125,0.41230001449584963,165.19366455078125
2025-11-19,3122.64599609375,3122.64599609375,2871.22802734375,3023.07080078125,40229739844.0,6642.16015625,100.2300033569336,4077.699951171875,0.4132999897003174,165.19366455078125
2025-11-20,3022.885498046875,3057.78857421875,2790.597900390625,2831.777587890625,43917885207.0,6538.759765625,100.16000366210938,4056.5,0.4105999946594238,165.19366455078125
2025-11-21,2829.2646484375,2880.60302734375,2626.87158203125,2765.69921875,51476486049.0,6602.990234375,100.18000030517578,4076.699951171875,0.4063000202178955,165.19366455078125
2025-11-22,2766.090576171875,2795.4267578125,2704.502197265625,2767.607421875,15408928941.0,6602.990234375,100.18000030517578,4076.699951171875,0.4063000202178955,165.19366455078125
2025-11-23,2767.594970703125,2856.446533203125,2767.472900390625,2801.676025390625,20358404499.0,6602.990234375,100.18000030517578,4076.699951171875,0.4063000202178955,165.19366455078125
2025-11-24,2801.204345703125,2982.822021484375,2763.3779296875,2952.71337890625,32491657389.0,6705.1201171875,100.13999938964844,4091.89990234375,0.40380001068115234,165.19366455078125
2025-11-25,2952.58447265625,2978.704345703125,2857.8359375,2957.936279296875,23336017779.0,6765.8798828125,99.66000366210938,4139.2001953125,0.40019998550415037,165.19366455078125
2025-11-26,2958.32958984375,3043.927001953125,2889.890625,3027.81201171875,21433162961.0,6812.60986328125,99.5999984741211,4165.2001953125,0.3997999906539917,165.19366455078125
2025-11-27,3027.799072265625,3070.73193359375,2987.19775390625,3014.542236328125,16972780500.0,6812.60986328125,99.5999984741211,4165.2001953125,0.3997999906539917,165.19366455078125
2025-11-28,3014.543701171875,3095.033203125,2995.76513671875,3032.304443359375,20659958964.0,6849.08984375,99.45999908447266,4218.2998046875,0.4017000198364258,165.19366455078125
2025-11-29,3032.29541015625,3051.962890625,2966.850830078125,2991.685302734375,12775481230.0,6849.08984375,99.45999908447266,4218.2998046875,0.4017000198364258,165.19366455078125
2025-11-30,2991.375244140625,3051.597900390625,2978.826171875,2992.112548828125,11530446514.0,6849.08984375,99.45999908447266,4218.2998046875,0.4017000198364258,165.19366455078125
2025-12-01,2991.923095703125,2996.8818359375,2720.4365234375,2800.18896484375,36679598313.0,6812.6298828125,99.41000366210938,4239.2998046875,0.40960001945495605,165.19366455078125
2025-12-02,2800.22314453125,3032.76123046875,2784.390625,2997.939697265625,26593645111.0,6829.3701171875,99.36000061035156,4186.60009765625,0.4085999965667725,165.19366455078125
2025-12-03,2997.801513671875,3212.559814453125,2988.14208984375,3191.57177734375,29949301036.0,6849.72021484375,98.8499984741211,4199.2998046875,0.4057000160217285,165.19366455078125
2025-12-04,3188.343505859375,3238.555419921875,3071.31005859375,3134.31640625,27434991113.0,6857.1201171875,98.98999786376953,4211.7998046875,0.4107999801635742,165.19366455078125
2025-12-05,3134.357421875,3192.45703125,2989.83154296875,3024.432861328125,28000268228.0,6870.39990234375,98.98999786376953,4212.89990234375,0.41389999389648435,165.19366455078125
2025-12-06,3024.487548828125,3067.661376953125,3013.98193359375,3040.207763671875,10962819760.0,6870.39990234375,98.98999786376953,4212.89990234375,0.41389999389648435,165.19366455078125
2025-12-07,3040.17919921875,3148.7734375,2930.645263671875,3061.3017578125,20383496376.0,6870.39990234375,98.98999786376953,4212.89990234375,0.41389999389648435,165.19366455078125
2025-12-08,3061.013671875,3177.86767578125,3043.703857421875,3125.197998046875,25262165670.0,6846.509765625,99.08999633789062,4187.2001953125,0.41719999313354494,165.19366455078125
2025-12-09,3124.942626953125,3395.838623046875,3092.87646484375,3321.114990234375,32012553374.0,6840.509765625,99.22000122070312,4206.7001953125,0.4185999870300293,165.19366455078125
2025-12-10,3321.2041015625,3446.622802734375,3290.14697265625,3325.39013671875,30694387989.0,6886.68017578125,98.79000091552734,4196.39990234375,0.41640000343322753,165.19366455078125
2025-12-11,3324.38671875,3327.344482421875,3149.034423828125,3237.056884765625,29066243707.0,6901.0,98.3499984741211,4285.5,0.41409997940063475,165.19366455078125
2025-12-12,3237.025634765625,3265.37255859375,3050.267333984375,3084.172607421875,24391003174.0,6827.41015625,98.4000015258789,4300.10009765625,0.4193999767303467,165.19366455078125
2025-12-13,3084.129638671875,3134.849365234375,3080.07861328125,3116.6953125,9916869400.0,6827.41015625,98.4000015258789,4300.10009765625,0.4193999767303467,165.19366455078125
2025-12-14,3116.743896484375,3128.622802734375,3034.692626953125,3060.5947265625,15619543350.0,6827.41015625,98.4000015258789,4300.10009765625,0.4193999767303467,165.19366455078125
2025-12-15,3060.4814453125,3175.1181640625,2899.685791015625,2964.18310546875,28765976892.0,6816.509765625,98.1500015258789,4306.7001953125,0.4182000160217285,165.19366455078125
2025-12-16,2964.379638671875,2978.92138671875,2890.01171875,2964.180908203125,22709189818.0,6800.259765625,98.1500015258789,4304.5,0.414900016784668,165.19366455078125
2025-12-17,2964.01953125,3025.8154296875,2791.333984375,2831.403564453125,26159825528.0,6721.43017578125,98.37000274658203,4347.5,0.4151000022888184,165.19366455078125
2025-12-18,2831.48828125,2994.552734375,2777.11962890625,2827.069091796875,29194181349.0,6774.759765625,98.43000030517578,4339.5,0.41160001754760744,165.19366455078125
2025-12-19,2827.410400390625,3014.6123046875,2811.3916015625,2977.970703125,27870687989.0,6834.5,98.5999984741211,4361.39990234375,0.4151000022888184,165.19366455078125
2025-12-20,2977.869140625,2992.31005859375,2967.838623046875,2977.58251953125,7612418215.0,6834.5,98.5999984741211,4361.39990234375,0.4151000022888184,165.19366455078125
2025-12-21,2977.508544921875,3009.80712890625,2945.394775390625,3001.61376953125,11178096676.0,6834.5,98.5999984741211,4361.39990234375,0.4151000022888184,165.19366455078125
2025-12-22,3001.61279296875,3073.353759765625,2965.175048828125,3006.07373046875,20342034264.0,6878.490234375,98.29000091552734,4444.60009765625,0.4169000148773193,165.19366455078125
2025-12-23,3006.073974609375,3033.1962890625,2902.3330078125,2963.3740234375,21453213168.0,6909.7900390625,97.94000244140625,4482.7998046875,0.4169000148773193,165.19366455078125
2025-12-24,2962.922607421875,2975.171142578125,2888.988037109375,2945.590576171875,13984770325.0,6932.0498046875,97.9800033569336,4480.60009765625,0.4136000156402588,165.19366455078125
2025-12-25,2945.423095703125,2968.705078125,2891.10888671875,2903.57958984375,11828871179.0,6932.0498046875,97.9800033569336,4480.60009765625,0.4136000156402588,165.19366455078125
2025-12-26,2903.625,2991.219970703125,2894.15380859375,2925.74560546875,18562196049.0,6929.93994140625,98.0199966430664,4529.10009765625,0.4136000156402588,165.19366455078125
2025-12-27,2925.7451171875,2957.300537109375,2917.271240234375,2947.998291015625,7378783299.0,6929.93994140625,98.0199966430664,4529.10009765625,0.4136000156402588,165.19366455078125
2025-12-28,2947.898193359375,2957.138671875,2925.745361328125,2948.568115234375,9227601389.0,6929.93994140625,98.0199966430664,4529.10009765625,0.4136000156402588,165.19366455078125
2025-12-29,2948.55908203125,3051.94189453125,2908.748046875,2934.538330078125,25957694515.0,6905.740234375,98.04000091552734,4325.10009765625,0.41160001754760744,165.19366455078125
2025-12-30,2934.416259765625,3002.8046875,2916.330078125,2971.416748046875,18816704381.0,6896.240234375,98.23999786376953,4370.10009765625,0.4130000114440918,165.19366455078125
2025-12-31,2971.407470703125,3021.849609375,2959.143798828125,2967.03759765625,16451891101.0,6845.5,98.27999877929688,4325.60009765625,0.41630001068115235,165.19366455078125
2026-01-01,2966.997314453125,3006.01025390625,2966.84521484375,3000.394287109375,10268796662.0,6845.5,98.27999877929688,4325.60009765625,0.41630001068115235,165.19366455078125
2026-01-02,3000.453125,3146.984375,2989.9013671875,3124.422607421875,25242778003.0,6858.47021484375,98.41999816894531,4314.39990234375,0.4186999797821045,165.19366455078125
2026-01-03,3124.310302734375,3135.025634765625,3077.4658203125,3125.91748046875,11460707919.0,6858.47021484375,98.41999816894531,4314.39990234375,0.4186999797821045,165.19366455078125
2026-01-04,3125.960205078125,3160.551025390625,3119.427490234375,3140.71044921875,13890479323.0,6858.47021484375,98.41999816894531,4314.39990234375,0.4186999797821045,165.19366455078125
2026-01-05,3141.486328125,3261.245849609375,3134.0927734375,3226.13037109375,27211995956.0,6902.0498046875,98.2699966430664,4436.89990234375,0.41649999618530276,165.19366455078125
2026-01-06,3226.116455078125,3303.5634765625,3184.0146484375,3295.94677734375,27853981622.0,6944.81982421875,98.58000183105469,4482.2001953125,0.41789999008178713,165.19366455078125
2026-01-07,3295.91259765625,3296.394287109375,3126.552001953125,3166.843994140625,22665982583.0,6920.93017578125,98.68000030517578,4449.2998046875,0.4138000011444092,165.19366455078125
2026-01-08,3166.924072265625,3179.866455078125,3052.509765625,3104.382568359375,22760237888.0,6921.4599609375,98.93000030517578,4449.7001953125,0.4183000087738037,165.19366455078125
2026-01-09,3104.334716796875,3140.709228515625,3058.096923828125,3083.047119140625,18879517395.0,6966.27978515625,99.12999725341797,4490.2998046875,0.4171000003814697,165.19366455078125
2026-01-10,3083.16650390625,3099.16748046875,3075.135498046875,3082.39599609375,6960662969.0,6966.27978515625,99.12999725341797,4490.2998046875,0.4171000003814697,165.19366455078125
2026-01-11,3082.407470703125,3141.9580078125,3080.747802734375,3118.88525390625,10497219711.0,6966.27978515625,99.12999725341797,4490.2998046875,0.4171000003814697,165.19366455078125
2026-01-12,3118.828857421875,3166.219970703125,3068.07275390625,3092.3251953125,21152711365.0,6977.27001953125,98.86000061035156,4604.2998046875,0.4186999797821045,165.19366455078125
2026-01-13,3092.008544921875,3352.580078125,3088.512939453125,3322.095458984375,27237310134.0,6963.740234375,99.12999725341797,4589.2001953125,0.4171000003814697,165.19366455078125
2026-01-14,3322.192138671875,3397.897705078125,3280.378662109375,3354.72265625,33926411912.0,6926.60009765625,99.12999725341797,4626.2998046875,0.4139999866485596,165.19366455078125
2026-01-15,3354.765869140625,3382.44873046875,3276.820068359375,3317.101318359375,27598686935.0,6944.47021484375,99.31999969482422,4616.2998046875,0.4159999847412109,165.19366455078125
2026-01-16,3317.341796875,3325.25048828125,3251.814453125,3295.482177734375,22732887284.0,6940.009765625,99.38999938964844,4588.39990234375,0.42309999465942383,165.19366455078125
2026-01-17,3295.482666015625,3328.283447265625,3282.661865234375,3308.8642578125,11206492253.0,6940.009765625,99.38999938964844,4588.39990234375,0.42309999465942383,165.19366455078125
2026-01-18,3308.90576171875,3367.167724609375,3278.4267578125,3281.15771484375,13557863288.0,6940.009765625,99.38999938964844,4588.39990234375,0.42309999465942383,165.19366455078125
2026-01-19,3282.19921875,3282.65478515625,3166.0166015625,3186.62109375,27956112545.0,6940.009765625,99.38999938964844,4588.39990234375,0.42309999465942383,165.19366455078125
2026-01-20,3186.62109375,3197.391845703125,2925.54345703125,2935.605712890625,32985301273.0,6796.85986328125,98.63999938964844,4759.60009765625,0.42950000762939455,165.19366455078125
2026-01-21,2935.882080078125,3064.390625,2867.264404296875,2978.901123046875,35797876195.0,6875.6201171875,98.76000213623047,4831.7998046875,0.42529997825622556,165.19366455078125
2026-01-22,2979.307861328125,3034.338134765625,2905.562744140625,2949.63330078125,21993593333.0,6913.35009765625,98.36000061035156,4908.7998046875,0.4249000072479248,165.19366455078125
2026-01-23,2949.44580078125,3013.9541015625,2892.52099609375,2953.25634765625,22417700837.0,6915.60986328125,97.5999984741211,4976.2001953125,0.4238999843597412,165.19366455078125
2026-01-24,2953.23828125,2965.46875,2942.444580078125,2948.74072265625,8198666763.0,6915.60986328125,97.5999984741211,4976.2001953125,0.4238999843597412,165.19366455078125
2026-01-25,2948.534423828125,2955.016845703125,2785.896728515625,2815.90234375,22414089670.0,6915.60986328125,97.5999984741211,4976.2001953125,0.4238999843597412,165.19366455078125
2026-01-26,2815.768798828125,2945.99755859375,2811.074951171875,2926.45703125,29668620102.0,6950.22998046875,97.04000091552734,5079.7001953125,0.42129998207092284,165.19366455078125
2026-01-27,2926.201171875,3031.03857421875,2898.3115234375,3022.2109375,27976005223.0,6978.60009765625,96.22000122070312,5079.89990234375,0.42230000495910647,165.19366455078125
2026-01-28,3022.237548828125,3040.718505859375,2981.589599609375,3006.607421875,21751566455.0,6978.02978515625,96.44999694824219,5301.60009765625,0.4250999927520752,165.19366455078125
2026-01-29,3006.26171875,3008.03759765625,2751.64501953125,2818.232666015625,37487198041.0,6969.009765625,96.27999877929688,5318.39990234375,0.422700023651123,165.19366455078125
2026-01-30,2818.135498046875,2823.91455078125,2633.8388671875,2702.375244140625,41877689970.0,6939.02978515625,96.98999786376953,4713.89990234375,0.4241000175476074,165.19366455078125
2026-01-31,2702.301513671875,2709.53369140625,2248.69873046875,2445.091796875,47569532203.0,6939.02978515625,96.98999786376953,4713.89990234375,0.4241000175476074,165.19366455078125
2026-02-01,2445.0693359375,2472.646240234375,2224.117919921875,2267.96484375,40358630560.0,6939.02978515625,96.98999786376953,4713.89990234375,0.4241000175476074,165.19366455078125
2026-02-02,2267.5625,2393.0634765625,2158.937255859375,2344.356689453125,48844346396.0,6976.43994140625,97.61000061035156,4622.5,0.42750000953674316,165.19366455078125
2026-02-03,2344.44580078125,2357.2060546875,2109.05517578125,2227.558837890625,47906083919.0,6917.81005859375,97.44000244140625,4903.7001953125,0.427400016784668,165.19366455078125
2026-02-04,2227.967041015625,2291.13134765625,2074.102783203125,2143.504150390625,45219604814.0,6882.72021484375,97.62000274658203,4920.39990234375,0.42750000953674316,165.19366455078125
2026-02-05,2143.618896484375,2167.139892578125,1818.664306640625,1821.68310546875,60381662655.0,6798.39990234375,97.81999969482422,4861.39990234375,0.42100000381469727,165.19366455078125
2026-02-06,1821.12939453125,2090.328125,1748.627685546875,2063.386962890625,64998454203.0,6932.2998046875,97.62999725341797,4951.2001953125,0.42059998512268065,165.19366455078125
2026-02-07,2063.333740234375,2115.824951171875,1995.9185791015625,2090.54931640625,41145430304.0,6932.2998046875,97.62999725341797,4951.2001953125,0.42059998512268065,165.19366455078125
2026-02-08,2090.633544921875,2148.12060546875,2066.3837890625,2088.762939453125,19541713443.0,6932.2998046875,97.62999725341797,4951.2001953125,0.42059998512268065,165.19366455078125
2026-02-09,2087.92138671875,2144.97607421875,2008.3623046875,2103.567626953125,26750982266.0,6964.81982421875,96.81999969482422,5050.89990234375,0.4197999954223633,165.19366455078125
2026-02-10,2104.181884765625,2122.021484375,1990.1405029296875,2019.4974365234375,23267337087.0,6941.81005859375,96.80000305175781,5003.7998046875,0.41469998359680177,165.19366455078125
2026-02-11,2019.580078125,2030.409423828125,1903.6851806640625,1940.621337890625,23922680362.0,6941.47021484375,96.83000183105469,5071.60009765625,0.41719999313354494,165.19366455078125
2026-02-12,1940.8411865234375,1999.5028076171875,1897.3348388671875,1946.940673828125,20106364835.0,6832.759765625,96.93000030517578,4923.7001953125,0.4104000091552734,165.19366455078125
2026-02-13,1946.6107177734375,2069.456787109375,1924.136962890625,2048.52734375,20412430639.0,6836.169921875,96.87999725341797,5022.0,0.40560002326965333,165.19366455078125
2026-02-14,2048.330322265625,2105.067626953125,2042.6414794921875,2086.009765625,16925555543.0,6836.169921875,96.87999725341797,5022.0,0.40560002326965333,165.19366455078125
2026-02-15,2085.95361328125,2100.47900390625,1929.3944091796875,1966.04296875,31030538835.0,6836.169921875,96.87999725341797,5022.0,0.40560002326965333,165.19366455078125
2026-02-16,1965.9232177734375,2021.0836181640625,1938.5450439453125,1997.917724609375,19219250473.0,6836.169921875,96.87999725341797,5022.0,0.40560002326965333,165.19366455078125
2026-02-17,1997.9217529296875,2013.8560791015625,1941.7789306640625,1992.1943359375,20929890501.0,6843.22021484375,97.16000366210938,4882.89990234375,0.4052000045776367,165.19366455078125
2026-02-18,1992.195068359375,2037.1585693359375,1923.8134765625,1953.97412109375,20187307041.0,6881.31005859375,97.69999694824219,4986.5,0.4078999996185303,165.19366455078125
2026-02-19,1953.994140625,1985.8076171875,1906.822021484375,1948.2010498046875,17380103826.0,6861.89013671875,97.93000030517578,4975.89990234375,0.4074999809265137,165.19366455078125
2026-02-20,1948.268798828125,1980.2437744140625,1923.622802734375,1969.0223388671875,21682976627.0,6909.509765625,97.80000305175781,5059.2998046875,0.4085999965667725,165.19366455078125
2026-02-21,1968.86181640625,1994.8277587890625,1955.794189453125,1973.7371826171875,11561261802.0,6909.509765625,97.80000305175781,5059.2998046875,0.4085999965667725,165.19366455078125
2026-02-22,1973.57080078125,1982.2142333984375,1934.8607177734375,1957.805908203125,9488829492.0,6909.509765625,97.80000305175781,5059.2998046875,0.4085999965667725,165.19366455078125
2026-02-23,1958.1396484375,1958.1396484375,1838.0416259765625,1855.5028076171875,23731172668.0,6837.75,97.69999694824219,5204.7001953125,0.40289998054504395,165.19366455078125
2026-02-24,1855.4727783203125,1868.3206787109375,1804.1136474609375,1852.969482421875,18475122228.0,6890.06982421875,97.87999725341797,5155.7998046875,0.40329999923706056,165.19366455078125
2026-02-25,1852.87548828125,2145.506103515625,1847.05419921875,2054.6279296875,27717195805.0,6946.1298828125,97.69999694824219,5206.39990234375,0.4047999858856201,165.19366455078125
2026-02-26,2053.78271484375,2082.78662109375,1976.3575439453125,2026.7926025390625,23327720766.0,6908.85986328125,97.79000091552734,5176.5,0.4017000198364258,165.19366455078125
2026-02-27,2026.735107421875,2062.627197265625,1888.6287841796875,1930.7618408203125,21136821039.0,6878.8798828125,97.61000061035156,5230.5,0.39619998931884765,165.19366455078125
2026-02-28,1930.7469482421875,1983.9927978515625,1837.303466796875,1965.050537109375,21675923669.0,6878.8798828125,97.61000061035156,5230.5,0.39619998931884765,165.19366455078125
2026-03-01,1965.3902587890625,2053.28564453125,1909.098388671875,1939.066650390625,23649071468.0,6878.8798828125,97.61000061035156,5230.5,0.39619998931884765,165.19366455078125
2026-03-02,1939.0587158203125,2085.427978515625,1922.4390869140625,2027.2689208984375,26235436166.0,6881.6201171875,98.37999725341797,5294.39990234375,0.4047999858856201,165.19366455078125
2026-03-03,2027.407958984375,2040.7916259765625,1930.4029541015625,1982.7689208984375,24100196312.0,6816.6298828125,99.05000305175781,5107.39990234375,0.40560002326965333,165.19366455078125
2026-03-04,1982.711181640625,2198.65673828125,1946.0396728515625,2126.50537109375,33610946768.0,6869.5,98.7699966430664,5120.2001953125,0.40799999237060547,165.19366455078125
2026-03-05,2126.560546875,2163.0361328125,2056.01904296875,2071.60546875,22383576284.0,6830.7099609375,99.31999969482422,5065.2998046875,0.41459999084472654,165.19366455078125
2026-03-06,2072.025634765625,2092.51513671875,1957.0150146484375,1978.751220703125,19733648079.0,6740.02001953125,98.98999786376953,5146.10009765625,0.4132999897003174,165.19366455078125
2026-03-07,1978.6905517578125,1994.9705810546875,1950.0224609375,1969.4554443359375,10236899078.0,6740.02001953125,98.98999786376953,5146.10009765625,0.4132999897003174,165.19366455078125
2026-03-08,1969.4522705078125,1978.7071533203125,1915.301025390625,1936.604736328125,16314032554.0,6740.02001953125,98.98999786376953,5146.10009765625,0.4132999897003174,165.19366455078125
2026-03-09,1936.637451171875,2052.327392578125,1930.59912109375,1992.938232421875,24015826480.0,6795.990234375,99.18000030517578,5091.5,0.4136000156402588,165.19366455078125
2026-03-10,1992.986083984375,2087.9853515625,1992.01416015625,2037.1204833984375,23552353781.0,6781.47998046875,98.83000183105469,5229.7001953125,0.4136000156402588,165.19366455078125
2026-03-11,2037.1212158203125,2085.286376953125,2008.0386962890625,2051.5732421875,19031715359.0,6775.7998046875,99.2300033569336,5167.39990234375,0.42080001831054686,165.19366455078125
2026-03-12,2051.7666015625,2094.32568359375,2019.27783203125,2073.13623046875,20624954899.0,6672.6201171875,99.73999786376953,5115.7998046875,0.42729997634887695,165.19366455078125
2026-03-13,2073.289306640625,2206.813232421875,2071.582275390625,2092.5634765625,29345212033.0,6632.18994140625,100.36000061035156,5052.5,0.4284999847412109,165.19366455078125
2026-03-14,2092.558349609375,2105.5712890625,2062.659423828125,2097.086669921875,10073411269.0,6632.18994140625,100.36000061035156,5052.5,0.4284999847412109,165.19366455078125
2026-03-15,2096.880859375,2201.95556640625,2084.20947265625,2177.476318359375,15333885132.0,6632.18994140625,100.36000061035156,5052.5,0.4284999847412109,165.19366455078125
2026-03-16,2177.782958984375,2384.466552734375,2166.00244140625,2351.176025390625,38938369545.0,6699.3798828125,99.70999908447266,4994.0,0.42199997901916503,165.19366455078125
2026-03-17,2351.134765625,2375.455078125,2297.668701171875,2318.053466796875,26737564550.0,6716.08984375,99.58000183105469,5001.0,0.4202000141143799,165.19366455078125
2026-03-18,2318.556884765625,2348.904296875,2154.584228515625,2203.671630859375,25617966362.0,6624.7001953125,100.08999633789062,4889.89990234375,0.4258999824523926,165.19366455078125
2026-03-19,2203.478759765625,2232.203857421875,2099.88916015625,2137.423828125,24090913749.0,6606.490234375,99.2300033569336,4600.7001953125,0.4281000137329102,165.19366455078125
2026-03-20,2137.394287109375,2175.699462890625,2117.276123046875,2146.4970703125,17970488517.0,6506.47998046875,99.6500015258789,4570.39990234375,0.4390999794006348,165.19366455078125
2026-03-21,2146.7099609375,2166.7158203125,2072.38330078125,2076.68994140625,8654913047.0,6506.47998046875,99.6500015258789,4570.39990234375,0.4390999794006348,165.19366455078125
2026-03-22,2077.201171875,2125.9765625,2027.0478515625,2053.04833984375,16438149794.0,6506.47998046875,99.6500015258789,4570.39990234375,0.4390999794006348,165.19366455078125
2026-03-23,2052.953125,2195.99169921875,2023.2718505859375,2152.14599609375,28509077302.0,6581.0,98.94999694824219,4404.10009765625,0.43340001106262205,165.19366455078125
2026-03-24,2152.114501953125,2174.325927734375,2103.3828125,2155.704345703125,18389631713.0,6556.3701171875,99.43000030517578,4399.2998046875,0.43920001983642576,165.19366455078125
2026-03-25,2155.719482421875,2198.369873046875,2146.6162109375,2168.021484375,17086301657.0,6591.89990234375,99.5999984741211,4549.7998046875,0.4328000068664551,165.19366455078125
2026-03-26,2168.02880859375,2171.156982421875,2033.7310791015625,2059.578369140625,18628112246.0,6477.16015625,99.9000015258789,4375.5,0.44159998893737795,165.19366455078125
2026-03-27,2059.44873046875,2075.17041015625,1971.5067138671875,1991.27197265625,19453998121.0,6368.85009765625,100.1500015258789,4492.0,0.4440000057220459,165.19366455078125
2026-03-28,1991.283447265625,2038.7030029296875,1982.1300048828125,1992.694580078125,8641221084.0,6368.85009765625,100.1500015258789,4492.0,0.4440000057220459,165.19366455078125
2026-03-29,1992.69384765625,2016.545166015625,1939.5286865234375,1982.5596923828125,9451184647.0,6368.85009765625,100.1500015258789,4492.0,0.4440000057220459,165.19366455078125
2026-03-30,1982.5506591796875,2082.064697265625,1979.076904296875,2023.514892578125,17840662425.0,6343.72021484375,100.51000213623047,4526.0,0.43420000076293946,165.19366455078125
2026-03-31,2023.5206298828125,2118.796875,2011.7952880859375,2104.708251953125,21278561395.0,6528.52001953125,99.95999908447266,4647.60009765625,0.4310999870300293,165.19366455078125
2026-04-01,2104.717529296875,2165.666259765625,2082.291748046875,2138.737060546875,19542997434.0,6575.31982421875,99.6500015258789,4783.2001953125,0.4318999767303467,165.19366455078125
2026-04-02,2138.7236328125,2158.15771484375,2016.989990234375,2056.8525390625,18847170816.0,6582.68994140625,100.02999877929688,4651.5,0.4313000202178955,165.19366455078125
2026-04-03,2056.704833984375,2075.764404296875,2042.176025390625,2053.38525390625,9609678843.0,6582.68994140625,100.02999877929688,4651.5,0.4313000202178955,165.19366455078125
2026-04-04,2053.58447265625,2082.00244140625,2044.87158203125,2065.3515625,6926913517.0,6582.68994140625,100.02999877929688,4651.5,0.4313000202178955,165.19366455078125
2026-04-05,2065.37060546875,2120.49951171875,2022.6453857421875,2108.99560546875,9928800793.0,6582.68994140625,100.02999877929688,4651.5,0.4313000202178955,165.19366455078125
2026-04-06,2108.935791015625,2172.985107421875,2089.10009765625,2107.761474609375,19097527675.0,6611.830078125,99.9800033569336,4656.7998046875,0.4335000038146973,165.19366455078125
2026-04-07,2107.784912109375,2270.594970703125,2061.467529296875,2241.806640625,22588914083.0,6616.85009765625,99.63999938964844,4657.10009765625,0.43429999351501464,165.19366455078125
2026-04-08,2242.276611328125,2269.8798828125,2181.231201171875,2190.33544921875,21469476310.0,6782.81005859375,99.12999725341797,4749.5,0.42909998893737794,165.19366455078125
2026-04-09,2190.33251953125,2243.972900390625,2158.017578125,2189.14404296875,17218638798.0,6824.66015625,98.81999969482422,4792.2001953125,0.42930002212524415,165.19366455078125
2026-04-10,2189.380859375,2257.18408203125,2176.851318359375,2245.148681640625,17131968712.0,6816.89013671875,98.6500015258789,4761.89990234375,0.4316999912261963,165.19366455078125
2026-04-11,2245.1044921875,2327.457763671875,2230.751953125,2285.39013671875,12620960384.0,6816.89013671875,98.6500015258789,4761.89990234375,0.4316999912261963,165.19366455078125
2026-04-12,2285.43017578125,2288.448486328125,2177.485595703125,2192.201171875,15307071617.0,6816.89013671875,98.6500015258789,4761.89990234375,0.4316999912261963,165.19366455078125
2026-04-13,2192.33154296875,2393.759033203125,2176.32470703125,2370.71484375,23709131572.0,6886.240234375,98.37000274658203,4742.39990234375,0.4296999931335449,165.19366455078125
2026-04-14,2370.314453125,2415.52734375,2304.412353515625,2323.30859375,25185167270.0,6967.3798828125,98.12000274658203,4825.0,0.425600004196167,165.19366455078125
2026-04-15,2323.34326171875,2384.999267578125,2310.70703125,2359.43701171875,17004367348.0,7022.9501953125,98.05999755859375,4800.0,0.42820000648498535,165.19366455078125
2026-04-16,2359.70458984375,2369.17236328125,2285.7099609375,2348.64501953125,20602833116.0,7041.27978515625,98.22000122070312,4785.39990234375,0.43090000152587893,165.19366455078125
2026-04-17,2348.85498046875,2464.783447265625,2318.141845703125,2421.07177734375,26467618336.0,7126.06005859375,98.0999984741211,4857.60009765625,0.4245999813079834,165.19366455078125
2026-04-18,2421.102294921875,2427.278076171875,2341.125732421875,2351.1005859375,14400085617.0,7126.06005859375,98.0999984741211,4857.60009765625,0.4245999813079834,165.19366455078125
2026-04-19,2350.86181640625,2355.783203125,2254.697509765625,2264.9169921875,17083701612.0,7126.06005859375,98.0999984741211,4857.60009765625,0.4245999813079834,165.19366455078125
2026-04-20,2264.87353515625,2346.2734375,2262.052978515625,2315.21240234375,19084768822.0,7109.14013671875,98.05000305175781,4806.60009765625,0.425,165.19366455078125
2026-04-21,2315.178466796875,2338.012451171875,2287.3798828125,2327.970458984375,16107716719.0,7064.009765625,98.41000366210938,4698.39990234375,0.4291999816894531,165.19366455078125
2026-04-22,2327.96484375,2422.8603515625,2314.590087890625,2376.088134765625,22465555335.0,7137.89990234375,98.58999633789062,4732.5,0.4294000148773193,165.19366455078125
2026-04-23,2376.087890625,2380.135986328125,2287.55322265625,2331.513916015625,19909161913.0,7108.39990234375,98.80000305175781,4705.10009765625,0.4322999954223633,165.19366455078125
2026-04-24,2331.56884765625,2337.2666015625,2301.52734375,2315.690185546875,13371168064.0,7165.080078125,98.51000213623047,4722.2998046875,0.4309999942779541,165.19366455078125
2026-04-25,2315.741455078125,2323.410400390625,2302.201171875,2318.8291015625,6545621782.0,7165.080078125,98.51000213623047,4722.2998046875,0.4309999942779541,165.19366455078125
2026-04-26,2318.906494140625,2379.32421875,2307.565185546875,2369.72900390625,10622966933.0,7165.080078125,98.51000213623047,4722.2998046875,0.4309999942779541,165.19366455078125
2026-04-27,2369.841796875,2403.7265625,2267.409423828125,2303.06396484375,17879618684.0,7173.91015625,98.4800033569336,4675.39990234375,0.43359999656677245,165.19366455078125
2026-04-28,2303.079833984375,2310.442138671875,2259.057373046875,2289.419677734375,12761522276.0,7138.7998046875,98.62000274658203,4591.5,0.43540000915527344,165.19366455078125
2026-04-29,2289.412109375,2345.939697265625,2221.223876953125,2253.415771484375,21884731493.0,7135.9501953125,98.91999816894531,4545.2001953125,0.44180002212524416,165.19366455078125
2026-04-30,2253.484375,2277.71826171875,2232.130859375,2256.251220703125,12309496389.0,7209.009765625,98.08000183105469,4614.7001953125,0.43899998664855955,165.19366455078125
2026-05-01,2256.344970703125,2324.7880859375,2256.078125,2295.09375,13243880777.0,7230.1201171875,98.20999908447266,4629.89990234375,0.4377999782562256,165.19366455078125
2026-05-02,2295.04443359375,2339.74365234375,2292.72265625,2316.23193359375,6905015549.0,7230.1201171875,98.20999908447266,4629.89990234375,0.4377999782562256,165.19366455078125
2026-05-03,2316.2109375,2354.710205078125,2297.55322265625,2321.6357421875,9861070993.0,7230.1201171875,98.20999908447266,4629.89990234375,0.4377999782562256,165.19366455078125
2026-05-04,2321.81640625,2397.6083984375,2309.260986328125,2346.39697265625,25497505008.0,7200.75,98.47000122070312,4519.5,0.4446000099182129,165.19366455078125
2026-05-05,2346.4150390625,2398.83349609375,2344.934326171875,2361.1826171875,17739612383.0,7259.22021484375,98.4800033569336,4555.7998046875,0.44159998893737795,165.19366455078125
2026-05-06,2361.290771484375,2423.040283203125,2338.483154296875,2350.802001953125,22745786496.0,7365.1201171875,98.0199966430664,4681.89990234375,0.43559999465942384,165.19366455078125
2026-05-07,2350.8525390625,2351.738037109375,2280.814697265625,2291.107666015625,23409823896.0,7337.10986328125,98.25,4699.7998046875,0.43920001983642576,165.19366455078125
2026-05-08,2291.07568359375,2320.692138671875,2265.833251953125,2306.97216796875,20013463010.0,7398.93017578125,97.83999633789062,4720.39990234375,0.4363999843597412,165.19366455078125
2026-05-09,2307.069580078125,2336.927001953125,2300.544921875,2326.727294921875,12217205123.0,7398.93017578125,97.83999633789062,4720.39990234375,0.4363999843597412,165.19366455078125
2026-05-10,2326.744384765625,2381.263916015625,2313.127197265625,2369.0439453125,19587186882.0,7398.93017578125,97.83999633789062,4720.39990234375,0.4363999843597412,165.19366455078125
2026-05-11,2369.193359375,2374.303466796875,2305.080810546875,2339.36083984375,15525623296.0,7412.83984375,97.94000244140625,4718.7001953125,0.44099998474121094,165.19366455078125
2026-05-12,2339.287109375,2339.6904296875,2256.41943359375,2274.6435546875,16145394773.0,7400.9599609375,98.29000091552734,4677.60009765625,0.44629998207092286,165.19366455078125
2026-05-13,2274.591796875,2322.233154296875,2233.55322265625,2257.576416015625,15193768365.0,7444.25,98.4800033569336,4697.7001953125,0.44809999465942385,165.19366455078125
2026-05-14,2257.57177734375,2317.948486328125,2238.471923828125,2280.934814453125,17563432027.0,7501.240234375,98.87999725341797,4678.10009765625,0.44609999656677246,165.19366455078125
2026-05-15,2280.933349609375,2298.686279296875,2204.765380859375,2223.328857421875,18146855938.0,7408.5,99.2699966430664,4555.7998046875,0.45949997901916506,165.19366455078125
2026-05-16,2223.33837890625,2229.845947265625,2162.048828125,2179.751953125,11451672017.0,7408.5,99.2699966430664,4555.7998046875,0.45949997901916506,165.19366455078125
2026-05-17,2179.8544921875,2196.7822265625,2097.02099609375,2127.645263671875,10143205921.0,7408.5,99.2699966430664,4555.7998046875,0.45949997901916506,165.19366455078125
2026-05-18,2127.681396484375,2155.964111328125,2078.6162109375,2128.51611328125,19890789125.0,7403.0498046875,98.97000122070312,4552.5,0.4623000144958496,165.19366455078125
2026-05-19,2128.531982421875,2143.56298828125,2093.475341796875,2109.9638671875,12030742868.0,7353.60986328125,99.30000305175781,4506.2998046875,0.46669998168945315,165.19366455078125
2026-05-20,2109.85400390625,2146.50634765625,2101.83349609375,2126.9833984375,12076799234.0,7432.97021484375,99.11000061035156,4531.2998046875,0.4572000026702881,165.19366455078125
2026-05-21,2127.17236328125,2154.22216796875,2103.46044921875,2131.41064453125,14344389472.0,7445.72021484375,99.19000244140625,4539.7998046875,0.45859999656677247,165.19366455078125
2026-05-22,2131.3701171875,2138.97998046875,2056.92919921875,2064.636962890625,13229489284.0,7473.47021484375,99.31999969482422,4521.0,0.4558000087738037,165.19366455078125
2026-05-23,2064.634765625,2145.579345703125,2010.5504150390625,2115.951416015625,16650709488.0,7473.47021484375,99.31999969482422,4521.0,0.4558000087738037,165.19366455078125
2026-05-24,2115.544921875,2127.309814453125,2061.329833984375,2097.993896484375,10602558120.0,7473.47021484375,99.31999969482422,4521.0,0.4558000087738037,165.19366455078125
2026-05-25,2097.993896484375,2138.411376953125,2090.516357421875,2111.370361328125,10167436482.0,7473.47021484375,99.31999969482422,4521.0,0.4558000087738037,165.19366455078125
2026-05-26,2111.366455078125,2138.006103515625,2054.361083984375,2070.858154296875,15924080901.0,7519.1201171875,99.16999816894531,4500.39990234375,0.4493000030517578,165.19366455078125
2026-05-27,2070.86669921875,2092.980712890625,2014.632568359375,2022.1982421875,14534289020.0,7520.35986328125,99.20999908447266,4447.5,0.44809999465942385,165.19366455078125
2026-05-28,2022.0908203125,2025.7589111328125,1966.2794189453125,2007.552734375,18109844096.0,7563.6298828125,99.0199966430664,4499.2998046875,0.44549999237060545,165.19366455078125
2026-05-29,2007.5496826171875,2042.5430908203125,1975.1915283203125,2011.978515625,14941194039.0,7580.06005859375,98.91000366210938,4560.5,0.4453000068664551,165.19366455078125
2026-05-30,2011.909423828125,2028.4417724609375,2000.165771484375,2019.458251953125,7478416074.0,7580.06005859375,98.91000366210938,4560.5,0.4453000068664551,165.19366455078125
2026-05-31,2019.242431640625,2034.1192626953125,1991.90673828125,2004.341552734375,9253505209.0,7580.06005859375,98.91000366210938,4560.5,0.4453000068664551,165.19366455078125
2026-06-01,2004.2425537109375,2017.6077880859375,1956.1522216796875,2003.22119140625,19458810001.0,7599.9599609375,99.19999694824219,4475.2001953125,0.44749999046325684,165.19366455078125
2026-06-02,2003.26025390625,2003.970703125,1838.05859375,1857.71630859375,25205401403.0,7609.77978515625,99.22000122070312,4489.10009765625,0.44549999237060545,165.19366455078125
2026-06-03,1857.6417236328125,1889.058837890625,1771.3145751953125,1811.7322998046875,24083350214.0,7553.68017578125,99.52999877929688,4436.7001953125,0.4491000175476074,165.19366455078125
2026-06-04,1811.7425537109375,1817.3465576171875,1717.802490234375,1769.58056640625,27112623897.0,7584.31005859375,99.41000366210938,4475.7998046875,0.44770002365112305,165.19366455078125
2026-06-05,1769.986083984375,1772.1077880859375,1540.1619873046875,1580.86083984375,39924177669.0,7383.740234375,100.06999969482422,4337.10009765625,0.4535999774932861,165.19366455078125
2026-06-06,1580.88037109375,1599.9534912109375,1506.5057373046875,1568.7677001953125,18426248218.0,7383.740234375,100.06999969482422,4337.10009765625,0.4535999774932861,165.19366455078125
2026-06-07,1568.74951171875,1714.970703125,1563.77587890625,1686.396240234375,15172606860.0,7383.740234375,100.06999969482422,4337.10009765625,0.4535999774932861,165.19366455078125
2026-06-08,1686.251220703125,1713.4710693359375,1644.79150390625,1690.1485595703125,17427269148.0,7405.72998046875,100.05000305175781,4335.89990234375,0.4552000045776367,165.19366455078125
2026-06-09,1690.21337890625,1695.52294921875,1613.834228515625,1637.7066650390625,15196855528.0,7386.64990234375,99.91000366210938,4260.0,0.45279998779296876,165.19366455078125
2026-06-10,1637.6348876953125,1665.7607421875,1603.8258056640625,1620.1376953125,12655731412.0,7266.990234375,99.94999694824219,4108.2001953125,0.45419998168945314,165.19366455078125
2026-06-11,1620.1400146484375,1690.4488525390625,1620.08447265625,1672.2806396484375,12379882531.0,7394.2998046875,99.86000061035156,4090.300048828125,0.44629998207092286,165.19366455078125
2026-06-12,1671.8189697265625,1689.4443359375,1650.628662109375,1665.1278076171875,9989137815.0,7431.4599609375,99.75,4215.0,0.4486999988555908,165.19366455078125
2026-06-13,1665.0487060546875,1693.603271484375,1661.609130859375,1680.214599609375,6101094488.0,7431.4599609375,99.75,4215.0,0.4486999988555908,165.19366455078125
2026-06-14,1680.146484375,1729.350830078125,1654.2105712890625,1724.61328125,7804982667.0,7431.4599609375,99.75,4215.0,0.4486999988555908,165.19366455078125
2026-06-15,1724.5716552734375,1847.769775390625,1709.253662109375,1794.961181640625,17921331594.0,7554.2900390625,99.62999725341797,4328.0,0.4468999862670898,165.19366455078125
2026-06-16,1794.93798828125,1837.2041015625,1758.130126953125,1790.398193359375,14698492893.0,7511.35009765625,99.54000091552734,4330.89990234375,0.4427999973297119,165.19366455078125
2026-06-17,1790.396240234375,1807.2828369140625,1724.7178955078125,1747.885498046875,14185457929.0,7420.10009765625,100.08999633789062,4358.89990234375,0.44629998207092286,165.19366455078125
2026-06-18,1747.8778076171875,1760.880859375,1670.1038818359375,1709.533447265625,12942260783.0,7500.580078125,100.8499984741211,4224.10009765625,0.4451000213623047,165.19366455078125
2026-06-19,1709.4986572265625,1717.1932373046875,1678.1962890625,1710.982421875,7855725190.0,7500.580078125,100.8499984741211,4224.10009765625,0.4451000213623047,165.19366455078125
2026-06-20,1710.982177734375,1747.259521484375,1702.8017578125,1739.3013916015625,7773536600.0,7500.580078125,100.8499984741211,4224.10009765625,0.4451000213623047,165.19366455078125
2026-06-21,1739.341064453125,1739.48583984375,1701.9364013671875,1704.58056640625,8498711726.0,7500.580078125,100.8499984741211,4224.10009765625,0.4451000213623047,165.19366455078125
2026-06-22,1704.6304931640625,1776.8321533203125,1704.5166015625,1726.5108642578125,13584368622.0,7472.7900390625,101.0199966430664,4181.89990234375,0.4508999824523926,165.19366455078125
2026-06-23,1726.519775390625,1733.6123046875,1638.253173828125,1665.436767578125,10431438278.0,7365.4599609375,101.41000366210938,4129.89990234375,0.4493000030517578,165.19366455078125
2026-06-24,1665.309814453125,1687.4923095703125,1551.4842529296875,1619.9249267578125,14059894232.0,7358.22021484375,101.61000061035156,3990.300048828125,0.4401999950408936,165.19366455078125
2026-06-25,1619.8853759765625,1656.646484375,1531.7803955078125,1564.816650390625,15976182558.0,7357.490234375,101.43000030517578,4030.5,0.43920001983642576,165.19366455078125
2026-06-26,1564.6136474609375,1590.2000732421875,1510.505859375,1576.6160888671875,15272225856.0,7354.02001953125,101.36000061035156,4078.699951171875,0.4372000217437744,165.19366455078125
2026-06-27,1576.5911865234375,1607.865966796875,1561.972900390625,1571.5882568359375,6111411513.0,7354.02001953125,101.36000061035156,4078.699951171875,0.4372000217437744,165.19366455078125
2026-06-28,1571.564453125,1585.2197265625,1548.761962890625,1570.3612060546875,6231562560.0,7354.02001953125,101.36000061035156,4078.699951171875,0.4372000217437744,165.19366455078125
2026-06-29,1569.993408203125,1633.64501953125,1550.036376953125,1610.205810546875,11882501822.0,7440.43017578125,101.11000061035156,4022.300048828125,0.4374000072479248,165.19366455078125
2026-06-30,1610.163818359375,1611.3472900390625,1549.251953125,1569.5838623046875,9639804637.0,7499.35986328125,101.19000244140625,4022.89990234375,0.44180002212524416,165.19366455078125
2026-07-01,1569.90966796875,1642.454833984375,1551.1392822265625,1608.960693359375,11666600557.0,7483.22998046875,101.38999938964844,4068.300048828125,0.44749999046325684,165.19366455078125
2026-07-02,1609.0125732421875,1720.34326171875,1595.9393310546875,1698.16943359375,13538465176.0,7483.240234375,100.86000061035156,4112.7001953125,0.4485000133514404,165.19366455078125
2026-07-03,1698.41796875,1772.543212890625,1693.038330078125,1756.5186767578125,10177742550.0,7483.240234375,100.86000061035156,4112.7001953125,0.4485000133514404,165.19366455078125
2026-07-04,1756.57568359375,1804.5887451171875,1743.564208984375,1779.032958984375,8083146790.0,7483.240234375,100.86000061035156,4112.7001953125,0.4485000133514404,165.19366455078125
2026-07-05,1779.042724609375,1805.9140625,1749.1376953125,1783.0059814453125,11323496681.0,7483.240234375,100.86000061035156,4112.7001953125,0.4485000133514404,165.19366455078125
2026-07-06,1783.002685546875,1829.513671875,1728.9652099609375,1797.57373046875,16997487730.0,7537.43017578125,100.8499984741211,4155.10009765625,0.44790000915527345,165.19366455078125
2026-07-07,1797.562255859375,1810.329833984375,1756.712646484375,1768.511474609375,9901110376.0,7503.85009765625,101.13999938964844,4145.2998046875,0.45289998054504393,165.19366455078125
2026-07-08,1768.3896484375,1782.8583984375,1711.9000244140625,1742.6776123046875,10110272581.0,7482.7099609375,101.05000305175781,4070.89990234375,0.45689997673034666,165.19366455078125
2026-07-09,1742.664794921875,1760.206298828125,1721.298583984375,1744.484619140625,7763668656.0,7543.64013671875,100.94000244140625,4130.60009765625,0.45390000343322756,165.19366455078125
2026-07-10,1744.47314453125,1809.75830078125,1736.72314453125,1795.6932373046875,9431692646.0,7575.39013671875,100.97000122070312,4104.10009765625,0.45689997673034666,165.19366455078125
2026-07-11,1795.8193359375,1827.83154296875,1786.295654296875,1788.099609375,6901680020.0,7575.39013671875,100.97000122070312,4104.10009765625,0.45689997673034666,165.19366455078125
2026-07-12,1787.568359375,1824.98046875,1779.6370849609375,1805.7880859375,6064480351.0,7575.39013671875,100.97000122070312,4104.10009765625,0.45689997673034666,165.19366455078125
2026-07-13,1805.7579345703125,1842.455078125,1749.3475341796875,1773.500732421875,11436340419.0,7515.33984375,101.27999877929688,3997.0,0.46090002059936525,165.19366455078125
2026-07-14,1773.471435546875,1894.062255859375,1772.0177001953125,1889.4798583984375,13835437084.0,7543.58984375,100.94000244140625,4061.10009765625,0.45850000381469724,165.19366455078125
2026-07-15,1889.5008544921875,1944.1607666015625,1863.635498046875,1916.9437255859375,12684088080.0,7572.39990234375,100.5,4044.0,0.4545000076293945,165.19366455078125
2026-07-16,1916.9781494140625,1927.0859375,1856.775634765625,1863.193359375,11412820341.0,7533.77001953125,100.7300033569336,3985.60009765625,0.45689997673034666,165.19366455078125
2026-07-17,1863.21630859375,1869.067138671875,1803.053955078125,1840.9881591796875,10651207679.0,7457.68994140625,100.75,4012.699951171875,0.4540999889373779,165.19366455078125
2026-07-18,1841.1021728515625,1864.1319580078125,1836.6085205078125,1861.39208984375,4754880124.0,7457.68994140625,100.75,4012.699951171875,0.4540999889373779,165.19366455078125
2026-07-19,1861.419921875,1877.0318603515625,1852.7275390625,1871.508544921875,7004738486.0,7457.68994140625,100.75,4012.699951171875,0.4540999889373779,165.19366455078125
2026-07-20,1871.2757568359375,1916.24169921875,1842.815673828125,1903.7589111328125,12042633315.0,7443.27978515625,100.98999786376953,4010.300048828125,0.45980000495910645,165.19366455078125
2026-07-21,1903.689697265625,1949.5477294921875,1900.066162109375,1928.3837890625,12526770542.0,7509.2001953125,101.18000030517578,4071.10009765625,0.4627999782562256,165.19366455078125
2026-07-22,1928.1976318359375,1955.1474609375,1909.610107421875,1933.4901123046875,10800957306.0,7498.9599609375,101.13999938964844,4146.89990234375,0.46570000648498533,165.19366455078125
2026-07-23,1933.470947265625,1940.2828369140625,1868.5203857421875,1877.1002197265625,9768559906.0,7408.2998046875,101.43000030517578,4046.60009765625,0.47030000686645507,165.19366455078125
2026-07-24,1877.09765625,1907.5435791015625,1846.822265625,1860.1767578125,9056489653.0,7411.97998046875,101.47000122070312,4067.60009765625,0.4678999900817871,165.19366455078125
2026-07-25,1860.1756591796875,1875.144775390625,1849.828857421875,1873.222412109375,4367514252.0,7411.97998046875,101.47000122070312,4067.60009765625,0.4678999900817871,165.19366455078125
2026-07-26,1873.235595703125,1963.2459716796875,1872.3848876953125,1953.4112548828125,6638236222.0,7411.97998046875,101.47000122070312,4067.60009765625,0.4678999900817871,165.19366455078125
2026-07-27,1953.4053955078125,1976.460205078125,1882.4197998046875,1890.613525390625,13679804759.0,7413.18017578125,101.51000213623047,4074.5,0.46409997940063474,165.19366455078125
2026-07-28,1890.634521484375,1926.5040283203125,1856.341552734375,1919.948486328125,11476069704.0,7428.77978515625,101.37999725341797,4036.300048828125,0.46040000915527346,165.19366455078125
2026-07-29,1919.9915771484375,1929.90087890625,1873.6192626953125,1908.51904296875,12003429702.0,7316.14990234375,100.80000305175781,4034.699951171875,0.4622000217437744,165.19366455078125
2026-07-30,1908.5860595703125,1934.5772705078125,1892.196533203125,1917.3729248046875,8075086285.0,7437.6298828125,100.01000213623047,4100.10009765625,0.46630001068115234,165.19366455078125
2026-07-31,1917.1417236328125,1933.77783203125,1847.46875,1860.345947265625,10253082786.0,7489.72021484375,99.80000305175781,4049.10009765625,0.4744999885559082,165.19366455078125
2026-08-01,1860.37109375,1873.1712646484375,1821.485107421875,1843.417724609375,4889749337.0,7489.72021484375,99.80000305175781,4049.10009765625,0.4744999885559082,165.19366455078125
2026-08-02,1843.41748046875,1895.7662353515625,1842.1544189453125,1882.52197265625,5798420478.0,7489.72021484375,99.80000305175781,4049.10009765625,0.4744999885559082,165.19366455078125
2026-08-03,1882.7835693359375,1883.439208984375,1827.697509765625,1858.2564697265625,7822619495.0,7600.5,99.95999908447266,4033.699951171875,0.4685999870300293,165.19366455078125
2026-08-04,1858.22021484375,1879.5380859375,1847.1749267578125,1868.3858642578125,7950029763.0,7736.52001953125,99.88999938964844,4095.39990234375,0.46269998550415037,165.19366455078125
2026-08-05,1868.4923095703125,1922.641357421875,1854.34033203125,1906.5260009765625,9791973976.0,7723.5498046875,99.69000244140625,4245.7998046875,0.4617000102996826,165.19366455078125
2026-08-06,1906.442626953125,1917.7008056640625,1890.963623046875,1902.0574951171875,7974662808.0,7709.9599609375,99.97000122070312,4242.0,0.46700000762939453,165.19366455078125
2026-08-07,1902.1405029296875,1937.1666259765625,1893.0816650390625,1913.2794189453125,9081145963.0,7757.64013671875,99.5999984741211,4340.7001953125,0.46599998474121096,165.19366455078125
2026-08-08,1913.324951171875,1924.6156005859375,1911.4849853515625,1915.532958984375,3746718589.0,7757.64013671875,99.5999984741211,4340.7001953125,0.46599998474121096,165.19366455078125
2026-08-09,1915.46484375,1935.5299072265625,1907.025634765625,1908.6827392578125,4645577105.0,7757.64013671875,99.5999984741211,4340.7001953125,0.46599998474121096,165.19366455078125
2026-08-10,1908.7197265625,1928.9932861328125,1866.78955078125,1871.2786865234375,8786188281.0,7753.10986328125,99.80999755859375,4361.7998046875,0.46989998817443845,165.19366455078125
2026-08-11,1871.263671875,1895.7493896484375,1852.84033203125,1881.37353515625,7957496158.0,7728.2001953125,99.81999969482422,4383.0,0.4684000015258789,165.19366455078125
2026-08-12,1881.37353515625,1921.775390625,1873.3472900390625,1878.135009765625,7655429787.0,7748.5,100.01000213623047,4408.89990234375,0.4682000160217285,165.19366455078125
2026-08-13,1878.1884765625,1898.2252197265625,1861.92041015625,1883.9913330078125,7043525922.0,7798.990234375,99.95999908447266,4363.60009765625,0.46409997940063474,165.19366455078125
2026-08-14,1884.0169677734375,1889.2706298828125,1862.5645751953125,1880.6500244140625,5615035669.0,7785.759765625,99.66999816894531,4380.39990234375,0.4696000099182129,165.19366455078125
2026-08-15,1880.613037109375,1884.718017578125,1874.3280029296875,1880.9083251953125,3145101774.0,7785.759765625,99.66999816894531,4380.39990234375,0.4696000099182129,165.19366455078125
2026-08-16,1880.8916015625,1889.6053466796875,1867.8917236328125,1873.9429931640625,3727196539.0,7785.759765625,99.66999816894531,4380.39990234375,0.4696000099182129,165.19366455078125
2026-08-17,1873.969970703125,1916.6568603515625,1870.7479248046875,1912.2021484375,7808026613.0,7745.06005859375,99.63999938964844,4417.7998046875,0.47239999771118163,165.19366455078125
2026-08-18,1912.2086181640625,1920.5233154296875,1884.477783203125,1916.4595947265625,6819426768.0,7691.759765625,99.6500015258789,4366.0,0.47059998512268064,165.19366455078125
2026-08-19,1916.4267578125,2327.701171875,1905.0823974609375,2251.4580078125,29624109549.0,7707.97998046875,98.83000183105469,4489.39990234375,0.46529998779296877,165.19366455078125
2026-08-20,2251.444091796875,2357.228271484375,2222.57470703125,2326.384765625,27856115157.0,7641.16015625,98.9000015258789,4516.2998046875,0.4696000099182129,165.19366455078125
2026-08-21,2326.38232421875,2545.881103515625,2324.70947265625,2515.28173828125,33328570085.0,7674.3701171875,98.80000305175781,4624.10009765625,0.473799991607666,165.19366455078125
2026-08-22,2515.392333984375,2528.896728515625,2389.902099609375,2424.251220703125,23985294650.0,7674.3701171875,98.80000305175781,4624.10009765625,0.473799991607666,165.19366455078125
2026-08-23,2424.217041015625,2483.930419921875,2357.139892578125,2463.81591796875,18269251440.0,7674.3701171875,98.80000305175781,4624.10009765625,0.473799991607666,165.19366455078125
2026-08-24,2463.640625,2531.744873046875,2425.387939453125,2481.831298828125,22852234269.0,7652.85986328125,99.0,4640.7998046875,0.4703999996185303,165.19366455078125
2026-08-25,2482.372802734375,2529.939453125,2476.4716796875,2485.300048828125,23156205568.0,7652.85986328125,98.96199798583984,4686.7998046875,0.4703999996185303,165.19366455078125
