,open,high,low,close,volume,sp500_close,dxy,gold,treasury_10y,gpr
2022-08-22,36.48,36.56,33.73,35.41,3740448.14,4137.990234375,109.05000305175781,1734.0,0.30369999408721926,144.47335815429688
2022-08-23,35.42,36.11,34.24,35.68,2736678.36,4128.72998046875,108.62000274658203,1746.800048828125,0.3053999900817871,144.47335815429688
2022-08-24,35.69,36.4,34.31,34.89,2588768.41,4140.77001953125,108.68000030517578,1747.800048828125,0.31059999465942384,144.47335815429688
2022-08-25,34.9,36.49,34.87,35.27,2472099.5,4199.1201171875,108.47000122070312,1757.699951171875,0.30260000228881834,144.47335815429688
2022-08-26,35.26,35.79,31.36,31.72,5268727.97,4057.659912109375,108.80000305175781,1736.0999755859375,0.30350000858306886,144.47335815429688
2022-08-27,31.72,32.25,30.86,31.53,3025394.15,4057.659912109375,108.80000305175781,1736.0999755859375,0.30350000858306886,144.47335815429688
2022-08-28,31.53,32.21,30.19,30.44,2245087.33,4057.659912109375,108.80000305175781,1736.0999755859375,0.30350000858306886,144.47335815429688
2022-08-29,30.43,32.64,30.0,32.42,3758900.71,4030.610107421875,108.83999633789062,1736.5999755859375,0.3109999895095825,144.47335815429688
2022-08-30,32.42,33.16,30.64,31.47,3466845.37,3986.159912109375,108.7699966430664,1723.199951171875,0.3109999895095825,144.47335815429688
2022-08-31,31.47,32.95,31.18,31.5,2705795.29,3955.0,108.69999694824219,1712.800048828125,0.31329998970031736,144.47335815429688
2022-09-01,31.49,31.79,30.44,31.61,2304167.56,3966.85009765625,109.69000244140625,1696.5999755859375,0.3265000104904175,144.47335815429688
2022-09-02,31.61,32.38,30.76,31.23,2327194.21,3924.260009765625,109.52999877929688,1709.800048828125,0.3193000078201294,144.47335815429688
2022-09-03,31.23,31.29,30.8,31.12,773414.2,3924.260009765625,109.52999877929688,1709.800048828125,0.3193000078201294,144.47335815429688
2022-09-04,31.11,32.2,31.02,32.16,1302960.75,3924.260009765625,109.52999877929688,1709.800048828125,0.3193000078201294,144.47335815429688
2022-09-05,32.17,32.5,31.15,32.18,1545295.72,3924.260009765625,109.52999877929688,1709.800048828125,0.3193000078201294,144.47335815429688
2022-09-06,32.17,33.9,30.44,30.88,4663061.68,3908.18994140625,110.20999908447266,1700.4000244140625,0.33399999141693115,144.47335815429688
2022-09-07,30.88,32.94,30.31,32.69,2516005.51,3979.8701171875,109.83999633789062,1715.300048828125,0.3265000104904175,144.47335815429688
2022-09-08,32.7,33.98,31.97,33.61,3062370.54,4006.179931640625,109.70999908447266,1708.0,0.329200005531311,144.47335815429688
2022-09-09,33.62,35.96,33.59,34.67,3748304.0,4067.360107421875,109.0,1716.199951171875,0.33210000991821287,144.47335815429688
2022-09-10,34.68,35.41,34.27,35.03,1977630.96,4067.360107421875,109.0,1716.199951171875,0.33210000991821287,144.47335815429688
2022-09-11,35.04,36.0,34.04,34.99,1999936.19,4067.360107421875,109.0,1716.199951171875,0.33210000991821287,144.47335815429688
2022-09-12,34.99,38.39,34.4,37.44,5186842.63,4110.41015625,108.33000183105469,1728.0999755859375,0.3361999988555908,144.47335815429688
2022-09-13,37.44,39.01,32.93,33.0,6401715.44,3932.68994140625,109.81999969482422,1705.0,0.34219999313354493,144.47335815429688
2022-09-14,33.0,34.35,32.67,34.12,3170484.22,3946.010009765625,109.66000366210938,1696.5,0.34119999408721924,144.47335815429688
2022-09-15,34.12,34.84,32.42,33.07,3696318.23,3901.35009765625,109.73999786376953,1665.4000244140625,0.3459000110626221,144.47335815429688
2022-09-16,33.08,33.26,31.5,32.25,2180222.56,3873.330078125,109.76000213623047,1671.699951171875,0.3447999954223633,144.47335815429688
2022-09-17,32.25,33.89,32.23,33.68,1414903.11,3873.330078125,109.76000213623047,1671.699951171875,0.3447999954223633,144.47335815429688
2022-09-18,33.69,33.99,30.86,31.1,2299068.39,3873.330078125,109.76000213623047,1671.699951171875,0.3447999954223633,144.47335815429688
2022-09-19,31.1,33.08,30.5,32.62,3503472.34,3899.889892578125,109.73999786376953,1666.199951171875,0.34900000095367434,144.47335815429688
2022-09-20,32.63,32.88,31.29,31.41,2558791.65,3855.929931640625,110.22000122070312,1659.699951171875,0.3571000099182129,144.47335815429688
2022-09-21,31.42,33.48,30.01,30.65,4545539.08,3789.929931640625,110.63999938964844,1664.5999755859375,0.3509999990463257,144.47335815429688
2022-09-22,30.65,32.87,30.59,32.43,2975325.9,3757.989990234375,111.3499984741211,1670.800048828125,0.37079999446868894,144.47335815429688
2022-09-23,32.43,33.98,31.2,33.66,3481076.73,3693.22998046875,113.19000244140625,1645.300048828125,0.3697000026702881,144.47335815429688
2022-09-24,33.67,34.79,33.14,33.38,3102314.35,3693.22998046875,113.19000244140625,1645.300048828125,0.3697000026702881,144.47335815429688
2022-09-25,33.39,34.05,31.87,32.34,1838509.33,3693.22998046875,113.19000244140625,1645.300048828125,0.3697000026702881,144.47335815429688
2022-09-26,32.33,33.95,31.87,33.88,3284142.93,3655.0400390625,114.0999984741211,1623.300048828125,0.3878000020980835,144.47335815429688
2022-09-27,33.89,35.41,32.08,32.69,4411114.63,3647.2900390625,114.11000061035156,1626.699951171875,0.396399998664856,144.47335815429688
2022-09-28,32.68,33.81,31.65,33.22,3091106.5,3719.0400390625,112.5999984741211,1660.4000244140625,0.3704999923706055,144.47335815429688
2022-09-29,33.23,34.42,32.65,33.93,2735381.21,3640.469970703125,112.25,1658.5,0.3746999979019165,144.47335815429688
2022-09-30,33.94,35.22,32.62,33.25,4264290.42,3585.6201171875,112.12000274658203,1662.4000244140625,0.3803999900817871,144.47335815429688
2022-10-01,33.25,33.25,32.34,32.44,1458835.24,3585.6201171875,112.12000274658203,1662.4000244140625,0.3803999900817871,144.47335815429688
2022-10-02,32.44,33.0,31.9,32.06,1472849.24,3585.6201171875,112.12000274658203,1662.4000244140625,0.3803999900817871,144.47335815429688
2022-10-03,32.06,33.27,31.73,32.89,1890470.2,3678.429931640625,111.75,1692.9000244140625,0.36510000228881834,144.47335815429688
2022-10-04,32.9,34.4,32.84,34.09,1949740.88,3790.929931640625,110.06999969482422,1721.0999755859375,0.36170001029968263,144.47335815429688
2022-10-05,34.1,34.37,33.18,34.04,1777550.81,3783.280029296875,111.06999969482422,1711.4000244140625,0.37590000629425047,144.47335815429688
2022-10-06,34.04,34.5,33.23,33.36,1799751.22,3744.52001953125,112.26000213623047,1711.699951171875,0.38259999752044677,144.47335815429688
2022-10-07,33.35,33.76,32.43,32.98,1963117.82,3639.659912109375,112.80000305175781,1700.5,0.38829998970031737,144.47335815429688
2022-10-08,32.98,33.08,32.35,32.58,785559.59,3639.659912109375,112.80000305175781,1700.5,0.38829998970031737,144.47335815429688
2022-10-09,32.57,33.14,32.44,32.92,883235.74,3639.659912109375,112.80000305175781,1700.5,0.38829998970031737,144.47335815429688
2022-10-10,32.92,33.46,31.88,31.96,1554680.4,3612.389892578125,113.13999938964844,1667.300048828125,0.38880000114440916,144.47335815429688
2022-10-11,31.95,31.96,30.42,30.8,1923666.97,3588.840087890625,113.22000122070312,1678.699951171875,0.3938999891281128,144.47335815429688
2022-10-12,30.8,31.55,30.67,31.16,1048211.96,3577.030029296875,113.31999969482422,1670.300048828125,0.39019999504089353,144.47335815429688
2022-10-13,31.15,31.21,27.87,30.49,4402648.71,3669.909912109375,112.36000061035156,1670.0,0.39519999027252195,144.47335815429688
2022-10-14,30.48,31.98,29.62,30.0,2384103.67,3583.070068359375,113.30999755859375,1641.699951171875,0.4010000228881836,144.47335815429688
2022-10-15,30.0,30.2,29.42,29.59,1009243.59,3583.070068359375,113.30999755859375,1641.699951171875,0.4010000228881836,144.47335815429688
2022-10-16,29.59,30.53,29.56,30.17,934949.4,3583.070068359375,113.30999755859375,1641.699951171875,0.4010000228881836,144.47335815429688
2022-10-17,30.16,31.29,29.84,31.21,1694429.96,3677.949951171875,112.04000091552734,1657.0,0.40149998664855957,144.47335815429688
2022-10-18,31.22,31.48,29.73,30.15,1966281.14,3719.97998046875,112.12999725341797,1649.0,0.3997999906539917,144.47335815429688
2022-10-19,30.14,30.26,28.61,28.86,1713727.76,3695.159912109375,112.9800033569336,1627.5,0.4126999855041504,144.47335815429688
2022-10-20,28.86,29.47,27.98,28.01,2379315.87,3665.780029296875,112.87999725341797,1630.800048828125,0.42259998321533204,144.47335815429688
2022-10-21,28.01,28.28,26.84,28.1,3208878.96,3752.75,112.01000213623047,1651.0,0.42129998207092284,144.47335815429688
2022-10-22,28.1,28.22,27.48,28.01,1333382.63,3752.75,112.01000213623047,1651.0,0.42129998207092284,144.47335815429688
2022-10-23,28.01,29.44,27.73,29.28,2150824.0,3752.75,112.01000213623047,1651.0,0.42129998207092284,144.47335815429688
2022-10-24,29.28,29.5,28.16,28.3,2525864.52,3797.340087890625,111.98999786376953,1648.699951171875,0.4234000205993652,144.47335815429688
2022-10-25,28.31,32.31,28.05,30.86,4389638.87,3859.110107421875,110.94999694824219,1652.800048828125,0.4107999801635742,144.47335815429688
2022-10-26,30.87,32.17,30.63,31.29,3909684.74,3830.60009765625,109.69999694824219,1664.0,0.40149998664855957,144.47335815429688
2022-10-27,31.29,32.36,30.41,30.58,3608322.35,3807.300048828125,110.58999633789062,1660.699951171875,0.3937000036239624,144.47335815429688
2022-10-28,30.6,32.54,30.11,32.07,3017472.57,3901.06005859375,110.66999816894531,1639.5999755859375,0.4010000228881836,144.47335815429688
2022-10-29,32.06,33.84,31.85,32.87,3316674.09,3901.06005859375,110.66999816894531,1639.5999755859375,0.4010000228881836,144.47335815429688
2022-10-30,32.87,33.54,31.93,32.94,1962511.76,3901.06005859375,110.66999816894531,1639.5999755859375,0.4010000228881836,144.47335815429688
2022-10-31,32.93,34.39,32.2,32.56,3082485.07,3871.97998046875,111.52999877929688,1635.9000244140625,0.4077000141143799,144.47335815429688
2022-11-01,32.57,33.39,32.15,32.2,2015730.52,3856.10009765625,111.4800033569336,1645.0,0.4052000045776367,144.47335815429688
2022-11-02,32.2,32.95,30.24,30.8,3423829.13,3759.68994140625,111.3499984741211,1645.699951171875,0.4059000015258789,144.47335815429688
2022-11-03,30.81,32.25,30.61,30.85,2302866.46,3719.889892578125,112.93000030517578,1627.300048828125,0.4124000072479248,144.47335815429688
2022-11-04,30.86,34.2,30.66,33.74,4106770.6,3770.550048828125,110.87999725341797,1672.5,0.41560001373291017,144.47335815429688
2022-11-05,33.73,38.79,33.66,36.9,7466083.52,3770.550048828125,110.87999725341797,1672.5,0.41560001373291017,144.47335815429688
2022-11-06,36.9,37.06,32.31,32.62,4722074.05,3770.550048828125,110.87999725341797,1672.5,0.41560001373291017,144.47335815429688
2022-11-07,32.61,33.13,28.0,29.62,9810937.64,3806.800048828125,110.12000274658203,1676.5,0.4214000225067139,144.47335815429688
2022-11-08,29.62,31.72,19.8,24.38,28156844.019,3828.110107421875,109.62000274658203,1712.0999755859375,0.4125999927520752,144.47335815429688
2022-11-09,24.38,24.38,12.37,14.08,34965021.076,3748.570068359375,110.55000305175781,1710.0999755859375,0.4151000022888184,144.47335815429688
2022-11-10,14.08,18.87,13.14,17.66,31278279.25,3956.3701171875,108.20999908447266,1750.300048828125,0.3828999996185303,144.47335815429688
2022-11-11,17.65,18.31,15.1,16.45,16952323.15,3992.929931640625,106.29000091552734,1766.0,0.3812999963760376,144.47335815429688
2022-11-12,16.46,16.53,14.47,14.58,6958266.14,3992.929931640625,106.29000091552734,1766.0,0.3812999963760376,144.47335815429688
2022-11-13,14.58,14.74,13.02,13.18,7632404.82,3992.929931640625,106.29000091552734,1766.0,0.3812999963760376,144.47335815429688
2022-11-14,13.18,15.01,12.07,14.0,12412181.95,3957.25,106.66000366210938,1773.5999755859375,0.3865000009536743,144.47335815429688
2022-11-15,14.0,15.1,13.82,14.32,7666656.34,3991.72998046875,106.4000015258789,1773.800048828125,0.37990000247955324,144.47335815429688
2022-11-16,14.32,14.64,13.64,14.27,4117412.48,3958.7900390625,106.27999877929688,1773.0,0.3691999912261963,144.47335815429688
2022-11-17,14.27,14.5,12.93,13.65,6589277.99,3946.56005859375,106.69000244140625,1760.800048828125,0.3775000095367432,144.47335815429688
2022-11-18,13.65,13.89,13.0,13.27,2949495.18,3965.340087890625,106.93000030517578,1751.9000244140625,0.3818000078201294,144.47335815429688
2022-11-19,13.28,13.28,12.58,12.84,2920148.22,3965.340087890625,106.93000030517578,1751.9000244140625,0.3818000078201294,144.47335815429688
2022-11-20,12.84,13.58,12.1,12.27,4790066.03,3965.340087890625,106.93000030517578,1751.9000244140625,0.3818000078201294,144.47335815429688
2022-11-21,12.26,12.29,11.27,11.83,4921177.259,3949.93994140625,107.83999633789062,1737.4000244140625,0.3825000047683716,144.47335815429688
2022-11-22,11.83,12.5,10.94,12.44,5495351.55,4003.580078125,107.22000122070312,1738.300048828125,0.37579998970031736,144.47335815429688
2022-11-23,12.43,14.5,12.4,14.36,7872882.42,4027.260009765625,106.08000183105469,1744.9000244140625,0.3706000089645386,144.47335815429688
2022-11-24,14.36,14.96,13.84,14.59,4725295.69,4027.260009765625,106.08000183105469,1744.9000244140625,0.3706000089645386,144.47335815429688
2022-11-25,14.6,14.61,13.91,14.03,2819515.28,4026.1201171875,105.95999908447266,1753.300048828125,0.3690999984741211,144.47335815429688
2022-11-26,14.03,14.98,13.97,14.17,2911827.78,4026.1201171875,105.95999908447266,1753.300048828125,0.3690999984741211,144.47335815429688
2022-11-27,14.17,14.45,14.05,14.12,2063327.08,4026.1201171875,105.95999908447266,1753.300048828125,0.3690999984741211,144.47335815429688
2022-11-28,14.11,14.17,12.78,13.32,4718682.44,3963.93994140625,106.68000030517578,1740.0999755859375,0.3703000068664551,144.47335815429688
2022-11-29,13.33,13.96,13.14,13.34,2605636.41,3957.6298828125,106.81999969482422,1748.4000244140625,0.3747999906539917,144.47335815429688
2022-11-30,13.35,14.32,13.21,14.16,3599962.88,4080.110107421875,105.94999694824219,1746.0,0.3703000068664551,144.47335815429688
2022-12-01,14.17,14.19,13.4,13.51,2567835.92,4076.570068359375,104.7300033569336,1801.0999755859375,0.35290000438690183,144.47335815429688
2022-12-02,13.51,13.84,13.33,13.71,2865008.71,4071.699951171875,104.55000305175781,1795.9000244140625,0.350600004196167,144.47335815429688
2022-12-03,13.71,13.77,13.2,13.29,1958859.38,4071.699951171875,104.55000305175781,1795.9000244140625,0.350600004196167,144.47335815429688
2022-12-04,13.29,13.75,13.27,13.71,1778118.75,4071.699951171875,104.55000305175781,1795.9000244140625,0.350600004196167,144.47335815429688
2022-12-05,13.71,14.17,13.58,13.82,3962489.89,3998.840087890625,105.29000091552734,1767.4000244140625,0.35989999771118164,144.47335815429688
2022-12-06,13.82,14.38,13.81,14.3,3280084.71,3941.260009765625,105.58000183105469,1769.300048828125,0.3513000011444092,144.47335815429688
2022-12-07,14.3,14.34,13.39,13.49,2647330.66,3933.919921875,105.0999984741211,1785.5,0.34079999923706056,144.47335815429688
2022-12-08,13.49,13.77,13.27,13.69,2218371.02,3963.510009765625,104.7699966430664,1788.699951171875,0.3490999937057495,144.47335815429688
2022-12-09,13.69,14.02,13.51,13.59,2597941.96,3934.3798828125,104.80999755859375,1798.0999755859375,0.3566999912261963,144.47335815429688
2022-12-10,13.58,13.73,13.54,13.58,950118.11,3934.3798828125,104.80999755859375,1798.0999755859375,0.3566999912261963,144.47335815429688
2022-12-11,13.58,13.8,13.39,13.42,1210234.56,3934.3798828125,104.80999755859375,1798.0999755859375,0.3566999912261963,144.47335815429688
2022-12-12,13.42,13.5,12.82,13.31,2644017.08,3990.56005859375,105.12999725341797,1780.5,0.3611000061035156,144.47335815429688
2022-12-13,13.31,14.15,12.76,13.89,3963954.49,4019.64990234375,103.9800033569336,1813.9000244140625,0.3500999927520752,144.47335815429688
2022-12-14,13.9,14.96,13.81,14.12,5084591.13,3995.320068359375,103.7699966430664,1807.5,0.3503000020980835,144.47335815429688
2022-12-15,14.12,14.52,13.86,14.04,2711381.25,3895.75,104.55999755859375,1777.199951171875,0.34500000476837156,144.47335815429688
2022-12-16,14.05,14.17,12.0,12.25,4522833.23,3852.360107421875,104.69999694824219,1790.0,0.3482000112533569,144.47335815429688
2022-12-17,12.25,12.6,11.92,12.51,2465880.45,3852.360107421875,104.69999694824219,1790.0,0.3482000112533569,144.47335815429688
2022-12-18,12.5,12.6,12.25,12.38,1358593.49,3852.360107421875,104.69999694824219,1790.0,0.3482000112533569,144.47335815429688
2022-12-19,12.38,12.59,11.66,11.94,2385052.59,3817.659912109375,104.72000122070312,1787.699951171875,0.3581000089645386,144.47335815429688
2022-12-20,11.94,12.49,11.84,12.26,1699256.37,3821.6201171875,103.97000122070312,1815.9000244140625,0.36840000152587893,144.47335815429688
2022-12-21,12.26,12.29,11.9,12.14,1549774.66,3878.43994140625,104.16000366210938,1815.9000244140625,0.36840000152587893,144.47335815429688
2022-12-22,12.14,12.19,11.67,11.82,1805407.09,3822.389892578125,104.43000030517578,1787.0,0.36689999103546145,144.47335815429688
2022-12-23,11.81,12.11,11.72,11.78,1647382.32,3844.820068359375,104.30999755859375,1795.9000244140625,0.3750999927520752,144.47335815429688
2022-12-24,11.79,11.79,11.07,11.45,2286878.14,3844.820068359375,104.30999755859375,1795.9000244140625,0.3750999927520752,144.47335815429688
2022-12-25,11.45,11.56,11.24,11.38,916417.64,3844.820068359375,104.30999755859375,1795.9000244140625,0.3750999927520752,144.47335815429688
2022-12-26,11.39,11.49,11.06,11.32,1613225.82,3844.820068359375,104.30999755859375,1795.9000244140625,0.3750999927520752,144.47335815429688
2022-12-27,11.33,11.44,10.71,11.09,3052197.59,3829.25,104.18000030517578,1814.800048828125,0.38599998950958253,144.47335815429688
2022-12-28,11.1,11.12,9.39,9.76,7362205.181,3783.219970703125,104.45999908447266,1807.9000244140625,0.388700008392334,144.47335815429688
2022-12-29,9.76,10.89,8.0,9.64,12093989.53,3849.280029296875,103.83999633789062,1819.5,0.3835000038146973,144.47335815429688
2022-12-30,9.64,10.26,9.0,9.9,12587079.51,3839.5,103.5199966430664,1819.699951171875,0.3878999948501587,144.47335815429688
2022-12-31,9.91,10.2,9.66,9.97,3621434.65,3839.5,103.5199966430664,1819.699951171875,0.3878999948501587,144.47335815429688
2023-01-01,9.97,10.09,9.69,9.99,2287512.63,3839.5,103.5199966430664,1819.699951171875,0.3878999948501587,144.47335815429688
2023-01-02,9.99,12.0,9.81,11.28,7628264.93,3839.5,103.5199966430664,1819.699951171875,0.3878999948501587,144.47335815429688
2023-01-03,11.28,13.91,11.0,13.37,14986491.36,3824.139892578125,104.5199966430664,1839.699951171875,0.37929999828338623,144.47335815429688
2023-01-04,13.37,14.24,12.83,13.43,12612735.49,3852.969970703125,104.25,1852.800048828125,0.37090001106262205,144.47335815429688
2023-01-05,13.43,13.89,12.95,13.43,5834353.76,3808.10009765625,105.04000091552734,1834.800048828125,0.37200000286102297,144.47335815429688
2023-01-06,13.43,13.6,12.69,13.5,5404648.48,3895.080078125,103.87999725341797,1864.199951171875,0.3569000005722046,144.47335815429688
2023-01-07,13.51,13.51,13.01,13.1,1904950.91,3895.080078125,103.87999725341797,1864.199951171875,0.3569000005722046,144.47335815429688
2023-01-08,13.1,14.89,12.85,14.45,6295596.12,3895.080078125,103.87999725341797,1864.199951171875,0.3569000005722046,144.47335815429688
2023-01-09,14.46,17.5,14.28,16.25,19481959.57,3892.090087890625,103.0,1872.699951171875,0.35169999599456786,144.47335815429688
2023-01-10,16.25,16.73,15.57,16.2,8489417.77,3919.25,103.23999786376953,1871.5999755859375,0.3621000051498413,144.47335815429688
2023-01-11,16.2,16.67,15.28,16.36,6661616.67,3969.610107421875,103.19000244140625,1874.5999755859375,0.35539999008178713,144.47335815429688
2023-01-12,16.37,17.0,15.54,16.59,9608670.96,3983.169921875,102.25,1895.5,0.34489998817443845,144.47335815429688
2023-01-13,16.59,18.65,16.29,18.29,10929884.4,3999.090087890625,102.19999694824219,1918.4000244140625,0.3510999917984009,144.47335815429688
2023-01-14,18.29,24.75,18.2,24.24,25997232.06,3999.090087890625,102.19999694824219,1918.4000244140625,0.3510999917984009,144.47335815429688
2023-01-15,24.23,25.0,21.98,22.89,11258028.55,3999.090087890625,102.19999694824219,1918.4000244140625,0.3510999917984009,144.47335815429688
2023-01-16,22.9,25.0,22.3,23.58,10043368.28,3999.090087890625,102.19999694824219,1918.4000244140625,0.3510999917984009,144.47335815429688
2023-01-17,23.58,23.95,22.7,22.86,6056942.68,3990.969970703125,102.38999938964844,1907.199951171875,0.35350000858306885,144.47335815429688
2023-01-18,22.86,23.65,20.34,20.79,11341710.32,3928.860107421875,102.36000061035156,1904.4000244140625,0.3375,144.47335815429688
2023-01-19,20.78,21.88,20.41,21.4,6113345.07,3898.85009765625,102.05999755859375,1922.0999755859375,0.3397000074386597,144.47335815429688
2023-01-20,21.4,25.82,20.93,25.51,9652433.39,3972.610107421875,102.01000213623047,1926.4000244140625,0.3483999967575073,144.47335815429688
2023-01-21,25.51,26.6,24.24,24.57,12782858.69,3972.610107421875,102.01000213623047,1926.4000244140625,0.3483999967575073,144.47335815429688
2023-01-22,24.56,25.45,23.5,24.21,6496779.26,3972.610107421875,102.01000213623047,1926.4000244140625,0.3483999967575073,144.47335815429688
2023-01-23,24.21,24.93,23.7,24.33,6100483.98,4019.81005859375,102.13999938964844,1927.0999755859375,0.35250000953674315,144.47335815429688
2023-01-24,24.32,25.24,22.25,22.78,6121565.88,4016.949951171875,101.91999816894531,1933.9000244140625,0.3469000101089478,144.47335815429688
2023-01-25,22.77,25.43,22.24,24.52,8332368.29,4016.219970703125,101.63999938964844,1941.199951171875,0.34619998931884766,144.47335815429688
2023-01-26,24.53,25.23,23.73,24.33,5450404.1,4060.429931640625,101.83999633789062,1929.0999755859375,0.3493000030517578,144.47335815429688
2023-01-27,24.33,24.96,23.27,24.43,4729055.76,4070.56005859375,101.93000030517578,1928.5999755859375,0.3517999887466431,144.47335815429688
2023-01-28,24.43,25.24,23.7,24.0,3377884.1,4070.56005859375,101.93000030517578,1928.5999755859375,0.3517999887466431,144.47335815429688
2023-01-29,24.0,26.8,23.73,26.07,7785906.2,4070.56005859375,101.93000030517578,1928.5999755859375,0.3517999887466431,144.47335815429688
2023-01-30,26.07,26.31,23.11,23.96,7532450.12,4017.77001953125,102.27999877929688,1922.9000244140625,0.3551000118255615,144.47335815429688
2023-01-31,23.97,24.47,23.49,23.92,4062387.09,4076.60009765625,102.0999984741211,1929.5,0.35290000438690183,144.47335815429688
2023-02-01,23.93,25.22,22.48,25.0,7304888.31,4119.2099609375,101.22000122070312,1927.800048828125,0.3397000074386597,144.47335815429688
2023-02-02,25.0,26.15,24.05,24.32,7246590.58,4179.759765625,101.75,1916.300048828125,0.3395999908447266,144.47335815429688
2023-02-03,24.32,25.07,24.01,24.69,4759274.31,4136.47998046875,102.91999816894531,1862.9000244140625,0.35320000648498534,144.47335815429688
2023-02-04,24.69,24.95,24.17,24.34,2034159.41,4136.47998046875,102.91999816894531,1862.9000244140625,0.35320000648498534,144.47335815429688
2023-02-05,24.34,24.46,23.02,23.47,4822304.59,4136.47998046875,102.91999816894531,1862.9000244140625,0.35320000648498534,144.47335815429688
2023-02-06,23.46,23.72,22.45,22.66,3592829.38,4111.080078125,103.62000274658203,1866.199951171875,0.3634000062942505,144.47335815429688
2023-02-07,22.65,23.96,22.54,23.82,4900023.85,4164.0,103.43000030517578,1871.699951171875,0.36740000247955323,144.47335815429688
2023-02-08,23.82,24.24,22.8,23.22,3970029.14,4117.85986328125,103.41000366210938,1877.4000244140625,0.36530001163482667,144.47335815429688
2023-02-09,23.21,23.35,20.0,20.48,6398790.64,4081.5,103.22000122070312,1866.199951171875,0.3683000087738037,144.47335815429688
2023-02-10,20.48,21.2,19.68,20.11,5523024.53,4090.4599609375,103.62999725341797,1862.800048828125,0.374399995803833,144.47335815429688
2023-02-11,20.1,20.92,20.1,20.81,1859852.98,4090.4599609375,103.62999725341797,1862.800048828125,0.374399995803833,144.47335815429688
2023-02-12,20.81,22.59,20.62,21.49,4625241.81,4090.4599609375,103.62999725341797,1862.800048828125,0.374399995803833,144.47335815429688
2023-02-13,21.49,21.61,19.73,20.77,6685330.04,4137.2900390625,103.3499984741211,1851.9000244140625,0.37170000076293946,144.47335815429688
2023-02-14,20.77,22.37,20.66,21.84,7639521.83,4136.1298828125,103.2300033569336,1854.0,0.37609999179840087,144.47335815429688
2023-02-15,21.84,23.99,21.45,23.86,5587903.97,4147.60009765625,103.91999816894531,1834.199951171875,0.3809000015258789,144.47335815429688
2023-02-16,23.86,24.2,22.2,22.24,6832612.63,4090.409912109375,103.86000061035156,1842.0,0.38429999351501465,144.47335815429688
2023-02-17,22.24,23.54,21.99,23.14,4539817.75,4079.090087890625,103.86000061035156,1840.4000244140625,0.3828000068664551,144.47335815429688
2023-02-18,23.14,23.94,22.92,23.45,2647511.0,4079.090087890625,103.86000061035156,1840.4000244140625,0.3828000068664551,144.47335815429688
2023-02-19,23.46,25.64,23.2,24.84,8316165.25,4079.090087890625,103.86000061035156,1840.4000244140625,0.3828000068664551,144.47335815429688
2023-02-20,24.83,27.12,24.11,26.26,10266239.07,4079.090087890625,103.86000061035156,1840.4000244140625,0.3828000068664551,144.47335815429688
2023-02-21,26.26,26.61,24.5,24.98,6724448.02,3997.340087890625,104.18000030517578,1833.0,0.39549999237060546,144.47335815429688
2023-02-22,24.98,25.24,23.21,24.16,7174305.66,3991.050048828125,104.58999633789062,1832.0,0.392300009727478,144.47335815429688
2023-02-23,24.16,24.69,23.6,23.91,4390966.09,4012.320068359375,104.5999984741211,1818.0,0.3878999948501587,144.47335815429688
2023-02-24,23.91,24.13,22.46,23.07,4868888.31,3970.0400390625,105.20999908447266,1808.800048828125,0.3948999881744385,144.47335815429688
2023-02-25,23.07,23.33,21.41,22.37,4541250.05,3970.0400390625,105.20999908447266,1808.800048828125,0.3948999881744385,144.47335815429688
2023-02-26,22.37,23.53,22.21,23.25,2817875.05,3970.0400390625,105.20999908447266,1808.800048828125,0.3948999881744385,144.47335815429688
2023-02-27,23.25,23.41,22.32,22.68,3670697.58,3982.239990234375,104.66999816894531,1817.0,0.3921999931335449,144.47335815429688
2023-02-28,22.68,22.75,21.75,21.89,2291715.21,3970.14990234375,104.87000274658203,1828.9000244140625,0.3915999889373779,144.47335815429688
2023-03-01,21.88,22.91,21.65,22.51,2445602.61,3951.389892578125,104.4800033569336,1837.699951171875,0.399399995803833,144.47335815429688
2023-03-02,22.5,22.65,21.67,22.0,2231193.36,3981.35009765625,105.02999877929688,1833.5,0.4072999954223633,144.47335815429688
2023-03-03,22.0,22.02,20.34,21.42,3635280.89,4045.639892578125,104.5199966430664,1847.699951171875,0.396399998664856,144.47335815429688
2023-03-04,21.42,21.62,20.2,20.98,1754082.61,4045.639892578125,104.5199966430664,1847.699951171875,0.396399998664856,144.47335815429688
2023-03-05,20.98,21.72,20.84,20.97,1733301.96,4045.639892578125,104.5199966430664,1847.699951171875,0.396399998664856,144.47335815429688
2023-03-06,20.98,21.19,20.47,20.63,2216419.88,4048.419921875,104.3499984741211,1847.9000244140625,0.39830000400543214,144.47335815429688
2023-03-07,20.62,20.95,19.71,20.25,3104831.99,3986.3701171875,105.62000274658203,1813.9000244140625,0.39749999046325685,144.47335815429688
2023-03-08,20.25,20.39,18.1,18.41,5826803.53,3992.010009765625,105.66000366210938,1812.699951171875,0.39760000705718995,144.47335815429688
2023-03-09,18.41,18.78,16.69,17.33,7832548.96,3918.320068359375,105.30999755859375,1829.300048828125,0.39249999523162843,144.47335815429688
2023-03-10,17.34,18.36,16.0,18.17,9520202.65,3861.590087890625,104.58000183105469,1862.0,0.3694999933242798,144.47335815429688
2023-03-11,18.17,18.89,16.94,18.07,6593106.41,3861.590087890625,104.58000183105469,1862.0,0.3694999933242798,144.47335815429688
2023-03-12,18.07,20.53,17.71,20.2,6555846.63,3861.590087890625,104.58000183105469,1862.0,0.3694999933242798,144.47335815429688
2023-03-13,20.19,21.47,18.87,20.4,10652102.31,3855.760009765625,103.5999984741211,1911.699951171875,0.35150001049041746,144.47335815429688
2023-03-14,20.4,22.12,19.75,20.86,9812864.39,3919.2900390625,103.5999984741211,1906.199951171875,0.3638000011444092,144.47335815429688
2023-03-15,20.86,21.46,18.7,19.24,7661168.72,3891.929931640625,104.6500015258789,1926.5999755859375,0.3492000102996826,144.47335815429688
2023-03-16,19.25,19.9,18.88,19.67,4381882.68,3960.280029296875,104.41999816894531,1919.0,0.35850000381469727,144.47335815429688
2023-03-17,19.67,21.69,19.42,21.6,5853746.15,3916.639892578125,103.70999908447266,1969.800048828125,0.33949999809265136,144.47335815429688
2023-03-18,21.6,22.94,21.05,21.2,7417972.25,3916.639892578125,103.70999908447266,1969.800048828125,0.33949999809265136,144.47335815429688
2023-03-19,21.2,22.43,21.19,21.86,4290990.03,3916.639892578125,103.70999908447266,1969.800048828125,0.33949999809265136,144.47335815429688
2023-03-20,21.86,23.91,21.35,22.13,10056429.13,3951.570068359375,103.27999877929688,1979.199951171875,0.3480999946594238,144.47335815429688
2023-03-21,22.13,23.33,21.51,22.53,6547867.38,4002.8701171875,103.26000213623047,1938.0,0.36059999465942383,144.47335815429688
2023-03-22,22.52,23.09,20.93,21.42,8602292.98,3936.969970703125,102.3499984741211,1946.800048828125,0.35,144.47335815429688
2023-03-23,21.41,22.95,21.08,22.16,5049411.36,3948.719970703125,102.52999877929688,1993.800048828125,0.3405999898910522,144.47335815429688
2023-03-24,22.16,22.27,20.26,20.66,4995998.21,3970.989990234375,103.12000274658203,1982.0999755859375,0.3380000114440918,144.47335815429688
2023-03-25,20.66,20.98,20.09,20.41,2338133.56,3970.989990234375,103.12000274658203,1982.0999755859375,0.3380000114440918,144.47335815429688
2023-03-26,20.4,21.14,20.29,20.94,1848599.09,3970.989990234375,103.12000274658203,1982.0999755859375,0.3380000114440918,144.47335815429688
2023-03-27,20.94,20.99,19.33,19.91,3556384.38,3977.530029296875,102.86000061035156,1952.4000244140625,0.35280001163482666,144.47335815429688
2023-03-28,19.91,20.88,19.6,20.45,3316462.41,3971.27001953125,102.43000030517578,1972.4000244140625,0.35639998912811277,144.47335815429688
2023-03-29,20.45,21.56,20.43,21.1,3377523.28,4027.81005859375,102.63999938964844,1966.0999755859375,0.3565999984741211,144.47335815429688
2023-03-30,21.1,21.67,20.16,20.55,4349577.78,4050.830078125,102.13999938964844,1980.300048828125,0.3551000118255615,144.47335815429688
2023-03-31,20.55,21.49,20.04,21.16,3228391.27,4109.31005859375,102.51000213623047,1969.0,0.349399995803833,144.47335815429688
2023-04-01,21.15,21.34,20.74,21.08,1824463.55,4109.31005859375,102.51000213623047,1969.0,0.349399995803833,144.47335815429688
2023-04-02,21.07,21.3,20.23,20.52,1822345.58,4109.31005859375,102.51000213623047,1969.0,0.349399995803833,144.47335815429688
2023-04-03,20.52,20.99,19.94,20.45,3984085.57,4124.509765625,102.08999633789062,1983.9000244140625,0.3430000066757202,144.47335815429688
2023-04-04,20.45,21.26,20.28,20.92,2514863.89,4100.60009765625,101.58999633789062,2022.199951171875,0.33369998931884765,144.47335815429688
2023-04-05,20.91,21.34,20.58,20.97,2603072.26,4090.3798828125,101.8499984741211,2020.9000244140625,0.3286999940872192,144.47335815429688
2023-04-06,20.96,20.99,20.43,20.62,1674280.5,4105.02001953125,101.81999969482422,2011.9000244140625,0.32880001068115233,144.47335815429688
2023-04-07,20.62,20.78,20.22,20.44,1220862.47,4105.02001953125,101.81999969482422,2011.9000244140625,0.32880001068115233,144.47335815429688
2023-04-08,20.44,20.74,19.85,20.04,1608993.48,4105.02001953125,101.81999969482422,2011.9000244140625,0.32880001068115233,144.47335815429688
2023-04-09,20.04,20.44,19.87,20.28,1051608.84,4105.02001953125,101.81999969482422,2011.9000244140625,0.32880001068115233,144.47335815429688
2023-04-10,20.29,20.95,20.08,20.89,1615129.64,4109.10986328125,102.58000183105469,1989.0999755859375,0.34149999618530275,144.47335815429688
2023-04-11,20.89,23.68,20.82,22.98,8297859.99,4108.93994140625,102.19999694824219,2004.800048828125,0.3434000015258789,144.47335815429688
2023-04-12,22.99,24.48,22.29,23.8,10374263.08,4091.949951171875,101.5,2010.9000244140625,0.3421000003814697,144.47335815429688
2023-04-13,23.81,25.3,23.63,24.43,6063385.78,4146.22021484375,101.01000213623047,2041.300048828125,0.34519999027252196,144.47335815429688
2023-04-14,24.43,25.49,23.73,24.71,6432126.81,4137.64013671875,101.55000305175781,2002.199951171875,0.35220000743865965,144.47335815429688
2023-04-15,24.72,24.8,23.81,24.05,2861426.92,4137.64013671875,101.55000305175781,2002.199951171875,0.35220000743865965,144.47335815429688
2023-04-16,24.05,25.49,23.81,25.34,3471417.67,4137.64013671875,101.55000305175781,2002.199951171875,0.35220000743865965,144.47335815429688
2023-04-17,25.34,26.0,24.28,24.58,5631537.5,4151.31982421875,102.0999984741211,1994.199951171875,0.3591000080108643,144.47335815429688
2023-04-18,24.57,25.44,24.0,24.82,3477504.6,4154.8701171875,101.75,2007.4000244140625,0.35720000267028806,144.47335815429688
2023-04-19,24.82,24.98,21.71,22.66,6650547.99,4154.52001953125,101.97000122070312,1995.199951171875,0.36019999980926515,144.47335815429688
2023-04-20,22.66,23.18,21.59,22.2,5486212.56,4129.7900390625,101.83999633789062,2007.5999755859375,0.35450000762939454,144.47335815429688
2023-04-21,22.19,22.41,21.0,21.25,4194496.37,4133.52001953125,101.81999969482422,1979.5,0.3569999933242798,144.47335815429688
2023-04-22,21.26,21.99,21.05,21.79,1831214.09,4133.52001953125,101.81999969482422,1979.5,0.3569999933242798,144.47335815429688
2023-04-23,21.79,22.25,20.91,21.47,2754139.65,4133.52001953125,101.81999969482422,1979.5,0.3569999933242798,144.47335815429688
2023-04-24,21.47,22.02,21.0,21.38,3120614.16,4137.0400390625,101.3499984741211,1989.0999755859375,0.35150001049041746,144.47335815429688
2023-04-25,21.39,21.97,20.73,21.93,3314599.54,4071.6298828125,101.86000061035156,1994.0,0.3395999908447266,144.47335815429688
2023-04-26,21.94,22.97,20.36,21.28,6657868.13,4055.989990234375,101.47000122070312,1985.699951171875,0.3431999921798706,144.47335815429688
2023-04-27,21.28,22.52,21.18,22.33,4703115.03,4135.35009765625,101.5,1989.9000244140625,0.35280001163482666,144.47335815429688
2023-04-28,22.34,23.5,22.16,23.34,4422324.38,4169.47998046875,101.66999816894531,1990.0999755859375,0.34519999027252196,144.47335815429688
2023-04-29,23.34,23.89,22.9,23.19,3194699.55,4169.47998046875,101.66999816894531,1990.0999755859375,0.34519999027252196,144.47335815429688
2023-04-30,23.18,23.99,22.69,22.74,3110943.4,4169.47998046875,101.66999816894531,1990.0999755859375,0.34519999027252196,144.47335815429688
2023-05-01,22.73,22.88,21.54,21.96,3758634.21,4167.8701171875,102.1500015258789,1983.4000244140625,0.35739998817443847,144.47335815429688
2023-05-02,21.95,22.38,21.75,22.25,2566813.09,4119.580078125,101.95999908447266,2014.300048828125,0.3438999891281128,144.47335815429688
2023-05-03,22.25,22.3,21.23,22.24,4181975.28,4090.75,101.33999633789062,2028.5999755859375,0.34030001163482665,144.47335815429688
2023-05-04,22.24,22.49,21.61,21.74,2529635.56,4061.219970703125,101.4000015258789,2048.0,0.33510000705718995,144.47335815429688
2023-05-05,21.74,23.07,21.56,22.82,3636404.07,4136.25,101.20999908447266,2017.4000244140625,0.3446000099182129,144.47335815429688
2023-05-06,22.82,23.23,21.56,21.91,2849745.66,4136.25,101.20999908447266,2017.4000244140625,0.3446000099182129,144.47335815429688
2023-05-07,21.91,22.78,21.63,21.66,2954384.97,4136.25,101.20999908447266,2017.4000244140625,0.3446000099182129,144.47335815429688
2023-05-08,21.65,21.81,20.0,20.62,5254424.55,4138.1201171875,101.37000274658203,2026.300048828125,0.35209999084472654,144.47335815429688
2023-05-09,20.63,21.0,20.4,20.65,2375473.6,4119.169921875,101.63999938964844,2036.199951171875,0.35209999084472654,144.47335815429688
2023-05-10,20.66,21.31,19.74,20.91,5057170.3,4137.64013671875,101.4800033569336,2030.5,0.3438999891281128,144.47335815429688
2023-05-11,20.92,20.93,19.69,20.17,3721715.1,4130.6201171875,102.05999755859375,2014.699951171875,0.3397000074386597,144.47335815429688
2023-05-12,20.17,20.95,19.8,20.9,3076452.18,4124.080078125,102.68000030517578,2014.5,0.34630000591278076,144.47335815429688
2023-05-13,20.91,21.29,20.77,20.84,1835421.61,4124.080078125,102.68000030517578,2014.5,0.34630000591278076,144.47335815429688
2023-05-14,20.83,21.28,20.62,20.93,1553375.08,4124.080078125,102.68000030517578,2014.5,0.34630000591278076,144.47335815429688
2023-05-15,20.93,21.52,20.6,20.99,2858317.83,4136.27978515625,102.43000030517578,2018.0,0.3507999897003174,144.47335815429688
2023-05-16,20.98,21.13,20.43,20.67,2722401.44,4109.89990234375,102.55999755859375,1988.4000244140625,0.3549000024795532,144.47335815429688
2023-05-17,20.68,21.23,20.42,21.06,2614414.01,4158.77001953125,102.87999725341797,1980.699951171875,0.3581000089645386,144.47335815429688
2023-05-18,21.06,21.09,20.07,20.34,2624370.52,4198.0498046875,103.58000183105469,1956.5,0.3648000001907349,144.47335815429688
2023-05-19,20.35,20.59,20.21,20.36,1214543.49,4191.97998046875,103.19999694824219,1978.699951171875,0.3691999912261963,144.47335815429688
2023-05-20,20.35,20.37,20.08,20.28,856718.98,4191.97998046875,103.19999694824219,1978.699951171875,0.3691999912261963,144.47335815429688
2023-05-21,20.28,20.39,19.33,19.61,1976334.78,4191.97998046875,103.19999694824219,1978.699951171875,0.3691999912261963,144.47335815429688
2023-05-22,19.61,20.03,19.28,19.53,2054927.32,4192.6298828125,103.19999694824219,1974.800048828125,0.37190001010894774,144.47335815429688
2023-05-23,19.52,20.18,19.42,20.02,2466255.33,4145.580078125,103.48999786376953,1972.4000244140625,0.3697999954223633,144.47335815429688
2023-05-24,20.02,20.07,18.66,19.22,2780601.57,4115.240234375,103.88999938964844,1962.800048828125,0.37190001010894774,144.47335815429688
2023-05-25,19.22,19.58,18.77,19.25,1692742.89,4151.27978515625,104.20999908447266,1943.0999755859375,0.3813999891281128,144.47335815429688
2023-05-26,19.25,19.56,19.08,19.35,1034272.52,4205.4501953125,104.20999908447266,1944.0999755859375,0.3809999942779541,144.47335815429688
2023-05-27,19.35,20.54,19.33,20.43,1565995.03,4205.4501953125,104.20999908447266,1944.0999755859375,0.3809999942779541,144.47335815429688
2023-05-28,20.42,21.19,20.29,20.81,2874459.57,4205.4501953125,104.20999908447266,1944.0999755859375,0.3809999942779541,144.47335815429688
2023-05-29,20.81,20.98,20.26,20.57,2222352.38,4205.4501953125,104.20999908447266,1944.0999755859375,0.3809999942779541,144.47335815429688
2023-05-30,20.57,21.4,20.46,21.25,3192653.91,4205.52001953125,104.16999816894531,1958.0,0.3700000047683716,144.47335815429688
2023-05-31,21.25,21.33,20.37,20.81,2050625.96,4179.830078125,104.31999969482422,1963.9000244140625,0.36370000839233396,144.47335815429688
2023-06-01,20.82,20.98,20.41,20.49,1732297.47,4221.02001953125,103.55999755859375,1978.0,0.3608000040054321,144.47335815429688
2023-06-02,20.49,21.37,20.3,21.26,2068166.11,4282.3701171875,104.0199966430664,1952.4000244140625,0.3690999984741211,144.47335815429688
2023-06-03,21.26,21.35,20.95,21.19,1130915.88,4282.3701171875,104.0199966430664,1952.4000244140625,0.3690999984741211,144.47335815429688
2023-06-04,21.19,22.3,21.03,21.82,2800007.16,4282.3701171875,104.0199966430664,1952.4000244140625,0.3690999984741211,144.47335815429688
2023-06-05,21.83,22.06,19.03,20.0,6215040.24,4273.7900390625,104.0,1958.0,0.3693000078201294,144.47335815429688
2023-06-06,20.01,20.7,19.23,20.38,4383534.14,4283.85009765625,104.12999725341797,1965.5,0.3698999881744385,144.47335815429688
2023-06-07,20.38,20.53,18.5,18.64,3842270.95,4267.52001953125,104.0999984741211,1942.699951171875,0.37839999198913576,144.47335815429688
2023-06-08,18.64,19.11,18.23,18.89,2669714.01,4293.93017578125,103.33999633789062,1963.5999755859375,0.37139999866485596,144.47335815429688
2023-06-09,18.88,19.37,17.11,17.4,4755455.49,4298.85986328125,103.55999755859375,1962.199951171875,0.3744999885559082,144.47335815429688
2023-06-10,17.4,17.43,12.8,15.61,17211734.83,4298.85986328125,103.55999755859375,1962.199951171875,0.3744999885559082,144.47335815429688
2023-06-11,15.61,16.18,15.11,15.55,6064017.28,4298.85986328125,103.55999755859375,1962.199951171875,0.3744999885559082,144.47335815429688
2023-06-12,15.55,15.69,14.74,15.19,5195357.99,4338.93017578125,103.62999725341797,1955.300048828125,0.3765000104904175,144.47335815429688
2023-06-13,15.19,16.0,14.76,15.04,4814274.27,4369.009765625,103.33999633789062,1944.5999755859375,0.38389999866485597,144.47335815429688
2023-06-14,15.03,15.37,14.06,14.48,3978891.53,4372.58984375,103.01000213623047,1955.300048828125,0.37960000038146974,144.47335815429688
2023-06-15,14.49,15.08,14.18,14.77,4700648.85,4425.83984375,102.12000274658203,1957.800048828125,0.37279999256134033,144.47335815429688
2023-06-16,14.78,15.47,14.38,15.31,2809890.09,4409.58984375,102.30000305175781,1958.4000244140625,0.37690000534057616,144.47335815429688
2023-06-17,15.32,16.12,15.16,15.64,2500321.4,4409.58984375,102.30000305175781,1958.4000244140625,0.37690000534057616,144.47335815429688
2023-06-18,15.65,15.84,15.28,15.45,1603688.44,4409.58984375,102.30000305175781,1958.4000244140625,0.37690000534057616,144.47335815429688
2023-06-19,15.45,16.14,15.34,16.1,1890318.27,4409.58984375,102.30000305175781,1958.4000244140625,0.37690000534057616,144.47335815429688
2023-06-20,16.1,16.69,15.73,16.64,3005581.72,4388.7099609375,102.54000091552734,1935.5,0.37290000915527344,144.47335815429688
2023-06-21,16.65,17.4,16.54,17.23,4146918.99,4365.68994140625,102.06999969482422,1933.300048828125,0.3723000049591064,144.47335815429688
2023-06-22,17.23,17.75,16.57,16.62,3547312.43,4381.89013671875,102.38999938964844,1912.699951171875,0.37990000247955324,144.47335815429688
2023-06-23,16.62,17.53,16.16,17.13,4851596.52,4348.330078125,102.9000015258789,1919.0999755859375,0.37390000820159913,144.47335815429688
2023-06-24,17.14,17.53,16.37,16.64,2908701.89,4348.330078125,102.9000015258789,1919.0999755859375,0.37390000820159913,144.47335815429688
2023-06-25,16.64,17.38,16.57,16.96,2723041.25,4348.330078125,102.9000015258789,1919.0999755859375,0.37390000820159913,144.47335815429688
2023-06-26,16.96,17.12,15.89,16.27,3056592.4,4328.81982421875,102.69000244140625,1923.699951171875,0.37190001010894774,144.47335815429688
2023-06-27,16.27,16.93,16.13,16.63,2951107.45,4378.41015625,102.48999786376953,1914.0,0.37679998874664306,144.47335815429688
2023-06-28,16.63,16.65,15.6,15.97,4040252.29,4376.85986328125,102.91000366210938,1912.300048828125,0.3710000038146973,144.47335815429688
2023-06-29,15.98,18.28,15.87,17.99,7948251.73,4396.43994140625,103.33999633789062,1909.199951171875,0.38540000915527345,144.47335815429688
2023-06-30,18.0,20.03,17.01,18.86,11454016.49,4450.3798828125,102.91000366210938,1921.0999755859375,0.3819000005722046,144.47335815429688
2023-07-01,18.85,19.0,17.9,18.7,3515091.93,4450.3798828125,102.91000366210938,1921.0999755859375,0.3819000005722046,144.47335815429688
2023-07-02,18.7,19.74,18.53,19.45,4872775.08,4450.3798828125,102.91000366210938,1921.0999755859375,0.3819000005722046,144.47335815429688
2023-07-03,19.46,19.66,18.87,19.26,3065186.84,4455.58984375,102.98999786376953,1921.699951171875,0.38580000400543213,144.47335815429688
2023-07-04,19.25,19.94,19.06,19.13,3096292.18,4455.58984375,102.98999786376953,1921.699951171875,0.38580000400543213,144.47335815429688
2023-07-05,19.14,19.53,18.32,19.0,2415908.51,4446.81982421875,103.37000274658203,1919.5999755859375,0.39449999332427976,144.47335815429688
2023-07-06,18.99,21.0,18.82,19.61,9598016.99,4411.58984375,103.16999816894531,1908.699951171875,0.4040999889373779,144.47335815429688
2023-07-07,19.61,21.9,19.26,21.5,9794096.48,4398.9501953125,102.2699966430664,1926.199951171875,0.4050000190734863,144.47335815429688
2023-07-08,21.51,22.5,21.32,21.81,6473021.26,4398.9501953125,102.2699966430664,1926.199951171875,0.4050000190734863,144.47335815429688
2023-07-09,21.82,22.38,20.99,21.32,3867361.76,4398.9501953125,102.2699966430664,1926.199951171875,0.4050000190734863,144.47335815429688
2023-07-10,21.32,21.81,20.47,21.3,5671089.94,4409.52978515625,101.97000122070312,1925.0,0.400600004196167,144.47335815429688
2023-07-11,21.3,22.37,21.2,22.07,4616810.71,4439.259765625,101.7300033569336,1931.300048828125,0.39800000190734863,144.47335815429688
2023-07-12,22.06,22.8,21.74,21.94,6086113.95,4472.16015625,100.5199966430664,1956.199951171875,0.38610000610351564,144.47335815429688
2023-07-13,21.93,26.82,21.42,26.01,16102139.02,4510.0400390625,99.7699966430664,1959.199951171875,0.37609999179840087,144.47335815429688
2023-07-14,26.01,32.13,25.23,26.67,19571913.81,4505.419921875,99.91000366210938,1960.0999755859375,0.3819000005722046,144.47335815429688
2023-07-15,26.67,29.12,26.45,27.46,11042658.65,4505.419921875,99.91000366210938,1960.0999755859375,0.3819000005722046,144.47335815429688
2023-07-16,27.47,28.7,26.46,27.42,6708916.61,4505.419921875,99.91000366210938,1960.0999755859375,0.3819000005722046,144.47335815429688
2023-07-17,27.41,28.49,25.55,26.8,8662837.64,4522.7900390625,99.83999633789062,1952.4000244140625,0.3796999931335449,144.47335815429688
2023-07-18,26.8,27.09,24.76,25.54,6327315.88,4554.97998046875,99.94000244140625,1977.199951171875,0.37890000343322755,144.47335815429688
2023-07-19,25.54,26.99,25.35,26.31,4966905.24,4565.72021484375,100.27999877929688,1977.5,0.37420001029968264,144.47335815429688
2023-07-20,26.31,27.38,25.03,25.38,4977278.58,4534.8701171875,100.87999725341797,1968.300048828125,0.38540000915527345,144.47335815429688
2023-07-21,25.38,26.0,25.06,25.5,3295444.38,4536.33984375,101.06999969482422,1964.300048828125,0.38369998931884763,144.47335815429688
2023-07-22,25.51,25.97,24.0,24.52,2382898.21,4536.33984375,101.06999969482422,1964.300048828125,0.38369998931884763,144.47335815429688
2023-07-23,24.52,25.26,24.15,24.76,2341589.79,4536.33984375,101.06999969482422,1964.300048828125,0.38369998931884763,144.47335815429688
2023-07-24,24.76,24.83,22.89,23.37,4042066.22,4554.64013671875,101.3499984741211,1960.300048828125,0.38570001125335696,144.47335815429688
2023-07-25,23.36,23.6,22.73,23.27,2522195.44,4567.4599609375,101.3499984741211,1962.0999755859375,0.3911999940872192,144.47335815429688
2023-07-26,23.28,25.68,23.17,25.17,6033716.58,4566.75,100.88999938964844,1968.9000244140625,0.38510000705718994,144.47335815429688
2023-07-27,25.18,25.65,24.66,25.1,4207657.06,4537.41015625,101.7699966430664,1945.4000244140625,0.401200008392334,144.47335815429688
2023-07-28,25.1,25.56,24.54,24.82,2736684.18,4582.22998046875,101.62000274658203,1960.4000244140625,0.39690001010894777,144.47335815429688
2023-07-29,24.82,25.39,24.75,25.17,1768964.07,4582.22998046875,101.62000274658203,1960.4000244140625,0.39690001010894777,144.47335815429688
2023-07-30,25.17,25.21,23.47,24.25,2774658.63,4582.22998046875,101.62000274658203,1960.4000244140625,0.39690001010894777,144.47335815429688
2023-07-31,24.25,24.79,23.52,23.73,3167365.08,4588.9599609375,101.86000061035156,1970.5,0.39590001106262207,144.47335815429688
2023-08-01,23.72,24.07,22.84,24.05,3598080.21,4576.72998046875,102.30000305175781,1940.699951171875,0.40510001182556155,144.47335815429688
2023-08-02,24.06,24.29,22.82,23.15,3308680.67,4513.39013671875,102.58999633789062,1937.4000244140625,0.40780000686645507,144.47335815429688
2023-08-03,23.14,23.38,22.44,22.65,2981853.02,4501.89013671875,102.54000091552734,1932.0,0.4189000129699707,144.47335815429688
2023-08-04,22.65,23.57,22.48,22.8,3225053.92,4478.02978515625,102.0199966430664,1939.5999755859375,0.4059999942779541,144.47335815429688
2023-08-05,22.8,22.94,22.23,22.65,1781301.39,4478.02978515625,102.0199966430664,1939.5999755859375,0.4059999942779541,144.47335815429688
2023-08-06,22.66,23.48,22.58,23.2,2662470.7,4478.02978515625,102.0199966430664,1939.5999755859375,0.4059999942779541,144.47335815429688
2023-08-07,23.2,23.67,22.27,23.12,3303008.9,4518.43994140625,102.05000305175781,1933.5,0.40780000686645507,144.47335815429688
2023-08-08,23.11,24.79,23.02,24.22,4652753.86,4499.3798828125,102.52999877929688,1924.0999755859375,0.40260000228881837,144.47335815429688
2023-08-09,24.22,24.99,24.1,24.38,3857674.95,4467.7099609375,102.48999786376953,1915.4000244140625,0.401200008392334,144.47335815429688
2023-08-10,24.39,24.89,24.13,24.62,2556841.66,4468.830078125,102.5199966430664,1914.4000244140625,0.40799999237060547,144.47335815429688
2023-08-11,24.63,24.93,24.34,24.62,2415119.74,4464.0498046875,102.83999633789062,1912.9000244140625,0.41680002212524414,144.47335815429688
2023-08-12,24.63,25.24,24.4,24.91,1814019.36,4464.0498046875,102.83999633789062,1912.9000244140625,0.41680002212524414,144.47335815429688
2023-08-13,24.91,24.95,24.21,24.23,2013530.94,4464.0498046875,102.83999633789062,1912.9000244140625,0.41680002212524414,144.47335815429688
2023-08-14,24.22,25.3,24.06,25.18,2935003.9,4489.72021484375,103.19000244140625,1910.5999755859375,0.4184000015258789,144.47335815429688
2023-08-15,25.19,25.42,23.74,23.9,3856498.57,4437.85986328125,103.20999908447266,1902.5,0.42210001945495607,144.47335815429688
2023-08-16,23.91,24.03,22.36,22.82,4333224.4,4404.330078125,103.41999816894531,1896.0999755859375,0.4257999897003174,144.47335815429688
2023-08-17,22.82,23.43,20.0,21.66,6294552.09,4370.35986328125,103.44000244140625,1884.0999755859375,0.4308000087738037,144.47335815429688
2023-08-18,21.67,22.2,20.9,21.34,3890112.81,4369.7099609375,103.37999725341797,1886.0999755859375,0.4250999927520752,144.47335815429688
2023-08-19,21.34,22.18,21.29,21.9,1694233.32,4369.7099609375,103.37999725341797,1886.0999755859375,0.4250999927520752,144.47335815429688
2023-08-20,21.89,22.04,21.57,21.77,1053613.37,4369.7099609375,103.37999725341797,1886.0999755859375,0.4250999927520752,144.47335815429688
2023-08-21,21.78,21.79,20.3,21.2,2646392.48,4399.77001953125,103.33000183105469,1893.300048828125,0.43420000076293946,144.47335815429688
2023-08-22,21.2,21.26,19.35,20.59,3635900.71,4387.5498046875,103.55999755859375,1896.4000244140625,0.4328000068664551,144.47335815429688
2023-08-23,20.59,21.82,20.33,21.74,3704350.5,4436.009765625,103.36000061035156,1918.5,0.4197999954223633,144.47335815429688
2023-08-24,21.74,22.02,20.67,21.06,2719332.54,4376.31005859375,103.9800033569336,1918.199951171875,0.42350001335144044,144.47335815429688
2023-08-25,21.05,21.06,20.09,20.42,2321828.3,4405.7099609375,104.08000183105469,1911.0999755859375,0.4238999843597412,144.47335815429688
2023-08-26,20.42,20.44,20.19,20.29,743690.27,4405.7099609375,104.08000183105469,1911.0999755859375,0.4238999843597412,144.47335815429688
2023-08-27,20.28,20.92,20.24,20.79,1103526.81,4405.7099609375,104.08000183105469,1911.0999755859375,0.4238999843597412,144.47335815429688
2023-08-28,20.79,20.8,20.03,20.56,1622343.78,4433.31005859375,104.05999755859375,1917.9000244140625,0.42119998931884767,144.47335815429688
2023-08-29,20.57,22.05,20.12,21.79,5271801.95,4497.6298828125,103.55000305175781,1936.5,0.4122000217437744,144.47335815429688
2023-08-30,21.79,21.99,20.6,20.82,2462706.77,4514.8701171875,103.16000366210938,1944.300048828125,0.4118000030517578,144.47335815429688
2023-08-31,20.82,21.07,19.43,19.74,3342646.88,4507.66015625,103.62000274658203,1938.199951171875,0.40929999351501467,144.47335815429688
2023-09-01,19.74,19.93,19.02,19.33,2517375.38,4515.77001953125,104.23999786376953,1939.800048828125,0.4172999858856201,144.47335815429688
2023-09-02,19.33,19.69,19.13,19.5,1419243.59,4515.77001953125,104.23999786376953,1939.800048828125,0.4172999858856201,144.47335815429688
2023-09-03,19.5,19.67,19.23,19.57,1032117.62,4515.77001953125,104.23999786376953,1939.800048828125,0.4172999858856201,144.47335815429688
2023-09-04,19.57,20.05,19.15,19.52,2206040.45,4515.77001953125,104.23999786376953,1939.800048828125,0.4172999858856201,144.47335815429688
2023-09-05,19.52,20.6,19.03,20.26,4197171.75,4496.830078125,104.80999755859375,1926.199951171875,0.426800012588501,144.47335815429688
2023-09-06,20.26,20.39,19.14,19.64,3429947.48,4465.47998046875,104.86000061035156,1918.0999755859375,0.4289999961853027,144.47335815429688
2023-09-07,19.63,20.0,19.32,19.92,2375627.15,4451.14013671875,105.05999755859375,1917.5,0.4260000228881836,144.47335815429688
2023-09-08,19.92,20.28,19.37,19.61,1972054.86,4457.490234375,105.08999633789062,1918.4000244140625,0.4257999897003174,144.47335815429688
2023-09-09,19.6,19.61,19.38,19.44,646379.52,4457.490234375,105.08999633789062,1918.4000244140625,0.4257999897003174,144.47335815429688
2023-09-10,19.43,19.44,17.78,18.24,5630975.71,4457.490234375,105.08999633789062,1918.4000244140625,0.4257999897003174,144.47335815429688
2023-09-11,18.23,18.46,17.33,17.72,4755172.77,4487.4599609375,104.56999969482422,1923.300048828125,0.42880001068115237,144.47335815429688
2023-09-12,17.72,18.8,17.57,17.92,4818249.11,4461.89990234375,104.70999908447266,1911.300048828125,0.42639999389648436,144.47335815429688
2023-09-13,17.91,18.56,17.69,18.4,4063710.36,4467.43994140625,104.7699966430664,1909.0999755859375,0.4249000072479248,144.47335815429688
2023-09-14,18.4,19.33,18.38,18.85,4397747.38,4505.10009765625,105.41000366210938,1910.0,0.42880001068115237,144.47335815429688
2023-09-15,18.85,19.5,18.55,19.14,2087888.26,4450.31982421875,105.31999969482422,1923.699951171875,0.4322000026702881,144.47335815429688
2023-09-16,19.15,19.46,18.86,19.12,1416418.73,4450.31982421875,105.31999969482422,1923.699951171875,0.4322000026702881,144.47335815429688
2023-09-17,19.12,19.14,18.63,18.81,1073239.72,4450.31982421875,105.31999969482422,1923.699951171875,0.4322000026702881,144.47335815429688
2023-09-18,18.81,20.15,18.58,19.64,3731851.86,4453.52978515625,105.19999694824219,1931.5,0.4318999767303467,144.47335815429688
2023-09-19,19.65,20.42,19.58,20.03,3110481.29,4443.9501953125,105.19999694824219,1932.0,0.43649997711181643,144.47335815429688
2023-09-20,20.02,20.54,19.8,20.29,2588399.2,4402.2001953125,105.16000366210938,1945.5999755859375,0.43489999771118165,144.47335815429688
2023-09-21,20.29,20.29,19.29,19.46,2959370.24,4330.0,105.36000061035156,1919.199951171875,0.4480000019073486,144.47335815429688
2023-09-22,19.45,19.81,19.15,19.43,1857771.33,4320.06005859375,105.58000183105469,1925.4000244140625,0.4438000202178955,144.47335815429688
2023-09-23,19.42,19.57,19.29,19.49,897913.0,4320.06005859375,105.58000183105469,1925.4000244140625,0.4438000202178955,144.47335815429688
2023-09-24,19.48,19.68,19.2,19.36,1091026.97,4320.06005859375,105.58000183105469,1925.4000244140625,0.4438000202178955,144.47335815429688
2023-09-25,19.36,19.74,19.07,19.39,1702995.14,4337.43994140625,106.0,1916.5999755859375,0.45419998168945314,144.47335815429688
2023-09-26,19.39,19.53,18.84,19.03,1977195.6,4273.52978515625,106.2300033569336,1900.4000244140625,0.4558000087738037,144.47335815429688
2023-09-27,19.03,19.48,18.73,19.14,2446438.2,4274.509765625,106.66999816894531,1871.5999755859375,0.4625999927520752,144.47335815429688
2023-09-28,19.13,19.98,19.1,19.96,2804835.46,4299.7001953125,106.22000122070312,1860.4000244140625,0.45970001220703127,144.47335815429688
2023-09-29,19.97,20.46,19.85,20.28,2724984.42,4288.0498046875,106.16999816894531,1848.0999755859375,0.45729999542236327,144.47335815429688
2023-09-30,20.28,21.81,20.07,21.37,3565357.52,4288.0498046875,106.16999816894531,1848.0999755859375,0.45729999542236327,144.47335815429688
2023-10-01,21.37,24.5,21.13,23.87,6416328.5,4288.0498046875,106.16999816894531,1848.0999755859375,0.45729999542236327,144.47335815429688
2023-10-02,23.88,24.8,22.9,23.37,6313085.51,4288.39013671875,106.9000015258789,1830.0,0.46830000877380373,144.47335815429688
2023-10-03,23.38,24.77,23.21,23.6,5894722.26,4229.4501953125,107.0,1824.5999755859375,0.48020000457763673,144.47335815429688
2023-10-04,23.61,23.86,22.58,23.13,3945261.33,4263.75,106.80000305175781,1818.5,0.47350001335144043,144.47335815429688
2023-10-05,23.13,23.76,22.53,22.7,3287722.78,4258.18994140625,106.33000183105469,1816.5999755859375,0.47170000076293944,144.47335815429688
2023-10-06,22.7,23.76,22.66,23.41,4366362.12,4308.5,106.04000091552734,1830.199951171875,0.47839999198913574,144.47335815429688
2023-10-07,23.41,24.21,23.08,23.3,2949841.72,4308.5,106.04000091552734,1830.199951171875,0.47839999198913574,144.47335815429688
2023-10-08,23.29,23.64,23.06,23.22,1934466.13,4308.5,106.04000091552734,1830.199951171875,0.47839999198913574,144.47335815429688
2023-10-09,23.21,23.37,21.59,22.1,4186290.48,4335.66015625,106.08000183105469,1849.5,0.47969999313354494,144.47335815429688
2023-10-10,22.09,22.48,21.69,22.11,2334716.24,4358.240234375,105.83000183105469,1861.0,0.465500020980835,144.47335815429688
2023-10-11,22.11,22.43,21.62,22.01,2734211.94,4376.9501953125,105.81999969482422,1872.800048828125,0.45949997901916506,144.47335815429688
2023-10-12,22.01,22.05,20.93,21.28,2921129.02,4349.60986328125,106.56999969482422,1869.300048828125,0.47119998931884766,144.47335815429688
2023-10-13,21.29,22.23,21.11,21.84,2403623.09,4327.77978515625,106.6500015258789,1927.4000244140625,0.4629000186920166,144.47335815429688
2023-10-14,21.85,22.31,21.8,22.0,1303774.54,4327.77978515625,106.6500015258789,1927.4000244140625,0.4629000186920166,144.47335815429688
2023-10-15,22.0,22.17,21.66,21.93,1455965.78,4327.77978515625,106.6500015258789,1927.4000244140625,0.4629000186920166,144.47335815429688
2023-10-16,21.93,24.75,21.89,23.95,6973642.82,4373.6298828125,106.23999786376953,1921.0999755859375,0.47119998931884766,144.47335815429688
2023-10-17,23.95,24.56,23.46,23.93,4456015.31,4373.2001953125,106.25,1922.699951171875,0.48470001220703124,144.47335815429688
2023-10-18,23.94,24.43,23.36,23.42,2982409.96,4314.60009765625,106.56999969482422,1955.300048828125,0.49039998054504397,144.47335815429688
2023-10-19,23.41,25.77,23.11,24.93,5889168.99,4278.0,106.25,1968.4000244140625,0.498799991607666,144.47335815429688
2023-10-20,24.92,27.5,24.73,27.03,7266627.01,4224.16015625,106.16000366210938,1982.5,0.4923999786376953,144.47335815429688
2023-10-21,27.02,30.31,26.65,29.32,9576358.72,4224.16015625,106.16000366210938,1982.5,0.4923999786376953,144.47335815429688
2023-10-22,29.33,30.01,28.09,29.05,5567480.03,4224.16015625,106.16000366210938,1982.5,0.4923999786376953,144.47335815429688
2023-10-23,29.06,32.81,28.74,31.88,12178546.11,4217.0400390625,105.54000091552734,1976.300048828125,0.48379998207092284,144.47335815429688
2023-10-24,31.88,32.61,29.5,30.17,11152278.09,4247.68017578125,106.2699966430664,1975.0,0.48400001525878905,144.47335815429688
2023-10-25,30.18,33.9,30.0,32.44,10582632.89,4186.77001953125,106.52999877929688,1984.0999755859375,0.4953000068664551,144.47335815429688
2023-10-26,32.43,33.28,30.73,32.77,6940180.71,4137.22998046875,106.5999984741211,1987.199951171875,0.48449997901916503,144.47335815429688
2023-10-27,32.78,33.35,31.2,31.73,6273331.35,4117.3701171875,106.55999755859375,1988.5999755859375,0.48449997901916503,144.47335815429688
2023-10-28,31.73,32.51,31.35,31.63,2594478.41,4117.3701171875,106.55999755859375,1988.5999755859375,0.48449997901916503,144.47335815429688
2023-10-29,31.62,33.19,31.27,32.83,3483834.9,4117.3701171875,106.55999755859375,1988.5999755859375,0.48449997901916503,144.47335815429688
2023-10-30,32.83,35.35,32.28,34.94,7627255.13,4166.81982421875,106.12000274658203,1996.199951171875,0.4875,144.47335815429688
2023-10-31,34.94,38.62,34.82,38.4,9267665.69,4193.7998046875,106.66000366210938,1985.199951171875,0.4875,144.47335815429688
2023-11-01,38.41,46.9,37.81,41.15,19486359.98,4237.85986328125,106.87999725341797,1978.800048828125,0.47890000343322753,144.47335815429688
2023-11-02,41.16,44.57,38.65,40.23,14743830.91,4317.77978515625,106.12000274658203,1985.5999755859375,0.46690001487731936,144.47335815429688
2023-11-03,40.24,40.26,37.98,39.45,10290073.48,4358.33984375,105.0199966430664,1991.5,0.4558000087738037,144.47335815429688
2023-11-04,39.45,42.72,39.0,42.41,7452581.71,4358.33984375,105.0199966430664,1991.5,0.4558000087738037,144.47335815429688
2023-11-05,42.41,42.85,40.1,41.15,4117962.39,4358.33984375,105.0199966430664,1991.5,0.4558000087738037,144.47335815429688
2023-11-06,41.16,42.2,39.66,42.16,4866558.59,4365.97998046875,105.22000122070312,1981.5999755859375,0.46620001792907717,144.47335815429688
2023-11-07,42.16,44.78,40.08,42.93,8826660.47,4378.3798828125,105.54000091552734,1966.800048828125,0.45710000991821287,144.47335815429688
2023-11-08,42.93,43.88,42.25,43.13,4580371.01,4382.77978515625,105.58999633789062,1951.5,0.452299976348877,144.47335815429688
2023-11-09,43.12,48.88,41.36,45.29,12546941.33,4347.35009765625,105.91000366210938,1964.199951171875,0.4630000114440918,144.47335815429688
2023-11-10,45.3,57.54,45.05,56.67,14708555.35,4415.240234375,105.86000061035156,1932.5999755859375,0.4627999782562256,144.47335815429688
2023-11-11,56.67,63.95,53.55,56.34,13790858.3,4415.240234375,105.86000061035156,1932.5999755859375,0.4627999782562256,144.47335815429688
2023-11-12,56.36,61.86,54.5,56.28,10246085.39,4415.240234375,105.86000061035156,1932.5999755859375,0.4627999782562256,144.47335815429688
2023-11-13,56.27,59.86,51.28,51.6,11066863.24,4411.5498046875,105.66000366210938,1945.5,0.4631999969482422,144.47335815429688
2023-11-14,51.6,57.99,51.12,56.81,12213778.24,4495.7001953125,104.11000061035156,1961.800048828125,0.44409999847412107,144.47335815429688
2023-11-15,56.81,67.12,56.15,65.43,12800109.28,4502.8798828125,104.38999938964844,1960.0999755859375,0.45349998474121095,144.47335815429688
2023-11-16,65.43,68.2,56.31,57.8,13868327.04,4508.240234375,104.37000274658203,1983.9000244140625,0.4445000171661377,144.47335815429688
2023-11-17,57.81,60.57,54.1,58.51,11968303.78,4514.02001953125,103.81999969482422,1981.5999755859375,0.44409999847412107,144.47335815429688
2023-11-18,58.52,59.37,54.7,58.56,7374946.5,4514.02001953125,103.81999969482422,1981.5999755859375,0.44409999847412107,144.47335815429688
2023-11-19,58.56,62.1,56.61,61.1,7009650.09,4514.02001953125,103.81999969482422,1981.5999755859375,0.44409999847412107,144.47335815429688
2023-11-20,61.1,61.33,56.0,56.57,7127562.28,4547.3798828125,103.47000122070312,1977.699951171875,0.4421999931335449,144.47335815429688
2023-11-21,56.57,57.4,51.23,51.65,10741088.9,4538.18994140625,103.58999633789062,1999.300048828125,0.44180002212524416,144.47335815429688
2023-11-22,51.65,58.94,51.43,57.56,7891464.65,4556.6201171875,103.91999816894531,1991.4000244140625,0.44159998893737795,144.47335815429688
2023-11-23,57.55,59.63,56.14,56.51,4925635.15,4556.6201171875,103.91999816894531,1991.4000244140625,0.44159998893737795,144.47335815429688
2023-11-24,56.52,58.79,56.2,56.86,3905651.92,4559.33984375,103.4000015258789,2002.199951171875,0.44720001220703126,144.47335815429688
2023-11-25,56.86,59.82,55.7,58.82,4095129.28,4559.33984375,103.4000015258789,2002.199951171875,0.44720001220703126,144.47335815429688
2023-11-26,58.81,59.04,56.12,57.57,3097837.47,4559.33984375,103.4000015258789,2002.199951171875,0.44720001220703126,144.47335815429688
2023-11-27,57.57,58.09,53.47,55.06,4618869.6,4550.43017578125,103.19999694824219,2011.800048828125,0.4388999938964844,144.47335815429688
2023-11-28,55.06,58.65,53.94,58.18,5642915.95,4554.89013671875,102.75,2039.699951171875,0.43359999656677245,144.47335815429688
2023-11-29,58.18,61.78,57.72,59.31,7574392.84,4550.580078125,102.7699966430664,2047.0999755859375,0.42709999084472655,144.47335815429688
2023-11-30,59.31,61.7,58.75,59.3,4597104.01,4567.7998046875,103.5,2038.0999755859375,0.43520002365112304,144.47335815429688
2023-12-01,59.3,61.9,58.6,59.75,5422494.06,4594.6298828125,103.2699966430664,2071.0,0.42259998321533204,144.47335815429688
2023-12-02,59.74,63.9,59.67,63.66,4898503.76,4594.6298828125,103.2699966430664,2071.0,0.42259998321533204,144.47335815429688
2023-12-03,63.66,65.53,62.22,62.98,4675198.65,4594.6298828125,103.2699966430664,2071.0,0.42259998321533204,144.47335815429688
2023-12-04,62.99,65.25,59.75,61.64,7696216.19,4569.77978515625,103.63999938964844,2024.0999755859375,0.42880001068115237,144.47335815429688
2023-12-05,61.63,62.6,59.11,61.03,6032438.26,4567.18017578125,104.05000305175781,2018.5,0.4171000003814697,144.47335815429688
2023-12-06,61.04,66.68,61.03,61.85,11121135.68,4549.33984375,104.1500015258789,2030.5,0.4120999813079834,144.47335815429688
2023-12-07,61.85,69.37,61.64,67.74,10648583.32,4585.58984375,103.54000091552734,2029.9000244140625,0.4129000186920166,144.47335815429688
2023-12-08,67.74,75.3,67.74,74.94,11314830.348,4604.3701171875,104.01000213623047,1998.300048828125,0.4244999885559082,144.47335815429688
2023-12-09,74.93,77.78,71.5,72.3,8809964.3,4604.3701171875,104.01000213623047,1998.300048828125,0.4244999885559082,144.47335815429688
2023-12-10,72.31,74.89,70.67,74.87,5886808.01,4604.3701171875,104.01000213623047,1998.300048828125,0.4244999885559082,144.47335815429688
2023-12-11,74.88,75.0,64.18,70.25,12970688.47,4622.43994140625,104.0999984741211,1978.0,0.4238999843597412,144.47335815429688
2023-12-12,70.24,72.42,65.75,68.6,7763463.64,4643.7001953125,103.87000274658203,1977.800048828125,0.42059998512268065,144.47335815429688
2023-12-13,68.6,72.6,63.67,70.62,8271925.44,4707.08984375,102.87000274658203,1982.300048828125,0.40329999923706056,144.47335815429688
2023-12-14,70.62,76.24,68.18,75.68,7493589.41,4719.5498046875,101.95999908447266,2030.199951171875,0.3930000066757202,144.47335815429688
2023-12-15,75.68,79.5,72.13,72.51,8834567.44,4719.18994140625,102.55000305175781,2021.0999755859375,0.39279999732971194,144.47335815429688
2023-12-16,72.51,77.22,71.18,73.72,5513079.61,4719.18994140625,102.55000305175781,2021.0999755859375,0.39279999732971194,144.47335815429688
2023-12-17,73.71,75.05,70.36,70.87,5108641.26,4719.18994140625,102.55000305175781,2021.0999755859375,0.39279999732971194,144.47335815429688
2023-12-18,70.85,75.46,67.0,74.42,7219822.33,4740.56005859375,102.51000213623047,2026.300048828125,0.3953999996185303,144.47335815429688
2023-12-19,74.41,76.37,71.78,73.0,6086806.16,4768.3701171875,102.16999816894531,2038.4000244140625,0.3921999931335449,144.47335815429688
2023-12-20,73.0,84.14,72.96,82.21,10701294.29,4698.35009765625,102.41000366210938,2034.5,0.3877000093460083,144.47335815429688
2023-12-21,82.22,95.54,81.03,93.84,12129644.35,4746.75,101.83999633789062,2039.0999755859375,0.38940000534057617,144.47335815429688
2023-12-22,93.86,99.5,90.34,97.9,11975121.56,4754.6298828125,101.69999694824219,2057.10009765625,0.39010000228881836,144.47335815429688
2023-12-23,97.91,110.0,92.8,107.88,8336420.6,4754.6298828125,101.69999694824219,2057.10009765625,0.39010000228881836,144.47335815429688
2023-12-24,107.88,118.1,107.3,112.45,12261699.03,4754.6298828125,101.69999694824219,2057.10009765625,0.39010000228881836,144.47335815429688
2023-12-25,112.45,126.36,107.92,120.91,11114497.92,4754.6298828125,101.69999694824219,2057.10009765625,0.39010000228881836,144.47335815429688
2023-12-26,120.91,121.36,102.09,112.49,12300095.38,4774.75,101.47000122070312,2058.199951171875,0.3885999917984009,144.47335815429688
2023-12-27,112.48,115.3,104.58,106.91,8972638.9,4781.580078125,100.98999786376953,2081.89990234375,0.37890000343322755,144.47335815429688
2023-12-28,106.92,109.66,97.14,101.8,10194201.02,4783.35009765625,101.2300033569336,2073.89990234375,0.38499999046325684,144.47335815429688
2023-12-29,101.8,110.0,99.0,106.17,9432538.67,4769.830078125,101.33000183105469,2062.39990234375,0.3865999937057495,144.47335815429688
2023-12-30,106.17,107.47,100.62,101.9,4178339.62,4769.830078125,101.33000183105469,2062.39990234375,0.3865999937057495,144.47335815429688
2023-12-31,101.9,105.21,99.54,101.72,3821990.67,4769.830078125,101.33000183105469,2062.39990234375,0.3865999937057495,144.47335815429688
2024-01-01,101.72,109.93,101.44,109.91,4403310.37,4769.830078125,101.33000183105469,2062.39990234375,0.3865999937057495,144.47335815429688
2024-01-02,109.93,116.95,106.02,106.73,7831366.05,4742.830078125,102.19999694824219,2064.39990234375,0.39460000991821287,144.47335815429688
2024-01-03,106.72,109.9,85.0,98.52,12221060.38,4704.81005859375,102.45999908447266,2034.199951171875,0.3907000064849854,144.47335815429688
2024-01-04,98.52,108.15,96.6,104.91,7235482.95,4688.68017578125,102.41999816894531,2042.300048828125,0.3990999937057495,144.47335815429688
2024-01-05,104.91,105.48,95.23,99.94,6703567.21,4697.240234375,102.41000366210938,2042.4000244140625,0.40419998168945315,144.47335815429688
2024-01-06,99.93,100.3,91.53,93.77,5151478.03,4697.240234375,102.41000366210938,2042.4000244140625,0.40419998168945315,144.47335815429688
2024-01-07,93.77,96.8,87.68,89.44,5547334.15,4697.240234375,102.41000366210938,2042.4000244140625,0.40419998168945315,144.47335815429688
2024-01-08,89.44,99.97,85.16,97.88,9677497.13,4763.5400390625,102.20999908447266,2026.5999755859375,0.40019998550415037,144.47335815429688
2024-01-09,97.88,104.89,95.25,99.36,8574930.67,4756.5,102.56999969482422,2026.4000244140625,0.4019000053405762,144.47335815429688
2024-01-10,99.36,105.52,91.68,102.0,8634280.07,4783.4501953125,102.36000061035156,2021.699951171875,0.403000020980835,144.47335815429688
2024-01-11,101.99,107.32,97.67,99.9,8986682.95,4780.240234375,102.29000091552734,2014.300048828125,0.3976999998092651,144.47335815429688
2024-01-12,99.89,100.49,87.0,92.12,6462190.24,4783.830078125,102.4000015258789,2046.699951171875,0.3950000047683716,144.47335815429688
2024-01-13,92.14,97.05,89.51,95.85,4054010.92,4783.830078125,102.4000015258789,2046.699951171875,0.3950000047683716,144.47335815429688
2024-01-14,95.85,102.87,93.62,93.81,5767904.66,4783.830078125,102.4000015258789,2046.699951171875,0.3950000047683716,144.47335815429688
2024-01-15,93.81,96.96,92.97,94.36,3605978.31,4783.830078125,102.4000015258789,2046.699951171875,0.3950000047683716,144.47335815429688
2024-01-16,94.35,98.73,94.16,97.61,3768288.08,4765.97998046875,103.36000061035156,2026.0,0.4065999984741211,144.47335815429688
2024-01-17,97.6,102.8,96.5,102.1,6932306.54,4739.2099609375,103.44999694824219,2002.5999755859375,0.4105999946594238,144.47335815429688
2024-01-18,102.1,103.59,91.41,94.4,6216673.0,4780.93994140625,103.54000091552734,2018.5999755859375,0.4144000053405762,144.47335815429688
2024-01-19,94.39,95.47,87.04,93.62,6357442.75,4839.81005859375,103.29000091552734,2026.5,0.41459999084472654,144.47335815429688
2024-01-20,93.62,94.27,90.2,92.88,2799385.87,4839.81005859375,103.29000091552734,2026.5,0.41459999084472654,144.47335815429688
2024-01-21,92.88,93.93,90.79,91.09,2013751.83,4839.81005859375,103.29000091552734,2026.5,0.41459999084472654,144.47335815429688
2024-01-22,91.08,91.9,82.06,83.84,7065444.82,4850.43017578125,103.33000183105469,2019.800048828125,0.40939998626708984,144.47335815429688
2024-01-23,83.84,86.0,79.0,84.35,8284305.33,4864.60009765625,103.62000274658203,2023.699951171875,0.4142000198364258,144.47335815429688
2024-01-24,84.36,89.47,83.3,88.77,6058894.15,4868.5498046875,103.23999786376953,2013.9000244140625,0.4177999973297119,144.47335815429688
2024-01-25,88.77,89.64,85.09,86.91,4002698.2,4894.16015625,103.56999969482422,2016.9000244140625,0.41319999694824217,144.47335815429688
2024-01-26,86.9,93.72,85.96,92.28,4693818.55,4890.97021484375,103.47000122070312,2016.800048828125,0.4159999847412109,144.47335815429688
2024-01-27,92.29,94.5,90.68,94.28,2735837.45,4890.97021484375,103.47000122070312,2016.800048828125,0.4159999847412109,144.47335815429688
2024-01-28,94.27,99.44,93.31,95.98,5618408.23,4890.97021484375,103.47000122070312,2016.800048828125,0.4159999847412109,144.47335815429688
2024-01-29,95.99,101.98,95.06,101.68,5772519.82,4927.93017578125,103.61000061035156,2025.199951171875,0.40910000801086427,144.47335815429688
2024-01-30,101.67,106.49,100.95,101.4,6990527.25,4924.97021484375,103.4000015258789,2031.5,0.4059000015258789,144.47335815429688
2024-01-31,101.4,102.73,95.9,96.96,8609956.87,4845.64990234375,103.2699966430664,2048.39990234375,0.39670000076293943,144.47335815429688
2024-02-01,96.96,98.11,93.11,97.81,6556006.07,4906.18994140625,103.05000305175781,2053.0,0.38629999160766604,144.47335815429688
2024-02-02,97.81,102.57,97.39,100.58,5487861.84,4958.60986328125,103.91999816894531,2036.0999755859375,0.40329999923706056,144.47335815429688
2024-02-03,100.57,101.24,96.53,97.96,2787373.11,4958.60986328125,103.91999816894531,2036.0999755859375,0.40329999923706056,144.47335815429688
2024-02-04,97.95,98.59,95.08,95.49,2914876.34,4958.60986328125,103.91999816894531,2036.0999755859375,0.40329999923706056,144.47335815429688
2024-02-05,95.48,98.7,94.11,95.66,3891146.06,4942.81005859375,104.44999694824219,2025.699951171875,0.41640000343322753,144.47335815429688
2024-02-06,95.66,97.88,92.88,96.88,4279238.07,4954.22998046875,104.18000030517578,2034.5,0.40900001525878904,144.47335815429688
2024-02-07,96.87,101.58,94.62,101.14,4577672.06,4995.06005859375,104.04000091552734,2035.199951171875,0.41100001335144043,144.47335815429688
2024-02-08,101.14,104.98,100.51,102.76,5082811.46,4997.91015625,104.1500015258789,2032.199951171875,0.41700000762939454,144.47335815429688
2024-02-09,102.77,109.13,102.76,106.94,6686758.45,5026.60986328125,104.08000183105469,2023.300048828125,0.4186999797821045,144.47335815429688
2024-02-10,106.94,110.86,106.86,109.01,3939526.49,5026.60986328125,104.08000183105469,2023.300048828125,0.4186999797821045,144.47335815429688
2024-02-11,109.01,110.67,107.24,107.46,2755398.4,5026.60986328125,104.08000183105469,2023.300048828125,0.4186999797821045,144.47335815429688
2024-02-12,107.46,112.22,103.4,111.64,6169652.05,5021.83984375,104.16999816894531,2018.199951171875,0.41719999313354494,144.47335815429688
2024-02-13,111.65,115.15,108.25,112.48,5622825.56,4953.169921875,104.95999908447266,1992.9000244140625,0.4315999984741211,144.47335815429688
2024-02-14,112.49,118.69,110.61,116.97,4884824.42,5000.6201171875,104.72000122070312,1990.300048828125,0.4267000198364258,144.47335815429688
2024-02-15,116.97,118.39,111.51,113.5,4927735.5,5029.72998046875,104.30000305175781,2002.0999755859375,0.4239999771118164,144.47335815429688
2024-02-16,113.5,114.25,107.94,110.33,3947132.77,5005.56982421875,104.27999877929688,2011.5,0.42950000762939455,144.47335815429688
2024-02-17,110.32,111.08,105.0,108.92,2897705.67,5005.56982421875,104.27999877929688,2011.5,0.42950000762939455,144.47335815429688
2024-02-18,108.92,114.04,107.51,112.24,3083833.73,5005.56982421875,104.27999877929688,2011.5,0.42950000762939455,144.47335815429688
2024-02-19,112.25,114.87,110.75,111.53,3746704.95,5005.56982421875,104.27999877929688,2011.5,0.42950000762939455,144.47335815429688
2024-02-20,111.53,112.11,103.0,108.31,5676734.13,4975.509765625,104.08000183105469,2027.5,0.42750000953674316,144.47335815429688
2024-02-21,108.32,108.4,100.23,105.03,4752688.01,4981.7998046875,104.01000213623047,2022.300048828125,0.43249998092651365,144.47335815429688
2024-02-22,105.04,107.1,101.53,101.76,3905642.33,5087.02978515625,103.95999908447266,2019.699951171875,0.43270001411437986,144.47335815429688
2024-02-23,101.75,103.1,98.64,99.9,3546853.99,5088.7998046875,103.94000244140625,2038.5999755859375,0.4260000228881836,144.47335815429688
2024-02-24,99.91,104.85,98.48,104.01,2334116.02,5088.7998046875,103.94000244140625,2038.5999755859375,0.4260000228881836,144.47335815429688
2024-02-25,104.02,104.43,102.0,103.47,1967184.81,5088.7998046875,103.94000244140625,2038.5999755859375,0.4260000228881836,144.47335815429688
2024-02-26,103.47,110.89,100.29,109.9,5392138.71,5069.52978515625,103.83000183105469,2028.5,0.4298999786376953,144.47335815429688
2024-02-27,109.9,112.3,105.29,108.36,6198163.52,5078.18017578125,103.83000183105469,2034.0,0.4315000057220459,144.47335815429688
2024-02-28,108.35,119.06,106.85,119.03,11832282.01,5069.759765625,103.9800033569336,2033.0,0.427400016784668,144.47335815429688
2024-02-29,119.03,134.65,117.15,125.68,13847087.32,5096.27001953125,104.16000366210938,2045.699951171875,0.4251999855041504,144.47335815429688
2024-03-01,125.68,137.8,125.61,129.43,8376631.09,5137.080078125,103.86000061035156,2086.89990234375,0.4179999828338623,144.47335815429688
2024-03-02,129.43,131.69,127.2,130.02,4693251.94,5137.080078125,103.86000061035156,2086.89990234375,0.4179999828338623,144.47335815429688
2024-03-03,130.03,132.11,124.17,130.16,5228370.86,5137.080078125,103.86000061035156,2086.89990234375,0.4179999828338623,144.47335815429688
2024-03-04,130.16,134.95,127.35,133.27,8053684.79,5130.9501953125,103.83000183105469,2117.699951171875,0.42189998626708985,144.47335815429688
2024-03-05,133.26,142.72,105.0,125.31,17035242.52,5078.64990234375,103.80000305175781,2133.5,0.413700008392334,144.47335815429688
2024-03-06,125.31,134.95,120.0,130.79,9581617.48,5104.759765625,103.37000274658203,2150.300048828125,0.4104000091552734,144.47335815429688
2024-03-07,130.8,149.3,130.52,143.82,10952975.3,5157.35986328125,102.81999969482422,2158.0,0.40920000076293944,144.47335815429688
2024-03-08,143.82,152.64,142.0,144.79,8096745.65,5123.68994140625,102.73999786376953,2178.60009765625,0.40890002250671387,144.47335815429688
2024-03-09,144.79,149.15,143.54,144.29,3686876.81,5123.68994140625,102.73999786376953,2178.60009765625,0.40890002250671387,144.47335815429688
2024-03-10,144.3,148.5,140.43,144.39,4489519.25,5123.68994140625,102.73999786376953,2178.60009765625,0.40890002250671387,144.47335815429688
2024-03-11,144.39,150.2,136.49,148.83,7743384.35,5117.93994140625,102.87000274658203,2182.5,0.4104000091552734,144.47335815429688
2024-03-12,148.83,155.0,141.5,151.05,8930538.0,5175.27001953125,102.95999908447266,2160.39990234375,0.41550002098083494,144.47335815429688
2024-03-13,151.06,166.73,148.71,163.9,7627285.95,5165.31005859375,102.79000091552734,2175.39990234375,0.4191999912261963,144.47335815429688
2024-03-14,163.9,178.5,159.2,176.65,10423585.86,5150.47998046875,103.36000061035156,2163.0,0.42979998588562013,144.47335815429688
2024-03-15,176.65,188.98,164.5,183.95,17484961.6,5117.08984375,103.43000030517578,2157.300048828125,0.4303999900817871,144.47335815429688
2024-03-16,183.95,197.95,176.78,182.05,13017058.01,5117.08984375,103.43000030517578,2157.300048828125,0.4303999900817871,144.47335815429688
2024-03-17,182.05,205.2,178.55,201.86,10524537.06,5117.08984375,103.43000030517578,2157.300048828125,0.4303999900817871,144.47335815429688
2024-03-18,201.85,210.18,193.8,195.92,11583736.08,5149.419921875,103.58000183105469,2160.699951171875,0.43400001525878906,144.47335815429688
2024-03-19,195.92,198.68,166.0,169.82,16935298.87,5178.509765625,103.80999755859375,2156.300048828125,0.4296999931335449,144.47335815429688
2024-03-20,169.82,193.19,162.45,191.77,12365784.68,5224.6201171875,103.41000366210938,2157.89990234375,0.42729997634887695,144.47335815429688
2024-03-21,191.76,195.68,175.84,179.46,8064316.56,5241.52978515625,104.0,2182.39990234375,0.42709999084472655,144.47335815429688
2024-03-22,179.46,181.95,167.57,175.21,6152106.89,5234.18017578125,104.43000030517578,2158.10009765625,0.4217999935150146,144.47335815429688
2024-03-23,175.21,179.0,170.38,172.65,3504716.61,5234.18017578125,104.43000030517578,2158.10009765625,0.4217999935150146,144.47335815429688
2024-03-24,172.65,186.78,171.25,183.88,3578259.38,5234.18017578125,104.43000030517578,2158.10009765625,0.4217999935150146,144.47335815429688
2024-03-25,183.87,194.6,180.92,188.99,5240091.85,5218.18994140625,104.2300033569336,2174.800048828125,0.42529997825622556,144.47335815429688
2024-03-26,188.98,196.57,186.0,190.46,4465611.36,5203.580078125,104.29000091552734,2175.60009765625,0.4234000205993652,144.47335815429688
2024-03-27,190.46,192.74,180.0,186.33,5173929.09,5248.490234375,104.3499984741211,2190.60009765625,0.4196000099182129,144.47335815429688
2024-03-28,186.34,190.93,180.92,189.63,3602194.14,5254.35009765625,104.55000305175781,2217.39990234375,0.42059998512268065,144.47335815429688
2024-03-29,189.64,193.0,183.39,192.01,3580115.76,5254.35009765625,104.55000305175781,2217.39990234375,0.42059998512268065,144.47335815429688
2024-03-30,192.02,200.0,190.71,194.2,3491334.38,5254.35009765625,104.55000305175781,2217.39990234375,0.42059998512268065,144.47335815429688
2024-03-31,194.19,203.17,193.69,202.45,2398135.45,5254.35009765625,104.55000305175781,2217.39990234375,0.42059998512268065,144.47335815429688
2024-04-01,202.45,204.46,186.87,192.24,4599776.65,5243.77001953125,105.0199966430664,2236.5,0.43289999961853026,144.47335815429688
2024-04-02,192.24,192.24,175.92,181.53,5766777.4,5205.81005859375,104.81999969482422,2261.0,0.43649997711181643,144.47335815429688
2024-04-03,181.53,192.0,176.92,185.05,5010275.57,5211.490234375,104.25,2294.39990234375,0.4355000019073486,144.47335815429688
2024-04-04,185.05,190.13,180.02,184.0,3773747.36,5147.2099609375,104.12000274658203,2288.800048828125,0.43090000152587893,144.47335815429688
2024-04-05,184.0,185.07,167.84,174.37,5000847.22,5204.33984375,104.30000305175781,2325.699951171875,0.4377999782562256,144.47335815429688
2024-04-06,174.37,179.89,173.54,178.68,2641869.38,5204.33984375,104.30000305175781,2325.699951171875,0.4377999782562256,144.47335815429688
2024-04-07,178.69,182.71,176.85,179.52,2235798.23,5204.33984375,104.30000305175781,2325.699951171875,0.4377999782562256,144.47335815429688
2024-04-08,179.51,184.68,175.25,180.68,3690701.97,5202.39013671875,104.13999938964844,2331.699951171875,0.4423999786376953,144.47335815429688
2024-04-09,180.68,180.9,169.11,172.42,3401885.89,5209.91015625,104.1500015258789,2343.5,0.4366000175476074,144.47335815429688
2024-04-10,172.41,175.5,162.28,173.31,4653467.65,5160.64013671875,105.25,2329.60009765625,0.4559999942779541,144.47335815429688
2024-04-11,173.3,176.32,170.07,172.37,3761197.49,5199.06005859375,105.27999877929688,2354.800048828125,0.4576000213623047,144.47335815429688
2024-04-12,172.37,175.98,141.0,153.16,6842096.22,5123.41015625,106.04000091552734,2356.199951171875,0.4499000072479248,144.47335815429688
2024-04-13,153.16,155.0,116.0,138.47,15444420.06,5123.41015625,106.04000091552734,2356.199951171875,0.4499000072479248,144.47335815429688
2024-04-14,138.47,152.84,130.45,151.25,12428370.68,5123.41015625,106.04000091552734,2356.199951171875,0.4499000072479248,144.47335815429688
2024-04-15,151.26,156.06,133.56,138.51,9332424.74,5061.81982421875,106.20999908447266,2365.800048828125,0.4627999782562256,144.47335815429688
2024-04-16,138.51,140.57,126.4,136.22,9794711.9,5051.41015625,106.26000213623047,2390.800048828125,0.46589999198913573,144.47335815429688
2024-04-17,136.21,142.77,126.87,131.84,9559485.27,5022.2099609375,105.94999694824219,2371.699951171875,0.45850000381469724,144.47335815429688
2024-04-18,131.84,144.25,127.62,142.07,7805067.82,5011.1201171875,106.1500015258789,2382.300048828125,0.46469998359680176,144.47335815429688
2024-04-19,142.08,147.49,128.5,142.5,11145361.53,4967.22998046875,106.1500015258789,2398.39990234375,0.4614999771118164,144.47335815429688
2024-04-20,142.5,152.39,139.66,151.22,4855973.67,4967.22998046875,106.1500015258789,2398.39990234375,0.4614999771118164,144.47335815429688
2024-04-21,151.21,153.5,146.68,148.8,3646801.53,4967.22998046875,106.1500015258789,2398.39990234375,0.4614999771118164,144.47335815429688
2024-04-22,148.81,158.5,146.63,156.95,4967360.16,5010.60009765625,106.08000183105469,2332.199951171875,0.4623000144958496,144.47335815429688
2024-04-23,156.94,160.0,153.04,154.75,4102272.11,5070.5498046875,105.69000244140625,2327.699951171875,0.45980000495910645,144.47335815429688
2024-04-24,154.75,159.8,145.58,147.78,6491963.0,5071.6298828125,105.86000061035156,2324.5,0.46519999504089354,144.47335815429688
2024-04-25,147.79,149.6,142.09,144.84,5417465.27,5048.419921875,105.5999984741211,2329.800048828125,0.47059998512268064,144.47335815429688
2024-04-26,144.83,146.19,138.74,139.23,3749353.51,5099.9599609375,105.94000244140625,2334.800048828125,0.46690001487731936,144.47335815429688
2024-04-27,139.23,143.04,132.88,141.31,3821061.91,5099.9599609375,105.94000244140625,2334.800048828125,0.46690001487731936,144.47335815429688
2024-04-28,141.31,144.82,137.03,137.99,2951913.56,5099.9599609375,105.94000244140625,2334.800048828125,0.46690001487731936,144.47335815429688
2024-04-29,137.99,138.93,133.38,137.77,4267883.497,5116.169921875,105.58000183105469,2345.39990234375,0.4613999843597412,144.47335815429688
2024-04-30,137.79,139.77,121.21,126.77,6026555.488,5035.68994140625,106.22000122070312,2291.39990234375,0.4685999870300293,144.47335815429688
2024-05-01,126.76,135.97,118.47,134.64,7991325.271,5018.39013671875,105.76000213623047,2299.89990234375,0.45949997901916506,144.47335815429688
2024-05-02,134.64,140.9,128.19,137.58,5743465.621,5064.2001953125,105.30000305175781,2299.199951171875,0.45710000991821287,144.47335815429688
2024-05-03,137.58,145.0,135.88,143.69,4524855.556,5127.7900390625,105.02999877929688,2299.0,0.45,144.47335815429688
2024-05-04,143.7,149.14,142.22,146.05,2808003.24,5127.7900390625,105.02999877929688,2299.0,0.45,144.47335815429688
2024-05-05,146.05,148.0,143.1,145.73,2131850.263,5127.7900390625,105.02999877929688,2299.0,0.45,144.47335815429688
2024-05-06,145.74,156.89,145.4,152.82,4787441.567,5180.740234375,105.05000305175781,2321.60009765625,0.4488999843597412,144.47335815429688
2024-05-07,152.81,159.19,147.76,148.03,4486379.596,5187.7001953125,105.41000366210938,2315.199951171875,0.44629998207092286,144.47335815429688
2024-05-08,148.03,152.0,140.0,142.18,4533265.341,5187.669921875,105.55000305175781,2313.60009765625,0.4492000102996826,144.47335815429688
2024-05-09,142.17,153.39,140.61,152.57,3912139.908,5214.080078125,105.2300033569336,2332.10009765625,0.4448999881744385,144.47335815429688
2024-05-10,152.56,155.75,144.49,146.01,4124775.208,5222.68017578125,105.30999755859375,2367.300048828125,0.4504000186920166,144.47335815429688
2024-05-11,146.02,147.7,143.12,145.42,2017032.814,5222.68017578125,105.30999755859375,2367.300048828125,0.4504000186920166,144.47335815429688
2024-05-12,145.42,147.8,142.5,143.43,1422547.627,5222.68017578125,105.30999755859375,2367.300048828125,0.4504000186920166,144.47335815429688
2024-05-13,143.42,150.88,137.78,147.54,4407929.923,5221.419921875,105.22000122070312,2336.10009765625,0.44809999465942385,144.47335815429688
2024-05-14,147.53,149.09,141.82,142.03,3389933.371,5246.68017578125,105.01000213623047,2353.39990234375,0.4445000171661377,144.47335815429688
2024-05-15,142.03,158.88,141.21,158.52,4885274.203,5308.14990234375,104.3499984741211,2388.699951171875,0.43559999465942384,144.47335815429688
2024-05-16,158.52,164.79,156.46,159.37,4200112.765,5297.10009765625,104.45999908447266,2380.0,0.4376999855041504,144.47335815429688
2024-05-17,159.36,174.0,159.32,169.44,4097186.841,5303.27001953125,104.44999694824219,2412.199951171875,0.4420000076293945,144.47335815429688
2024-05-18,169.43,176.06,168.65,172.4,2874473.997,5303.27001953125,104.44999694824219,2412.199951171875,0.4420000076293945,144.47335815429688
2024-05-19,172.4,175.5,165.96,169.93,2696984.074,5303.27001953125,104.44999694824219,2412.199951171875,0.4420000076293945,144.47335815429688
2024-05-20,169.93,188.32,167.47,186.7,5690568.998,5308.1298828125,104.56999969482422,2433.89990234375,0.4436999797821045,144.47335815429688
2024-05-21,186.69,188.89,174.37,178.15,4727780.064,5321.41015625,104.66000366210938,2421.699951171875,0.44140000343322755,144.47335815429688
2024-05-22,178.15,185.0,174.96,176.95,4272900.127,5307.009765625,104.94000244140625,2389.199951171875,0.4434000015258789,144.47335815429688
2024-05-23,176.96,181.04,165.35,176.16,5598921.63,5267.83984375,105.11000061035156,2335.0,0.44749999046325684,144.47335815429688
2024-05-24,176.15,176.15,162.5,167.7,4819660.642,5304.72021484375,104.72000122070312,2332.5,0.4467000007629395,144.47335815429688
2024-05-25,167.7,170.55,165.9,168.35,1911443.135,5304.72021484375,104.72000122070312,2332.5,0.4467000007629395,144.47335815429688
2024-05-26,168.35,168.4,161.0,163.41,3126117.989,5304.72021484375,104.72000122070312,2332.5,0.4467000007629395,144.47335815429688
2024-05-27,163.42,172.28,163.26,170.15,3260017.055,5304.72021484375,104.72000122070312,2332.5,0.4467000007629395,144.47335815429688
2024-05-28,170.15,173.24,164.92,168.68,3779251.343,5306.0400390625,104.61000061035156,2355.199951171875,0.45419998168945314,144.47335815429688
2024-05-29,168.68,173.93,167.0,168.32,2946277.294,5266.9501953125,105.0999984741211,2340.300048828125,0.4624000072479248,144.47335815429688
2024-05-30,168.32,173.0,163.55,166.88,3307767.047,5235.47998046875,104.72000122070312,2342.89990234375,0.4553999900817871,144.47335815429688
2024-05-31,166.88,170.94,163.67,165.65,2592736.388,5277.509765625,104.66999816894531,2322.89990234375,0.4513999938964844,144.47335815429688
2024-06-01,165.65,167.95,165.64,166.14,1070498.928,5277.509765625,104.66999816894531,2322.89990234375,0.4513999938964844,144.47335815429688
2024-06-02,166.14,167.1,161.32,163.15,1669577.986,5277.509765625,104.66999816894531,2322.89990234375,0.4513999938964844,144.47335815429688
2024-06-03,163.14,167.21,161.79,164.89,2378016.532,5283.39990234375,104.13999938964844,2346.60009765625,0.4401999950408936,144.47335815429688
2024-06-04,164.9,171.87,164.31,171.78,2124954.015,5291.33984375,104.11000061035156,2325.5,0.43359999656677245,144.47335815429688
2024-06-05,171.78,175.6,170.0,173.54,2560223.589,5354.02978515625,104.2699966430664,2354.10009765625,0.42890000343322754,144.47335815429688
2024-06-06,173.55,174.4,167.51,170.15,2116238.234,5352.9599609375,104.0999984741211,2370.300048828125,0.4281000137329102,144.47335815429688
2024-06-07,170.15,172.85,152.92,162.5,3538852.091,5346.990234375,104.88999938964844,2305.199951171875,0.4429999828338623,144.47335815429688
2024-06-08,162.51,163.78,157.37,157.83,1789882.65,5346.990234375,104.88999938964844,2305.199951171875,0.4429999828338623,144.47335815429688
2024-06-09,157.83,163.04,156.52,162.12,1444905.0,5346.990234375,104.88999938964844,2305.199951171875,0.4429999828338623,144.47335815429688
2024-06-10,162.12,163.18,157.46,159.05,1760276.954,5360.7900390625,105.1500015258789,2307.699951171875,0.4468999862670898,144.47335815429688
2024-06-11,159.04,159.75,145.2,149.31,3646582.777,5375.31982421875,105.2300033569336,2307.5,0.4403999805450439,144.47335815429688
2024-06-12,149.31,161.84,145.44,155.22,3851856.394,5421.02978515625,104.6500015258789,2336.0,0.42950000762939455,144.47335815429688
2024-06-13,155.21,155.21,146.03,147.29,2573289.111,5433.740234375,105.19999694824219,2300.199951171875,0.423799991607666,144.47335815429688
2024-06-14,147.29,149.0,139.67,143.05,3183461.493,5431.60009765625,105.55000305175781,2331.39990234375,0.42129998207092284,144.47335815429688
2024-06-15,143.04,145.78,142.92,145.52,1346924.922,5431.60009765625,105.55000305175781,2331.39990234375,0.42129998207092284,144.47335815429688
2024-06-16,145.52,151.35,143.08,151.3,1405879.427,5431.60009765625,105.55000305175781,2331.39990234375,0.42129998207092284,144.47335815429688
2024-06-17,151.3,151.79,139.85,143.27,3412959.812,5473.22998046875,105.31999969482422,2312.39990234375,0.42789998054504397,144.47335815429688
2024-06-18,143.28,143.82,127.95,137.41,6557976.71,5487.02978515625,105.26000213623047,2330.39990234375,0.42170000076293945,144.47335815429688
2024-06-19,137.41,141.9,134.47,135.62,3536777.468,5487.02978515625,105.26000213623047,2330.39990234375,0.42170000076293945,144.47335815429688
2024-06-20,135.62,141.29,131.9,133.55,3507680.508,5473.169921875,105.58999633789062,2353.800048828125,0.4254000186920166,144.47335815429688
2024-06-21,133.55,135.38,128.76,134.6,3230074.027,5464.6201171875,105.80000305175781,2316.39990234375,0.4256999969482422,144.47335815429688
2024-06-22,134.61,136.74,133.0,133.69,1399215.891,5464.6201171875,105.80000305175781,2316.39990234375,0.4256999969482422,144.47335815429688
2024-06-23,133.7,135.09,128.22,128.69,1492401.231,5464.6201171875,105.80000305175781,2316.39990234375,0.4256999969482422,144.47335815429688
2024-06-24,128.68,132.66,122.0,132.33,5583497.777,5447.8701171875,105.47000122070312,2330.0,0.4248000144958496,144.47335815429688
2024-06-25,132.34,139.9,131.2,136.58,3963661.704,5469.2998046875,105.61000061035156,2316.60009765625,0.423799991607666,144.47335815429688
2024-06-26,136.57,140.41,134.85,136.81,2503428.066,5477.89990234375,106.05000305175781,2299.199951171875,0.4315999984741211,144.47335815429688
2024-06-27,136.81,151.21,135.2,149.71,4450967.436,5482.8701171875,105.91000366210938,2324.5,0.42880001068115237,144.47335815429688
2024-06-28,149.71,150.84,139.01,140.03,3339031.267,5460.47998046875,105.87000274658203,2327.699951171875,0.43429999351501464,144.47335815429688
2024-06-29,140.03,143.26,139.67,140.28,1468985.543,5460.47998046875,105.87000274658203,2327.699951171875,0.43429999351501464,144.47335815429688
2024-06-30,140.28,147.62,137.09,146.61,2086670.189,5460.47998046875,105.87000274658203,2327.699951171875,0.43429999351501464,144.47335815429688
2024-07-01,146.61,149.36,145.87,146.67,2280252.836,5475.08984375,105.9000015258789,2327.60009765625,0.44790000915527345,144.47335815429688
2024-07-02,146.68,155.0,146.14,154.03,2776061.292,5509.009765625,105.72000122070312,2323.0,0.4435999870300293,144.47335815429688
2024-07-03,154.03,154.5,139.01,140.84,4189341.933,5537.02001953125,105.4000015258789,2359.800048828125,0.4355000019073486,144.47335815429688
2024-07-04,140.84,142.75,127.2,127.86,5230812.158,5537.02001953125,105.4000015258789,2359.800048828125,0.4355000019073486,144.47335815429688
2024-07-05,127.85,136.58,121.0,134.32,7669471.231,5567.18994140625,104.87999725341797,2388.5,0.4271999835968018,144.47335815429688
2024-07-06,134.32,144.35,132.33,143.05,2873919.136,5567.18994140625,104.87999725341797,2388.5,0.4271999835968018,144.47335815429688
2024-07-07,143.05,143.33,131.23,131.64,2590805.369,5567.18994140625,104.87999725341797,2388.5,0.4271999835968018,144.47335815429688
2024-07-08,131.64,142.0,127.77,139.81,5708358.008,5572.85009765625,105.01000213623047,2355.199951171875,0.42690000534057615,144.47335815429688
2024-07-09,139.81,144.33,136.45,141.42,3363673.606,5576.97998046875,105.12000274658203,2360.10009765625,0.43000001907348634,144.47335815429688
2024-07-10,141.43,146.2,138.6,141.98,2700825.893,5633.91015625,105.05000305175781,2372.199951171875,0.42800002098083495,144.47335815429688
2024-07-11,141.99,146.1,135.64,135.73,3363094.13,5584.5400390625,104.44000244140625,2415.0,0.4192999839782715,144.47335815429688
2024-07-12,135.73,140.55,133.92,139.46,2929528.431,5615.35009765625,104.08999633789062,2414.0,0.4189000129699707,144.47335815429688
2024-07-13,139.47,143.6,137.94,141.9,1357177.621,5615.35009765625,104.08999633789062,2414.0,0.4189000129699707,144.47335815429688
2024-07-14,141.89,148.56,141.87,147.66,2997466.757,5615.35009765625,104.08999633789062,2414.0,0.4189000129699707,144.47335815429688
2024-07-15,147.66,159.95,147.0,159.38,3428848.522,5631.22021484375,104.19000244140625,2422.89990234375,0.4229000091552734,144.47335815429688
2024-07-16,159.37,162.49,152.57,160.62,3988105.454,5667.2001953125,104.2699966430664,2462.39990234375,0.4166999816894531,144.47335815429688
2024-07-17,160.62,163.8,154.68,155.5,2840583.09,5588.27001953125,103.75,2454.800048828125,0.41459999084472654,144.47335815429688
2024-07-18,155.5,161.6,155.07,159.22,2584704.124,5544.58984375,104.16999816894531,2451.800048828125,0.4189000129699707,144.47335815429688
2024-07-19,159.22,172.42,156.07,169.13,4685513.24,5505.0,104.4000015258789,2395.5,0.4238999843597412,144.47335815429688
2024-07-20,169.12,175.1,167.27,173.6,2047796.046,5505.0,104.4000015258789,2395.5,0.4238999843597412,144.47335815429688
2024-07-21,173.6,185.17,170.27,184.49,3684536.411,5505.0,104.4000015258789,2395.5,0.4238999843597412,144.47335815429688
2024-07-22,184.49,185.0,176.71,178.9,3345609.525,5564.41015625,104.30999755859375,2392.0,0.4260000228881836,144.47335815429688
2024-07-23,178.9,180.54,169.72,173.03,3895827.332,5555.740234375,104.44999694824219,2404.60009765625,0.4238999843597412,144.47335815429688
2024-07-24,173.03,182.5,170.9,178.06,3845177.713,5427.1298828125,104.38999938964844,2413.300048828125,0.42859997749328616,144.47335815429688
2024-07-25,178.07,179.59,165.42,171.85,4859387.428,5399.22021484375,104.36000061035156,2351.89990234375,0.425600004196167,144.47335815429688
2024-07-26,171.86,185.01,171.69,183.06,3030603.246,5459.10009765625,104.31999969482422,2380.0,0.4199999809265137,144.47335815429688
2024-07-27,183.07,188.33,178.11,183.92,3518852.056,5459.10009765625,104.31999969482422,2380.0,0.4199999809265137,144.47335815429688
2024-07-28,183.92,186.77,181.16,184.9,1901473.957,5459.10009765625,104.31999969482422,2380.0,0.4199999809265137,144.47335815429688
2024-07-29,184.91,193.98,181.57,182.57,4024560.314,5463.5400390625,104.55999755859375,2377.300048828125,0.4177999973297119,144.47335815429688
2024-07-30,182.57,184.95,175.39,179.16,3074498.493,5436.43994140625,104.55000305175781,2405.0,0.41430001258850097,144.47335815429688
2024-07-31,179.16,185.1,171.61,171.71,3250862.527,5522.2998046875,104.0999984741211,2426.5,0.41090002059936526,144.47335815429688
2024-08-01,171.7,172.91,157.91,167.37,5523497.615,5446.68017578125,104.41999816894531,2435.0,0.39760000705718995,144.47335815429688
2024-08-02,167.37,169.43,150.0,152.77,5553017.934,5346.56005859375,103.20999908447266,2425.699951171875,0.37920000553131106,144.47335815429688
2024-08-03,152.78,154.05,140.0,142.52,5444954.693,5346.56005859375,103.20999908447266,2425.699951171875,0.37920000553131106,144.47335815429688
2024-08-04,142.53,146.08,131.22,138.33,7037715.285,5346.56005859375,103.20999908447266,2425.699951171875,0.37920000553131106,144.47335815429688
2024-08-05,138.32,139.37,110.0,129.78,24267557.819,5186.330078125,102.69000244140625,2401.699951171875,0.37850000858306887,144.47335815429688
2024-08-06,129.79,149.59,129.4,144.4,8362643.634,5240.02978515625,102.97000122070312,2389.10009765625,0.38880000114440916,144.47335815429688
2024-08-07,144.4,155.0,142.21,144.77,8372307.587,5199.5,103.19999694824219,2390.5,0.39679999351501466,144.47335815429688
2024-08-08,144.78,163.7,141.4,163.13,7303133.96,5319.31005859375,103.20999908447266,2422.199951171875,0.3996999979019165,144.47335815429688
2024-08-09,163.12,163.54,150.72,156.28,4098735.233,5344.16015625,103.13999938964844,2432.10009765625,0.3941999912261963,144.47335815429688
2024-08-10,156.29,158.75,152.54,154.01,1885839.233,5344.16015625,103.13999938964844,2432.10009765625,0.3941999912261963,144.47335815429688
2024-08-11,154.01,158.0,141.2,141.57,3468314.255,5344.16015625,103.13999938964844,2432.10009765625,0.3941999912261963,144.47335815429688
2024-08-12,141.56,150.79,141.2,146.29,4946945.239,5344.39013671875,103.13999938964844,2462.39990234375,0.3908999919891357,144.47335815429688
2024-08-13,146.29,149.82,142.92,146.65,2865655.423,5434.43017578125,102.55999755859375,2466.699951171875,0.3851999998092651,144.47335815429688
2024-08-14,146.65,152.18,142.36,143.71,3927148.647,5455.2099609375,102.56999969482422,2439.39990234375,0.3819999933242798,144.47335815429688
2024-08-15,143.7,147.64,137.78,142.58,4229038.816,5543.22021484375,102.9800033569336,2453.10009765625,0.39260001182556153,144.47335815429688
2024-08-16,142.58,144.88,136.1,139.04,4035320.605,5554.25,102.45999908447266,2498.60009765625,0.3891999959945679,144.47335815429688
2024-08-17,139.04,141.99,137.61,141.93,1561594.103,5554.25,102.45999908447266,2498.60009765625,0.3891999959945679,144.47335815429688
2024-08-18,141.92,147.31,140.56,142.42,2352046.743,5554.25,102.45999908447266,2498.60009765625,0.3891999959945679,144.47335815429688
2024-08-19,142.42,146.19,140.33,144.29,2940357.953,5608.25,101.88999938964844,2501.800048828125,0.3867000102996826,144.47335815429688
2024-08-20,144.28,148.83,141.0,142.27,3021467.596,5597.1201171875,101.44000244140625,2511.300048828125,0.3818000078201294,144.47335815429688
2024-08-21,142.27,144.42,138.7,142.79,2519581.859,5620.85009765625,101.04000091552734,2508.39990234375,0.3778000116348267,144.47335815429688
2024-08-22,142.78,144.88,140.63,143.22,1825402.718,5570.64013671875,101.51000213623047,2478.89990234375,0.3861999988555908,144.47335815429688
2024-08-23,143.23,154.08,142.68,153.26,3781090.162,5634.60986328125,100.72000122070312,2508.39990234375,0.3806999921798706,144.47335815429688
2024-08-24,153.27,162.3,151.97,160.67,3739086.949,5634.60986328125,100.72000122070312,2508.39990234375,0.3806999921798706,144.47335815429688
2024-08-25,160.67,162.0,155.25,158.92,2629083.703,5634.60986328125,100.72000122070312,2508.39990234375,0.3806999921798706,144.47335815429688
2024-08-26,158.92,162.0,155.53,157.12,3318398.041,5616.83984375,100.8499984741211,2517.699951171875,0.3818000078201294,144.47335815429688
2024-08-27,157.12,159.69,145.03,146.79,3650375.766,5625.7998046875,100.55000305175781,2516.0,0.38329999446868895,144.47335815429688
2024-08-28,146.78,149.3,140.53,143.95,4270867.034,5592.18017578125,101.08999633789062,2501.0,0.38410000801086425,144.47335815429688
2024-08-29,143.96,147.36,138.05,140.0,2921816.829,5591.9599609375,101.33999633789062,2525.699951171875,0.3867000102996826,144.47335815429688
2024-08-30,140.01,141.11,132.04,137.99,4038797.169,5648.39990234375,101.69999694824219,2493.800048828125,0.39110000133514405,144.47335815429688
2024-08-31,137.99,139.23,134.49,135.35,1230210.745,5648.39990234375,101.69999694824219,2493.800048828125,0.39110000133514405,144.47335815429688
2024-09-01,135.35,136.15,127.66,128.5,2928444.741,5648.39990234375,101.69999694824219,2493.800048828125,0.39110000133514405,144.47335815429688
2024-09-02,128.5,135.39,126.8,134.94,3146315.554,5648.39990234375,101.69999694824219,2493.800048828125,0.39110000133514405,144.47335815429688
2024-09-03,134.95,138.13,127.15,127.54,2627381.925,5528.93017578125,101.83000183105469,2489.89990234375,0.38440001010894775,144.47335815429688
2024-09-04,127.54,134.98,122.6,133.64,3814059.109,5520.06982421875,101.36000061035156,2493.39990234375,0.37679998874664306,144.47335815429688
2024-09-05,133.64,135.58,127.85,129.41,2762037.052,5503.41015625,101.11000061035156,2511.39990234375,0.37309999465942384,144.47335815429688
2024-09-06,129.4,134.29,120.0,125.05,5494252.37,5408.419921875,101.18000030517578,2493.5,0.3710000038146973,144.47335815429688
2024-09-07,125.05,129.5,124.13,127.71,2111596.965,5408.419921875,101.18000030517578,2493.5,0.3710000038146973,144.47335815429688
2024-09-08,127.72,131.7,126.61,130.15,1971919.866,5408.419921875,101.18000030517578,2493.5,0.3710000038146973,144.47335815429688
2024-09-09,130.15,137.09,126.96,135.08,3664956.878,5471.0498046875,101.55000305175781,2501.800048828125,0.3697000026702881,144.47335815429688
2024-09-10,135.07,138.0,132.5,135.63,2305171.22,5495.52001953125,101.62999725341797,2512.300048828125,0.36459999084472655,144.47335815429688
2024-09-11,135.64,135.91,128.2,132.42,3139383.418,5554.1298828125,101.68000030517578,2512.10009765625,0.36530001163482667,144.47335815429688
2024-09-12,132.43,136.78,132.38,136.05,2273359.309,5595.759765625,101.37000274658203,2551.199951171875,0.3680000066757202,144.47335815429688
2024-09-13,136.06,139.8,131.7,139.02,2714532.025,5626.02001953125,101.11000061035156,2581.300048828125,0.36500000953674316,144.47335815429688
2024-09-14,139.02,139.8,135.6,137.14,1396833.298,5626.02001953125,101.11000061035156,2581.300048828125,0.36500000953674316,144.47335815429688
2024-09-15,137.15,137.95,130.43,131.37,1850456.74,5626.02001953125,101.11000061035156,2581.300048828125,0.36500000953674316,144.47335815429688
2024-09-16,131.38,132.4,128.91,131.47,2136388.305,5633.08984375,100.76000213623047,2580.39990234375,0.3621000051498413,144.47335815429688
2024-09-17,131.47,135.55,130.12,131.54,2339845.911,5634.580078125,100.88999938964844,2564.300048828125,0.36419999599456787,144.47335815429688
2024-09-18,131.54,134.45,127.07,134.34,3309787.258,5618.259765625,100.5999984741211,2570.699951171875,0.3684999942779541,144.47335815429688
2024-09-19,134.34,144.04,134.27,142.89,4130435.35,5713.64013671875,100.61000061035156,2588.0,0.3740000009536743,144.47335815429688
2024-09-20,142.88,152.5,141.18,146.66,4488100.615,5702.5498046875,100.72000122070312,2619.89990234375,0.37279999256134033,144.47335815429688
2024-09-21,146.67,150.25,144.61,149.41,1916733.216,5702.5498046875,100.72000122070312,2619.89990234375,0.37279999256134033,144.47335815429688
2024-09-22,149.42,149.92,141.12,144.63,2165962.888,5702.5498046875,100.72000122070312,2619.89990234375,0.37279999256134033,144.47335815429688
2024-09-23,144.64,149.07,142.13,144.79,3226373.773,5718.56982421875,100.91999816894531,2626.5,0.37390000820159913,144.47335815429688
2024-09-24,144.79,154.0,143.09,152.73,4015502.931,5732.93017578125,100.37000274658203,2651.199951171875,0.3736000061035156,144.47335815429688
2024-09-25,152.74,153.93,147.28,147.98,2728253.346,5722.259765625,100.91999816894531,2659.199951171875,0.37809998989105226,144.47335815429688
2024-09-26,147.97,158.05,146.57,155.55,4251220.763,5745.3701171875,100.55999755859375,2669.89990234375,0.37909998893737795,144.47335815429688
2024-09-27,155.54,161.43,153.89,157.64,3725660.998,5738.169921875,100.41999816894531,2644.300048828125,0.3749000072479248,144.47335815429688
2024-09-28,157.63,159.43,155.0,156.75,1580834.341,5738.169921875,100.41999816894531,2644.300048828125,0.3749000072479248,144.47335815429688
2024-09-29,156.75,161.78,155.09,158.46,2350658.476,5738.169921875,100.41999816894531,2644.300048828125,0.3749000072479248,144.47335815429688
2024-09-30,158.47,159.77,151.73,152.49,3240682.206,5762.47998046875,100.77999877929688,2636.10009765625,0.3802000045776367,144.47335815429688
2024-10-01,152.51,157.34,142.29,145.13,4991241.419,5708.75,101.19000244140625,2667.300048828125,0.3743000030517578,144.47335815429688
2024-10-02,145.12,148.96,138.61,140.18,3817606.119,5709.5400390625,101.68000030517578,2647.10009765625,0.37850000858306887,144.47335815429688
2024-10-03,140.18,142.96,133.11,136.82,3742347.845,5699.93994140625,101.98999786376953,2657.10009765625,0.38499999046325684,144.47335815429688
2024-10-04,136.81,144.55,135.95,143.24,3120151.953,5751.06982421875,102.5199966430664,2645.800048828125,0.3980999946594238,144.47335815429688
2024-10-05,143.24,144.93,141.06,142.59,1475217.816,5751.06982421875,102.5199966430664,2645.800048828125,0.3980999946594238,144.47335815429688
2024-10-06,142.59,146.75,142.0,146.48,1409071.4,5751.06982421875,102.5199966430664,2645.800048828125,0.3980999946594238,144.47335815429688
2024-10-07,146.47,152.4,143.5,143.96,3607754.951,5695.93994140625,102.54000091552734,2644.800048828125,0.40260000228881837,144.47335815429688
2024-10-08,143.97,145.6,141.17,143.49,2153828.153,5751.1298828125,102.55000305175781,2615.0,0.40329999923706056,144.47335815429688
2024-10-09,143.5,145.34,138.66,139.33,2071518.061,5792.0400390625,102.93000030517578,2606.0,0.40669999122619627,144.47335815429688
2024-10-10,139.33,140.92,135.52,139.03,2289782.907,5780.0498046875,102.98999786376953,2620.60009765625,0.40960001945495605,144.47335815429688
2024-10-11,139.04,146.62,138.68,145.53,2269088.918,5815.02978515625,102.88999938964844,2657.60009765625,0.4072999954223633,144.47335815429688
2024-10-12,145.52,147.32,144.71,146.4,1347679.548,5815.02978515625,102.88999938964844,2657.60009765625,0.4072999954223633,144.47335815429688
2024-10-13,146.39,148.86,144.45,147.74,1599054.833,5815.02978515625,102.88999938964844,2657.60009765625,0.4072999954223633,144.47335815429688
2024-10-14,147.74,158.1,146.8,157.59,3987055.145,5859.85009765625,103.30000305175781,2647.800048828125,0.40980000495910646,144.47335815429688
2024-10-15,157.59,159.73,150.3,154.76,4480025.111,5815.259765625,103.26000213623047,2661.39990234375,0.40380001068115234,144.47335815429688
2024-10-16,154.76,158.41,153.0,154.28,2851816.35,5842.47021484375,103.58999633789062,2674.0,0.40159997940063474,144.47335815429688
2024-10-17,154.28,155.73,147.66,150.5,2664809.948,5841.47021484375,103.83000183105469,2691.0,0.40960001945495605,144.47335815429688
2024-10-18,150.5,156.65,149.56,154.94,1829394.118,5864.669921875,103.48999786376953,2713.699951171875,0.4072999954223633,144.47335815429688
2024-10-19,154.93,159.85,153.45,159.79,1724504.166,5864.669921875,103.48999786376953,2713.699951171875,0.4072999954223633,144.47335815429688
2024-10-20,159.79,167.94,157.58,167.4,3094698.825,5864.669921875,103.48999786376953,2713.699951171875,0.4072999954223633,144.47335815429688
2024-10-21,167.4,171.76,160.99,166.17,4807758.742,5853.97998046875,104.01000213623047,2723.10009765625,0.4182000160217285,144.47335815429688
2024-10-22,166.16,170.99,162.99,167.59,4115685.502,5851.2001953125,104.08000183105469,2744.199951171875,0.42039999961853025,144.47335815429688
2024-10-23,167.6,174.3,164.13,170.85,4509792.292,5797.419921875,104.43000030517578,2714.39990234375,0.42420001029968263,144.47335815429688
2024-10-24,170.86,179.3,170.5,177.19,3893052.12,5809.85986328125,104.05999755859375,2734.89990234375,0.4199999809265137,144.47335815429688
2024-10-25,177.19,177.6,159.12,164.9,5718307.066,5808.1201171875,104.26000213623047,2740.89990234375,0.423199987411499,144.47335815429688
2024-10-26,164.91,173.25,162.43,170.88,3010702.796,5808.1201171875,104.26000213623047,2740.89990234375,0.423199987411499,144.47335815429688
2024-10-27,170.87,178.27,170.26,176.63,2606131.771,5808.1201171875,104.26000213623047,2740.89990234375,0.423199987411499,144.47335815429688
2024-10-28,176.63,179.8,172.45,178.29,3877330.221,5823.52001953125,104.31999969482422,2742.89990234375,0.42779998779296874,144.47335815429688
2024-10-29,178.28,183.38,176.41,179.42,4046109.939,5832.919921875,104.27999877929688,2768.39990234375,0.427400016784668,144.47335815429688
2024-10-30,179.43,181.36,173.01,174.87,2893112.751,5813.669921875,103.98999786376953,2788.5,0.42659997940063477,144.47335815429688
2024-10-31,174.87,176.56,167.56,168.69,2661529.298,5705.4501953125,103.9800033569336,2738.300048828125,0.42839999198913575,144.47335815429688
2024-11-01,168.69,174.0,163.43,166.1,3325662.447,5728.7998046875,104.27999877929688,2738.60009765625,0.4361000061035156,144.47335815429688
2024-11-02,166.11,168.61,162.11,166.17,1603273.603,5728.7998046875,104.27999877929688,2738.60009765625,0.4361000061035156,144.47335815429688
2024-11-03,166.16,166.61,157.82,162.53,2745309.829,5728.7998046875,104.27999877929688,2738.60009765625,0.4361000061035156,144.47335815429688
2024-11-04,162.52,165.04,155.11,157.95,3019251.325,5712.68994140625,103.88999938964844,2736.10009765625,0.43090000152587893,144.47335815429688
2024-11-05,157.95,169.3,156.86,166.62,3438156.871,5782.759765625,103.41999816894531,2740.300048828125,0.42890000343322754,144.47335815429688
2024-11-06,166.63,190.01,166.4,186.59,10385235.992,5929.0400390625,105.08999633789062,2667.60009765625,0.4426000118255615,144.47335815429688
2024-11-07,186.59,197.84,185.84,196.35,4210329.82,5973.10009765625,104.51000213623047,2698.39990234375,0.43410000801086424,144.47335815429688
2024-11-08,196.36,205.0,195.64,199.85,5129244.188,5995.5400390625,105.0,2687.5,0.4306000232696533,144.47335815429688
2024-11-09,199.86,203.45,194.86,199.89,2833304.996,5995.5400390625,105.0,2687.5,0.4306000232696533,144.47335815429688
2024-11-10,199.89,215.27,198.68,210.07,7968628.23,5995.5400390625,105.0,2687.5,0.4306000232696533,144.47335815429688
2024-11-11,210.07,224.0,204.16,222.13,8935306.968,6001.35009765625,105.54000091552734,2611.199951171875,0.4308000087738037,144.47335815429688
2024-11-12,222.12,225.21,204.71,211.64,9001990.659,5983.990234375,106.0199966430664,2600.0,0.44320001602172854,144.47335815429688
2024-11-13,211.63,220.44,200.67,215.13,10834052.799,5985.3798828125,106.4800033569336,2580.800048828125,0.4451000213623047,144.47335815429688
2024-11-14,215.14,222.8,206.78,209.57,7458523.708,5949.169921875,106.66999816894531,2568.199951171875,0.44180002212524416,144.47335815429688
2024-11-15,209.57,220.5,204.48,218.45,5271091.924,5870.6201171875,106.69000244140625,2565.699951171875,0.4427999973297119,144.47335815429688
2024-11-16,218.44,221.99,213.35,215.71,4204469.3,5870.6201171875,106.69000244140625,2565.699951171875,0.4427999973297119,144.47335815429688
2024-11-17,215.72,242.33,212.1,237.47,8433424.204,5870.6201171875,106.69000244140625,2565.699951171875,0.4427999973297119,144.47335815429688
2024-11-18,237.47,248.44,234.01,239.79,7485850.361,5893.6201171875,106.27999877929688,2610.60009765625,0.44140000343322755,144.47335815429688
2024-11-19,239.79,247.5,233.4,237.63,5595613.402,5916.97998046875,106.20999908447266,2627.10009765625,0.4379000186920166,144.47335815429688
2024-11-20,237.64,242.54,230.37,235.48,5472203.476,5917.10986328125,106.68000030517578,2648.199951171875,0.44060001373291013,144.47335815429688
2024-11-21,235.48,259.8,229.6,256.37,8595939.994,5948.7099609375,106.97000122070312,2672.10009765625,0.44320001602172854,144.47335815429688
2024-11-22,256.38,264.39,251.47,256.9,5155181.905,5969.33984375,107.48999786376953,2709.89990234375,0.44099998474121094,144.47335815429688
2024-11-23,256.9,264.0,252.69,254.89,4836783.227,5969.33984375,107.48999786376953,2709.89990234375,0.44099998474121094,144.47335815429688
2024-11-24,254.9,259.78,240.93,252.73,3665245.812,5969.33984375,107.48999786376953,2709.89990234375,0.44099998474121094,144.47335815429688
2024-11-25,252.74,256.7,231.21,234.18,4699636.317,5987.3701171875,106.81999969482422,2616.800048828125,0.4264999866485596,144.47335815429688
2024-11-26,234.18,239.66,221.8,230.69,5012621.456,6021.6298828125,107.01000213623047,2620.300048828125,0.43020000457763674,144.47335815429688
2024-11-27,230.69,243.33,227.51,241.96,3807284.297,5998.740234375,106.08000183105469,2639.89990234375,0.42420001029968263,144.47335815429688
2024-11-28,241.96,245.28,232.8,237.59,2694033.06,5998.740234375,106.08000183105469,2639.89990234375,0.42420001029968263,144.47335815429688
2024-11-29,237.58,246.77,236.55,243.33,2890806.079,6032.3798828125,105.73999786376953,2657.0,0.4177999973297119,144.47335815429688
2024-11-30,243.33,245.4,237.5,237.6,2279256.816,6032.3798828125,105.73999786376953,2657.0,0.4177999973297119,144.47335815429688
2024-12-01,237.6,239.89,234.1,236.8,2435872.954,6032.3798828125,105.73999786376953,2657.0,0.4177999973297119,144.47335815429688
2024-12-02,236.79,238.2,220.0,225.72,5868060.275,6047.14990234375,106.44999694824219,2634.89990234375,0.4196000099182129,144.47335815429688
2024-12-03,225.73,239.6,215.0,233.92,6918604.728,6049.8798828125,106.37000274658203,2644.699951171875,0.42230000495910647,144.47335815429688
2024-12-04,233.92,241.0,224.67,229.15,4966864.205,6086.490234375,106.33999633789062,2653.800048828125,0.4179999828338623,144.47335815429688
2024-12-05,229.15,244.77,222.95,235.84,7391549.993,6075.10986328125,105.70999908447266,2626.60009765625,0.4179999828338623,144.47335815429688
2024-12-06,235.84,247.0,230.92,236.87,5136553.827,6090.27001953125,105.97000122070312,2638.60009765625,0.4151000022888184,144.47335815429688
2024-12-07,236.87,243.61,234.12,238.14,2933621.438,6090.27001953125,105.97000122070312,2638.60009765625,0.4151000022888184,144.47335815429688
2024-12-08,238.14,241.51,233.22,237.02,2222837.551,6090.27001953125,105.97000122070312,2638.60009765625,0.4151000022888184,144.47335815429688
2024-12-09,237.02,237.28,203.0,216.63,7391583.708,6052.85009765625,106.1500015258789,2664.89990234375,0.41989998817443847,144.47335815429688
2024-12-10,216.62,221.06,203.21,213.6,7018707.73,6034.91015625,106.4000015258789,2697.60009765625,0.42210001945495607,144.47335815429688
2024-12-11,213.6,230.65,211.51,227.29,4688484.808,6084.18994140625,106.70999908447266,2733.800048828125,0.42709999084472655,144.47335815429688
2024-12-12,227.29,234.69,225.67,226.96,3559104.067,6051.25,106.95999908447266,2687.5,0.4323999881744385,144.47335815429688
2024-12-13,226.95,228.44,220.6,224.79,2889526.771,6051.08984375,107.0,2656.0,0.43990001678466795,144.47335815429688
2024-12-14,224.79,227.51,215.13,219.93,2155654.471,6051.08984375,107.0,2656.0,0.43990001678466795,144.47335815429688
2024-12-15,219.94,225.5,215.68,224.27,2130908.009,6051.08984375,107.0,2656.0,0.43990001678466795,144.47335815429688
2024-12-16,224.26,227.56,213.26,216.19,3863409.201,6074.080078125,106.86000061035156,2651.39990234375,0.43969998359680174,144.47335815429688
2024-12-17,216.19,228.95,211.36,223.15,5177736.748,6050.60986328125,106.95999908447266,2644.39990234375,0.43850002288818357,144.47335815429688
2024-12-18,223.16,226.04,204.8,206.53,5565926.563,5872.16015625,108.02999877929688,2636.5,0.449399995803833,144.47335815429688
2024-12-19,206.53,212.14,187.0,193.81,7402649.886,5867.080078125,108.41000366210938,2592.199951171875,0.4570000171661377,144.47335815429688
2024-12-20,193.82,199.81,175.26,194.48,9793383.668,5930.85009765625,107.62000274658203,2628.699951171875,0.45240001678466796,144.47335815429688
2024-12-21,194.48,201.98,178.3,181.45,5243572.617,5930.85009765625,107.62000274658203,2628.699951171875,0.45240001678466796,144.47335815429688
2024-12-22,181.46,187.87,176.88,180.52,3573368.972,5930.85009765625,107.62000274658203,2628.699951171875,0.45240001678466796,144.47335815429688
2024-12-23,180.53,193.48,176.48,190.11,4217664.03,5974.06982421875,108.04000091552734,2612.300048828125,0.4598999977111816,144.47335815429688
2024-12-24,190.12,199.0,186.13,197.09,2709577.672,6040.0400390625,108.26000213623047,2620.0,0.45910000801086426,144.47335815429688
2024-12-25,197.09,201.85,195.0,197.44,1958644.487,6040.0400390625,108.26000213623047,2620.0,0.45910000801086426,144.47335815429688
2024-12-26,197.45,199.71,186.54,188.46,2045566.1,6037.58984375,108.12999725341797,2638.800048828125,0.4578999996185303,144.47335815429688
2024-12-27,188.46,194.39,182.74,184.22,1946509.645,5970.83984375,108.0,2617.199951171875,0.461899995803833,144.47335815429688
2024-12-28,184.22,196.1,183.82,195.5,1494847.867,5970.83984375,108.0,2617.199951171875,0.461899995803833,144.47335815429688
2024-12-29,195.5,197.71,188.57,189.94,1560190.019,5970.83984375,108.0,2617.199951171875,0.461899995803833,144.47335815429688
2024-12-30,189.94,196.47,185.89,191.38,2415985.488,5906.93994140625,108.12999725341797,2606.10009765625,0.4545000076293945,144.47335815429688
2024-12-31,191.37,199.27,188.04,189.31,2461978.262,5881.6298828125,108.48999786376953,2629.199951171875,0.45729999542236327,144.47335815429688
2025-01-01,189.31,195.33,188.0,194.28,1655160.102,5881.6298828125,108.48999786376953,2629.199951171875,0.45729999542236327,144.47335815429688
2025-01-02,194.28,210.48,193.43,208.31,3224923.982,5868.5498046875,109.38999938964844,2658.89990234375,0.45749998092651367,144.47335815429688
2025-01-03,208.3,219.83,205.63,217.99,3251086.556,5942.47021484375,108.94999694824219,2645.0,0.45960001945495604,144.47335815429688
2025-01-04,218.0,218.18,213.54,216.67,1943711.39,5942.47021484375,108.94999694824219,2645.0,0.45960001945495604,144.47335815429688
2025-01-05,216.67,219.05,211.46,213.41,2101040.545,5942.47021484375,108.94999694824219,2645.0,0.45960001945495604,144.47335815429688
2025-01-06,213.41,223.18,211.56,218.22,2855362.858,5975.3798828125,108.26000213623047,2638.39990234375,0.46180000305175783,144.47335815429688
2025-01-07,218.22,219.11,201.8,202.17,3742298.284,5909.02978515625,108.54000091552734,2656.699951171875,0.46830000877380373,144.47335815429688
2025-01-08,202.17,203.28,188.34,197.48,4446830.23,5918.25,109.08999633789062,2664.5,0.4692999839782715,144.47335815429688
2025-01-09,197.48,199.06,182.0,184.95,3607147.193,5918.25,109.18000030517578,2683.800048828125,0.4692999839782715,144.47335815429688
2025-01-10,184.96,193.02,183.51,187.68,3642892.082,5827.0400390625,109.6500015258789,2708.5,0.4776000022888184,144.47335815429688
2025-01-11,187.69,191.91,184.01,188.09,2204486.056,5827.0400390625,109.6500015258789,2708.5,0.4776000022888184,144.47335815429688
2025-01-12,188.09,191.0,185.17,188.51,1330917.135,5827.0400390625,109.6500015258789,2708.5,0.4776000022888184,144.47335815429688
2025-01-13,188.5,191.99,168.88,182.87,5669925.613,5836.22021484375,109.95999908447266,2673.5,0.4802999973297119,144.47335815429688
2025-01-14,182.86,190.11,181.88,187.57,2737355.064,5842.91015625,109.2699966430664,2677.5,0.47880001068115235,144.47335815429688
2025-01-15,187.57,206.04,185.84,205.86,3768610.58,5949.91015625,109.08999633789062,2712.5,0.46529998779296877,144.47335815429688
2025-01-16,205.86,217.14,198.47,211.14,5710255.657,5937.33984375,108.95999908447266,2746.39990234375,0.4605999946594238,144.47335815429688
2025-01-17,211.15,222.11,209.84,219.51,4384472.838,5996.66015625,109.3499984741211,2744.300048828125,0.46090002059936525,144.47335815429688
2025-01-18,219.52,270.67,217.29,261.97,19971981.58,5996.66015625,109.3499984741211,2744.300048828125,0.46090002059936525,144.47335815429688
2025-01-19,261.97,295.83,236.68,252.42,25051667.6,5996.66015625,109.3499984741211,2744.300048828125,0.46090002059936525,144.47335815429688
2025-01-20,252.4,273.29,229.44,242.19,16879575.561,5996.66015625,109.3499984741211,2744.300048828125,0.46090002059936525,144.47335815429688
2025-01-21,242.18,260.06,230.0,250.33,7882737.257,6049.240234375,108.05999755859375,2755.0,0.4573999881744385,144.47335815429688
2025-01-22,250.33,272.03,248.43,257.36,6223427.616,6086.3701171875,108.16999816894531,2767.60009765625,0.4598999977111816,144.47335815429688
2025-01-23,257.37,258.48,242.19,253.11,6802762.723,6118.7099609375,108.05000305175781,2763.10009765625,0.46380000114440917,144.47335815429688
2025-01-24,253.12,270.18,247.18,253.37,5214294.569,6101.240234375,107.44000244140625,2777.300048828125,0.4625999927520752,144.47335815429688
2025-01-25,253.36,260.78,246.33,256.41,3703989.301,6101.240234375,107.44000244140625,2777.300048828125,0.4625999927520752,144.47335815429688
2025-01-26,256.4,260.16,240.32,240.5,3028015.524,6101.240234375,107.44000244140625,2777.300048828125,0.4625999927520752,144.47335815429688
2025-01-27,240.49,242.68,220.89,234.89,8916620.842,6012.27978515625,107.33999633789062,2737.5,0.45279998779296876,144.47335815429688
2025-01-28,234.9,244.0,225.01,227.06,3483450.087,6067.7001953125,107.87000274658203,2766.800048828125,0.45510001182556153,144.47335815429688
2025-01-29,227.06,238.49,222.63,228.16,3844193.838,6039.31005859375,108.0,2769.10009765625,0.4554999828338623,144.47335815429688
2025-01-30,228.16,244.7,226.84,238.31,3341265.973,6071.169921875,107.80000305175781,2823.0,0.451200008392334,144.47335815429688
2025-01-31,238.3,241.82,228.24,231.77,2942165.567,6040.52978515625,108.37000274658203,2812.5,0.45689997673034666,144.47335815429688
2025-02-01,231.77,236.46,212.74,213.03,2849748.65,6040.52978515625,108.37000274658203,2812.5,0.45689997673034666,144.47335815429688
2025-02-02,213.03,218.9,192.31,203.51,7255500.333,6040.52978515625,108.37000274658203,2812.5,0.45689997673034666,144.47335815429688
2025-02-03,203.52,218.7,175.89,216.28,12836970.265,5994.56982421875,108.98999786376953,2833.89990234375,0.4543000221252441,144.47335815429688
2025-02-04,216.27,219.97,201.87,206.64,6024194.387,6037.8798828125,107.95999908447266,2853.300048828125,0.45130000114440916,144.47335815429688
2025-02-05,206.64,209.39,195.14,196.12,3154802.037,6061.47998046875,107.58000183105469,2871.60009765625,0.4421999931335449,144.47335815429688
2025-02-06,196.12,203.98,187.39,189.54,3444767.147,6083.56982421875,107.69000244140625,2856.0,0.4440000057220459,144.47335815429688
2025-02-07,189.53,203.42,188.12,191.99,3925596.773,6025.990234375,108.04000091552734,2867.300048828125,0.4486999988555908,144.47335815429688
2025-02-08,192.0,200.88,189.81,199.32,1967596.752,6025.990234375,108.04000091552734,2867.300048828125,0.4486999988555908,144.47335815429688
2025-02-09,199.32,207.37,193.53,200.47,2879138.46,6025.990234375,108.04000091552734,2867.300048828125,0.4486999988555908,144.47335815429688
2025-02-10,200.47,209.05,195.85,200.47,4040840.548,6066.43994140625,108.31999969482422,2914.300048828125,0.4493000030517578,144.47335815429688
2025-02-11,200.47,206.18,195.12,197.96,3930238.335,6068.5,107.95999908447266,2912.5,0.45370001792907716,144.47335815429688
2025-02-12,197.95,198.56,188.48,196.78,3898533.321,6051.97021484375,107.94000244140625,2909.0,0.463700008392334,144.47335815429688
2025-02-13,196.78,198.47,188.78,194.25,2427771.876,6115.06982421875,107.30999755859375,2925.89990234375,0.4525000095367432,144.47335815429688
2025-02-14,194.24,205.34,194.11,199.39,3727686.063,6114.6298828125,106.56999969482422,2883.60009765625,0.44720001220703126,144.47335815429688
2025-02-15,199.4,200.27,192.61,194.48,1633300.399,6114.6298828125,106.56999969482422,2883.60009765625,0.44720001220703126,144.47335815429688
2025-02-16,194.47,196.24,186.3,188.27,2009380.862,6114.6298828125,106.56999969482422,2883.60009765625,0.44720001220703126,144.47335815429688
2025-02-17,188.26,189.72,174.63,177.53,4287573.73,6114.6298828125,106.56999969482422,2883.60009765625,0.44720001220703126,144.47335815429688
2025-02-18,177.53,179.09,160.88,169.32,6319186.166,6129.580078125,107.05000305175781,2931.60009765625,0.45440001487731935,144.47335815429688
2025-02-19,169.32,174.3,163.75,168.93,3478319.262,6144.14990234375,107.16999816894531,2919.39990234375,0.45349998474121095,144.47335815429688
2025-02-20,168.94,176.65,167.66,176.0,2938753.335,6117.52001953125,106.33999633789062,2940.0,0.45,144.47335815429688
2025-02-21,176.0,180.52,167.15,168.94,4103682.857,6013.1298828125,106.61000061035156,2937.60009765625,0.4420000076293945,144.47335815429688
2025-02-22,168.94,174.68,168.07,172.07,1886813.457,6013.1298828125,106.61000061035156,2937.60009765625,0.4420000076293945,144.47335815429688
2025-02-23,172.07,173.07,166.42,167.94,1488310.759,6013.1298828125,106.61000061035156,2937.60009765625,0.4420000076293945,144.47335815429688
2025-02-24,167.94,169.69,138.0,141.81,7997237.915,5983.25,106.5999984741211,2947.89990234375,0.439300012588501,144.47335815429688
2025-02-25,141.81,147.09,131.91,144.33,11747010.145,5955.25,106.30999755859375,2904.5,0.42979998588562013,144.47335815429688
2025-02-26,144.33,145.19,130.65,135.32,5368401.059,5956.06005859375,106.41999816894531,2916.800048828125,0.4249000072479248,144.47335815429688
2025-02-27,135.33,142.9,134.71,137.68,4322990.459,5861.56982421875,107.23999786376953,2883.199951171875,0.4284999847412109,144.47335815429688
2025-02-28,137.68,148.72,125.55,148.18,10039960.613,5954.5,107.61000061035156,2836.800048828125,0.42309999465942383,144.47335815429688
2025-03-01,148.18,151.25,138.57,143.66,4151855.758,5954.5,107.61000061035156,2836.800048828125,0.42309999465942383,144.47335815429688
2025-03-02,143.66,179.85,140.04,178.71,13474639.846,5954.5,107.61000061035156,2836.800048828125,0.42309999465942383,144.47335815429688
2025-03-03,178.72,179.47,139.21,142.16,11096202.04,5849.72021484375,106.75,2890.199951171875,0.4179999828338623,144.47335815429688
2025-03-04,142.16,147.0,130.66,144.79,10389598.334,5778.14990234375,105.73999786376953,2909.60009765625,0.42100000381469727,144.47335815429688
2025-03-05,144.8,149.73,140.18,146.28,4895520.585,5842.6298828125,105.73999786376953,2915.300048828125,0.4264999866485596,144.47335815429688
2025-03-06,146.27,152.9,142.44,143.31,4451879.661,5738.52001953125,104.05999755859375,2916.60009765625,0.42859997749328616,144.47335815429688
2025-03-07,143.3,150.88,135.04,139.39,7267412.771,5770.2001953125,103.83999633789062,2904.699951171875,0.4316999912261963,144.47335815429688
2025-03-08,139.39,141.09,135.29,137.01,2135751.393,5770.2001953125,103.83999633789062,2904.699951171875,0.4316999912261963,144.47335815429688
2025-03-09,137.01,139.88,125.41,126.51,3909495.652,5770.2001953125,103.83999633789062,2904.699951171875,0.4316999912261963,144.47335815429688
2025-03-10,126.52,131.57,115.47,118.32,6654109.331,5614.56005859375,103.91000366210938,2891.0,0.42129998207092284,144.47335815429688
2025-03-11,118.32,128.43,112.0,125.35,6435277.863,5572.06982421875,103.44000244140625,2912.89990234375,0.42880001068115237,144.47335815429688
2025-03-12,125.35,131.33,121.22,126.62,4410502.14,5599.2998046875,103.61000061035156,2939.10009765625,0.43179998397827146,144.47335815429688
2025-03-13,126.61,128.76,120.76,123.37,2824584.961,5521.52001953125,103.83000183105469,2984.300048828125,0.427400016784668,144.47335815429688
2025-03-14,123.36,136.03,122.98,133.54,3607725.492,5638.93994140625,103.72000122070312,2994.5,0.4308000087738037,144.47335815429688
2025-03-15,133.53,136.53,132.44,135.86,1918077.49,5638.93994140625,103.72000122070312,2994.5,0.4308000087738037,144.47335815429688
2025-03-16,135.86,136.71,125.21,126.13,2764260.892,5638.93994140625,103.72000122070312,2994.5,0.4308000087738037,144.47335815429688
2025-03-17,126.13,130.64,125.55,128.01,2707611.094,5675.1201171875,103.37000274658203,3000.0,0.4306000232696533,144.47335815429688
2025-03-18,128.01,128.19,121.76,125.33,3181789.699,5614.66015625,103.23999786376953,3035.10009765625,0.4281000137329102,144.47335815429688
2025-03-19,125.33,136.08,124.2,135.33,4170497.991,5675.2900390625,103.43000030517578,3035.89990234375,0.425600004196167,144.47335815429688
2025-03-20,135.33,136.12,126.65,127.6,2593287.986,5662.89013671875,103.8499984741211,3040.0,0.42329998016357423,144.47335815429688
2025-03-21,127.6,130.18,124.81,128.48,2400422.348,5667.56005859375,104.08999633789062,3018.199951171875,0.4251999855041504,144.47335815429688
2025-03-22,128.47,131.84,127.8,128.51,1498168.196,5667.56005859375,104.08999633789062,3018.199951171875,0.4251999855041504,144.47335815429688
2025-03-23,128.5,134.06,128.21,132.84,1763485.986,5667.56005859375,104.08999633789062,3018.199951171875,0.4251999855041504,144.47335815429688
2025-03-24,132.85,144.96,132.04,141.01,4554131.645,5767.56982421875,104.26000213623047,3013.10009765625,0.43309998512268066,144.47335815429688
2025-03-25,141.01,147.48,138.17,143.64,3529958.67,5776.64990234375,104.18000030517578,3023.699951171875,0.4307000160217285,144.47335815429688
2025-03-26,143.64,145.49,135.89,137.34,3099523.287,5712.2001953125,104.55000305175781,3020.89990234375,0.43379998207092285,144.47335815429688
2025-03-27,137.35,140.22,135.63,138.43,2466162.683,5693.31005859375,104.06999969482422,3060.199951171875,0.436899995803833,144.47335815429688
2025-03-28,138.44,139.05,127.69,129.49,3892191.365,5580.93994140625,104.04000091552734,3086.5,0.4255000114440918,144.47335815429688
2025-03-29,129.5,130.54,122.68,124.58,2610065.515,5580.93994140625,104.04000091552734,3086.5,0.4255000114440918,144.47335815429688
2025-03-30,124.58,127.08,123.0,124.82,1743775.296,5580.93994140625,104.04000091552734,3086.5,0.4255000114440918,144.47335815429688
2025-03-31,124.83,127.81,122.75,124.54,3730628.853,5611.85009765625,104.20999908447266,3122.800048828125,0.4245999813079834,144.47335815429688
2025-04-01,124.53,130.55,123.74,126.67,3554277.848,5633.06982421875,104.26000213623047,3118.89990234375,0.41560001373291017,144.47335815429688
2025-04-02,126.68,136.21,117.0,117.42,6288908.68,5670.97021484375,103.80999755859375,3139.89990234375,0.4196000099182129,144.47335815429688
2025-04-03,117.42,120.94,112.24,117.17,5854867.278,5396.52001953125,102.06999969482422,3097.0,0.4054999828338623,144.47335815429688
2025-04-04,117.17,124.0,113.25,122.79,5721072.32,5074.080078125,103.0199966430664,3012.0,0.39849998950958254,144.47335815429688
2025-04-05,122.8,122.85,117.15,120.32,1784381.3,5074.080078125,103.0199966430664,3012.0,0.39849998950958254,144.47335815429688
2025-04-06,120.33,121.13,103.81,105.91,4934346.985,5074.080078125,103.0199966430664,3012.0,0.39849998950958254,144.47335815429688
2025-04-07,105.9,113.0,95.26,106.99,12630664.993,5062.25,103.26000213623047,2951.300048828125,0.41550002098083494,144.47335815429688
2025-04-08,106.98,112.58,102.96,105.4,5839129.782,4982.77001953125,102.95999908447266,2968.39990234375,0.42620000839233396,144.47335815429688
2025-04-09,105.4,121.0,101.26,119.05,9334586.139,5456.89990234375,102.9000015258789,3056.5,0.4400000095367432,144.47335815429688
2025-04-10,119.05,119.3,108.21,112.81,5566324.629,5268.0498046875,100.87000274658203,3155.199951171875,0.43940000534057616,144.47335815429688
2025-04-11,112.8,122.65,112.16,121.41,4344066.889,5363.35986328125,99.77999877929688,3222.199951171875,0.4493000030517578,144.47335815429688
2025-04-12,121.41,134.11,119.41,132.24,4620265.855,5363.35986328125,99.77999877929688,3222.199951171875,0.4493000030517578,144.47335815429688
2025-04-13,132.24,133.96,125.32,128.38,4054370.603,5363.35986328125,99.77999877929688,3222.199951171875,0.4493000030517578,144.47335815429688
2025-04-14,128.38,136.13,127.98,129.42,4150251.45,5405.97021484375,99.63999938964844,3204.800048828125,0.4363999843597412,144.47335815429688
2025-04-15,129.41,134.45,125.82,126.11,3431482.497,5396.6298828125,100.22000122070312,3218.699951171875,0.4322999954223633,144.47335815429688
2025-04-16,126.1,133.91,123.49,131.33,5320768.994,5275.7001953125,99.37999725341797,3326.60009765625,0.42789998054504397,144.47335815429688
2025-04-17,131.33,136.2,129.5,134.83,3817459.718,5282.7001953125,99.37999725341797,3308.699951171875,0.4333000183105469,144.47335815429688
2025-04-18,134.84,136.02,132.47,134.04,2556341.874,5282.7001953125,99.37999725341797,3308.699951171875,0.4333000183105469,144.47335815429688
2025-04-19,134.05,140.5,133.58,139.87,2816038.068,5282.7001953125,99.37999725341797,3308.699951171875,0.4333000183105469,144.47335815429688
2025-04-20,139.86,141.96,135.64,137.86,3498098.615,5282.7001953125,99.37999725341797,3308.699951171875,0.4333000183105469,144.47335815429688
2025-04-21,137.86,143.25,133.82,136.56,4657400.503,5158.2001953125,98.27999877929688,3406.199951171875,0.44050002098083496,144.47335815429688
2025-04-22,136.57,150.23,134.68,148.79,5078409.536,5287.759765625,98.91999816894531,3400.800048828125,0.4388999938964844,144.47335815429688
2025-04-23,148.78,154.21,147.13,151.1,4801378.47,5375.85986328125,99.83999633789062,3276.300048828125,0.438700008392334,144.47335815429688
2025-04-24,151.1,152.9,144.87,152.55,3535860.484,5484.77001953125,99.29000091552734,3332.0,0.4304999828338623,144.47335815429688
2025-04-25,152.55,157.0,149.87,150.82,4226767.973,5525.2099609375,99.47000122070312,3282.39990234375,0.42659997940063477,144.47335815429688
2025-04-26,150.82,153.17,147.75,149.21,1766805.88,5525.2099609375,99.47000122070312,3282.39990234375,0.42659997940063477,144.47335815429688
2025-04-27,149.22,150.41,145.51,147.98,1599977.891,5525.2099609375,99.47000122070312,3282.39990234375,0.42659997940063477,144.47335815429688
2025-04-28,147.97,153.4,144.63,147.84,3507950.445,5528.75,99.01000213623047,3332.5,0.4216000080108643,144.47335815429688
2025-04-29,147.84,150.39,145.0,146.31,2498992.492,5560.830078125,99.23999786376953,3318.800048828125,0.4172999858856201,144.47335815429688
2025-04-30,146.3,148.67,140.32,147.54,2780816.363,5569.06005859375,99.47000122070312,3305.0,0.41770000457763673,144.47335815429688
2025-05-01,147.54,153.99,147.54,150.85,3037281.454,5604.14013671875,100.25,3210.0,0.42309999465942383,144.47335815429688
2025-05-02,150.85,151.91,147.3,148.05,2216263.073,5686.669921875,100.0,3231.89990234375,0.4322000026702881,144.47335815429688
2025-05-03,148.04,149.05,145.82,146.71,1406583.56,5686.669921875,100.0,3231.89990234375,0.4322000026702881,144.47335815429688
2025-05-04,146.71,147.81,143.5,143.95,1613358.553,5686.669921875,100.0,3231.89990234375,0.4322000026702881,144.47335815429688
2025-05-05,143.94,147.73,142.5,146.72,2030995.801,5650.3798828125,99.83000183105469,3311.300048828125,0.43429999351501464,144.47335815429688
2025-05-06,146.72,147.23,141.41,146.88,2352310.935,5606.91015625,99.23999786376953,3411.39990234375,0.4308000087738037,144.47335815429688
2025-05-07,146.89,149.54,144.68,147.32,2440566.284,5631.27978515625,99.61000061035156,3381.39990234375,0.42750000953674316,144.47335815429688
2025-05-08,147.32,164.6,147.08,164.46,6040622.618,5663.93994140625,100.63999938964844,3296.60009765625,0.4373000144958496,144.47335815429688
2025-05-09,164.46,176.15,161.07,172.78,6318574.649,5659.91015625,100.33999633789062,3335.39990234375,0.4375,144.47335815429688
2025-05-10,172.77,178.98,168.72,177.89,3339701.179,5659.91015625,100.33999633789062,3335.39990234375,0.4375,144.47335815429688
2025-05-11,177.89,180.26,169.35,173.19,3210729.52,5659.91015625,100.33999633789062,3335.39990234375,0.4375,144.47335815429688
2025-05-12,173.2,181.46,168.31,174.22,6245732.977,5844.18994140625,101.79000091552734,3220.0,0.44569997787475585,144.47335815429688
2025-05-13,174.22,184.83,166.18,183.75,4587043.398,5886.5498046875,101.0,3240.300048828125,0.4499000072479248,144.47335815429688
2025-05-14,183.75,184.88,173.23,176.64,3619155.253,5892.580078125,101.04000091552734,3181.39990234375,0.45279998779296876,144.47335815429688
2025-05-15,176.63,178.33,166.7,169.16,3546037.724,5916.93017578125,100.87999725341797,3220.699951171875,0.44549999237060545,144.47335815429688
2025-05-16,169.16,174.21,166.36,167.4,2766386.671,5958.3798828125,101.08999633789062,3182.0,0.44409999847412107,144.47335815429688
2025-05-17,167.4,169.99,164.01,165.94,2262121.706,5958.3798828125,101.08999633789062,3182.0,0.44409999847412107,144.47335815429688
2025-05-18,165.94,176.77,164.54,173.3,3194610.936,5958.3798828125,101.08999633789062,3182.0,0.44409999847412107,144.47335815429688
2025-05-19,173.3,173.94,159.44,166.86,4076352.744,5963.60009765625,100.43000030517578,3228.89990234375,0.44749999046325684,144.47335815429688
2025-05-20,166.87,173.11,164.51,168.59,3135420.426,5940.4599609375,100.12000274658203,3280.300048828125,0.44809999465942385,144.47335815429688
2025-05-21,168.59,175.99,165.51,173.53,4400610.4,5844.60986328125,99.55999755859375,3309.300048828125,0.45960001945495604,144.47335815429688
2025-05-22,173.54,180.87,172.59,179.68,3608222.862,5842.009765625,99.95999908447266,3292.300048828125,0.45529999732971194,144.47335815429688
2025-05-23,179.68,187.71,173.23,174.01,6112910.776,5802.81982421875,99.11000061035156,3363.60009765625,0.4508999824523926,144.47335815429688
2025-05-24,174.0,178.33,172.5,175.87,2317965.021,5802.81982421875,99.11000061035156,3363.60009765625,0.4508999824523926,144.47335815429688
2025-05-25,175.87,176.88,169.14,175.74,2530363.859,5802.81982421875,99.11000061035156,3363.60009765625,0.4508999824523926,144.47335815429688
2025-05-26,175.75,179.02,173.48,174.91,2214724.796,5802.81982421875,98.93000030517578,3363.60009765625,0.4508999824523926,144.47335815429688
2025-05-27,174.92,179.41,171.24,176.71,2568509.368,5921.5400390625,99.5199966430664,3299.10009765625,0.4434000015258789,144.47335815429688
2025-05-28,176.72,177.45,168.92,172.21,2534660.877,5888.5498046875,99.87999725341797,3293.60009765625,0.44770002365112305,144.47335815429688
2025-05-29,172.22,175.34,165.96,166.71,2641789.968,5912.169921875,99.27999877929688,3317.10009765625,0.4423999786376953,144.47335815429688
2025-05-30,166.71,167.51,155.22,156.2,3770279.512,5911.68994140625,99.33000183105469,3288.89990234375,0.44159998893737795,144.47335815429688
2025-05-31,156.2,158.01,152.14,156.45,2352257.752,5911.68994140625,99.33000183105469,3288.89990234375,0.44159998893737795,144.47335815429688
2025-06-01,156.45,157.92,150.59,157.68,2042131.041,5911.68994140625,99.33000183105469,3288.89990234375,0.44159998893737795,144.47335815429688
2025-06-02,157.68,158.93,151.67,156.83,2502052.191,5935.93994140625,98.69999694824219,3370.60009765625,0.44619998931884763,144.47335815429688
2025-06-03,156.83,163.64,154.14,155.19,2849585.145,5970.3701171875,99.25,3350.199951171875,0.4460000038146973,144.47335815429688
2025-06-04,155.19,157.97,152.94,153.26,1990646.424,5970.81005859375,98.79000091552734,3373.5,0.43649997711181643,144.47335815429688
2025-06-05,153.27,154.61,141.53,144.29,4258041.075,5939.2998046875,98.73999786376953,3350.699951171875,0.43940000534057616,144.47335815429688
2025-06-06,144.28,152.39,144.11,147.83,2167791.114,6000.35986328125,99.19000244140625,3322.699951171875,0.4510000228881836,144.47335815429688
2025-06-07,147.82,152.84,146.84,150.06,1408204.615,6000.35986328125,99.19000244140625,3322.699951171875,0.4510000228881836,144.47335815429688
2025-06-08,150.07,155.3,147.88,152.45,1564000.366,6000.35986328125,99.19000244140625,3322.699951171875,0.4510000228881836,144.47335815429688
2025-06-09,152.45,161.73,149.58,161.16,3079728.265,6005.8798828125,98.94000244140625,3332.10009765625,0.448199987411499,144.47335815429688
2025-06-10,161.16,165.67,156.32,165.12,3589559.163,6038.81005859375,99.05000305175781,3320.89990234375,0.44739999771118166,144.47335815429688
2025-06-11,165.12,168.36,159.21,160.97,4019424.999,6022.240234375,98.62999725341797,3321.300048828125,0.44120001792907715,144.47335815429688
2025-06-12,160.98,161.28,152.02,152.32,2883476.685,6045.259765625,97.91999816894531,3380.89990234375,0.435699987411499,144.47335815429688
2025-06-13,152.32,152.59,140.21,148.6,5339782.783,5976.97021484375,98.18000030517578,3431.199951171875,0.4423999786376953,144.47335815429688
2025-06-14,148.6,148.7,141.97,144.64,1679994.751,5976.97021484375,98.18000030517578,3431.199951171875,0.4423999786376953,144.47335815429688
2025-06-15,144.65,153.54,144.22,152.97,2831999.616,5976.97021484375,98.18000030517578,3431.199951171875,0.4423999786376953,144.47335815429688
2025-06-16,152.97,158.8,150.3,150.72,3573196.785,6033.10986328125,98.0,3396.39990234375,0.44520001411437987,144.47335815429688
2025-06-17,150.73,154.33,145.61,147.57,3395648.859,5982.72021484375,98.81999969482422,3386.60009765625,0.439300012588501,144.47335815429688
2025-06-18,147.58,149.28,143.65,146.34,2800908.98,5980.8701171875,98.91000366210938,3389.800048828125,0.43969998359680174,144.47335815429688
2025-06-19,146.35,147.9,142.92,147.04,2285335.729,5980.8701171875,98.91000366210938,3389.800048828125,0.43969998359680174,144.47335815429688
2025-06-20,147.04,148.81,135.69,140.11,3393327.209,5967.83984375,98.70999908447266,3368.10009765625,0.4375,144.47335815429688
2025-06-21,140.11,142.6,130.9,135.43,2826424.143,5967.83984375,98.70999908447266,3368.10009765625,0.4375,144.47335815429688
2025-06-22,135.43,137.62,126.0,131.71,4252120.023,5967.83984375,98.70999908447266,3368.10009765625,0.4375,144.47335815429688
2025-06-23,131.71,146.92,130.68,144.51,4573147.667,6025.169921875,98.41999816894531,3377.699951171875,0.4320000171661377,144.47335815429688
2025-06-24,144.51,146.77,142.31,145.92,2741809.086,6092.18017578125,97.86000061035156,3317.39990234375,0.42930002212524415,144.47335815429688
2025-06-25,145.93,147.95,142.25,143.57,2233601.909,6092.16015625,97.68000030517578,3327.10009765625,0.42930002212524415,144.47335815429688
2025-06-26,143.57,148.0,138.62,139.06,2522507.942,6141.02001953125,97.1500015258789,3333.5,0.42529997825622556,144.47335815429688
2025-06-27,139.05,144.85,137.14,142.09,2471847.15,6173.06982421875,97.4000015258789,3273.699951171875,0.4282999992370605,144.47335815429688
2025-06-28,142.09,152.7,141.13,150.72,2657836.682,6173.06982421875,97.4000015258789,3273.699951171875,0.4282999992370605,144.47335815429688
2025-06-29,150.73,154.77,149.36,153.32,2150026.172,6173.06982421875,97.4000015258789,3273.699951171875,0.4282999992370605,144.47335815429688
2025-06-30,153.32,159.99,149.45,154.81,3871390.335,6204.9501953125,96.87999725341797,3294.39990234375,0.42300000190734866,144.47335815429688
2025-07-01,154.82,155.64,144.85,146.88,2770862.174,6198.009765625,96.81999969482422,3336.699951171875,0.4250999927520752,144.47335815429688
2025-07-02,146.87,154.47,145.85,152.27,2652574.279,6227.419921875,96.77999877929688,3348.0,0.42930002212524415,144.47335815429688
2025-07-03,152.28,156.35,149.86,152.36,2686218.205,6279.35009765625,97.18000030517578,3331.60009765625,0.4348000049591064,144.47335815429688
2025-07-04,152.35,153.88,145.22,147.7,2308086.736,6279.35009765625,97.18000030517578,3332.5,0.4348000049591064,144.47335815429688
2025-07-05,147.69,148.7,145.9,147.55,1173963.86,6279.35009765625,97.18000030517578,3332.5,0.4348000049591064,144.47335815429688
2025-07-06,147.55,153.89,146.78,151.86,2486859.718,6279.35009765625,97.18000030517578,3332.5,0.4348000049591064,144.47335815429688
2025-07-07,151.86,153.6,147.7,148.88,2174727.723,6229.97998046875,97.4800033569336,3332.199951171875,0.4394999980926514,144.47335815429688
2025-07-08,148.89,152.88,147.85,151.67,2712869.323,6225.52001953125,97.51000213623047,3307.0,0.4414999961853027,144.47335815429688
2025-07-09,151.68,157.93,150.53,157.05,2907219.748,6263.259765625,97.47000122070312,3311.60009765625,0.43420000076293946,144.47335815429688
2025-07-10,157.06,165.43,155.64,164.34,3428382.349,6280.4599609375,97.6500015258789,3317.39990234375,0.4346000194549561,144.47335815429688
2025-07-11,164.33,168.2,159.54,162.93,4354179.713,6259.75,97.8499984741211,3356.0,0.44229998588562014,144.47335815429688
2025-07-12,162.92,163.9,157.74,160.69,2043211.942,6259.75,97.8499984741211,3356.0,0.44229998588562014,144.47335815429688
2025-07-13,160.7,164.19,159.63,161.15,1929745.851,6259.75,97.8499984741211,3356.0,0.44229998588562014,144.47335815429688
2025-07-14,161.15,168.65,160.61,162.21,3973706.533,6268.56005859375,98.08000183105469,3351.5,0.4427000045776367,144.47335815429688
2025-07-15,162.21,164.26,157.23,163.98,3665295.753,6243.759765625,98.62000274658203,3329.800048828125,0.4488999843597412,144.47335815429688
2025-07-16,163.98,176.0,161.51,173.63,5020288.123,6263.7001953125,98.38999938964844,3352.5,0.44549999237060545,144.47335815429688
2025-07-17,173.62,178.19,168.71,175.87,4491555.727,6297.35986328125,98.7300033569336,3340.10009765625,0.44629998207092286,144.47335815429688
2025-07-18,175.88,184.67,173.24,177.28,5191853.168,6296.7900390625,98.4800033569336,3353.0,0.44320001602172854,144.47335815429688
2025-07-19,177.28,178.61,174.0,176.96,2059315.008,6296.7900390625,98.4800033569336,3353.0,0.44320001602172854,144.47335815429688
2025-07-20,176.97,183.66,176.33,181.43,3694854.915,6296.7900390625,98.4800033569336,3353.0,0.44320001602172854,144.47335815429688
2025-07-21,181.44,199.28,178.25,195.72,6495907.179,6305.60009765625,97.8499984741211,3401.89990234375,0.4372000217437744,144.47335815429688
2025-07-22,195.72,206.3,193.75,205.7,8635627.173,6309.6201171875,97.38999938964844,3439.199951171875,0.43359999656677245,144.47335815429688
2025-07-23,205.7,205.75,183.97,189.4,5548137.499,6358.91015625,97.20999908447266,3394.10009765625,0.4388000011444092,144.47335815429688
2025-07-24,189.4,191.87,179.21,182.87,5217064.871,6363.35009765625,97.37999725341797,3371.0,0.44079999923706054,144.47335815429688
2025-07-25,182.88,186.85,175.63,186.76,4481310.44,6388.64013671875,97.6500015258789,3334.0,0.4386000156402588,144.47335815429688
2025-07-26,186.75,189.78,184.29,184.88,1773453.875,6388.64013671875,97.6500015258789,3334.0,0.4386000156402588,144.47335815429688
2025-07-27,184.89,190.7,184.53,188.64,2233060.133,6388.64013671875,97.6500015258789,3334.0,0.4386000156402588,144.47335815429688
2025-07-28,188.64,195.26,182.16,183.11,4067872.127,6389.77001953125,98.66000366210938,3309.10009765625,0.4420000076293945,144.47335815429688
2025-07-29,183.1,186.68,178.3,181.48,2541912.036,6370.85986328125,98.91000366210938,3323.39990234375,0.4329999923706055,144.47335815429688
2025-07-30,181.47,182.56,170.29,177.77,3297250.187,6362.89990234375,99.94000244140625,3295.800048828125,0.4375999927520752,144.47335815429688
2025-07-31,177.77,182.7,171.44,172.22,2624841.783,6339.39013671875,100.02999877929688,3293.199951171875,0.43600001335144045,144.47335815429688
2025-08-01,172.22,172.26,159.2,162.71,4317529.315,6238.009765625,98.69000244140625,3347.699951171875,0.42199997901916503,144.47335815429688
2025-08-02,162.71,165.3,155.83,158.48,2208175.075,6238.009765625,98.69000244140625,3347.699951171875,0.42199997901916503,144.47335815429688
2025-08-03,158.49,163.14,156.28,161.97,2297909.311,6238.009765625,98.69000244140625,3347.699951171875,0.42199997901916503,144.47335815429688
2025-08-04,161.98,169.8,161.26,169.55,2688954.158,6329.93994140625,98.77999877929688,3374.39990234375,0.4199999809265137,144.47335815429688
2025-08-05,169.55,171.73,161.3,164.09,2554958.009,6299.18994140625,98.77999877929688,3381.89990234375,0.4196000099182129,144.47335815429688
2025-08-06,164.09,169.93,161.13,168.09,1797491.429,6345.06005859375,98.18000030517578,3380.0,0.42199997901916503,144.47335815429688
2025-08-07,168.1,175.51,166.7,175.36,3014662.995,6340.0,98.4000015258789,3400.300048828125,0.42439999580383303,144.47335815429688
2025-08-08,175.37,179.66,173.43,176.78,3678790.655,6389.4501953125,98.18000030517578,3439.10009765625,0.4284999847412109,144.47335815429688
2025-08-09,176.79,183.45,176.64,179.95,3325504.387,6389.4501953125,98.18000030517578,3439.10009765625,0.4284999847412109,144.47335815429688
2025-08-10,179.96,186.18,177.51,182.66,4197287.287,6389.4501953125,98.18000030517578,3439.10009765625,0.4284999847412109,144.47335815429688
2025-08-11,182.67,186.8,173.43,174.84,3960743.531,6373.4501953125,98.5199966430664,3353.10009765625,0.42729997634887695,144.47335815429688
2025-08-12,174.83,193.76,173.6,191.78,5074348.157,6445.759765625,98.0999984741211,3348.89990234375,0.42930002212524415,144.47335815429688
2025-08-13,191.77,204.96,191.48,201.51,7148726.279,6466.580078125,97.83999633789062,3358.699951171875,0.423799991607666,144.47335815429688
2025-08-14,201.51,209.86,186.68,192.47,8965607.314,6468.5400390625,98.25,3335.199951171875,0.42930002212524415,144.47335815429688
2025-08-15,192.46,198.07,183.3,185.72,4360287.396,6449.7998046875,97.8499984741211,3336.0,0.4328000068664551,144.47335815429688
2025-08-16,185.71,190.06,185.2,189.6,2099818.448,6449.7998046875,97.8499984741211,3336.0,0.4328000068664551,144.47335815429688
2025-08-17,189.61,195.89,187.35,190.99,2261555.556,6449.7998046875,97.8499984741211,3336.0,0.4328000068664551,144.47335815429688
2025-08-18,191.0,191.33,180.0,182.94,3374074.697,6449.14990234375,98.16999816894531,3331.699951171875,0.43410000801086424,144.47335815429688
2025-08-19,182.94,185.87,175.69,176.22,3260089.959,6411.3701171875,98.2699966430664,3313.39990234375,0.43020000457763674,144.47335815429688
2025-08-20,176.22,187.97,176.04,187.94,3464957.674,6395.77978515625,98.22000122070312,3343.39990234375,0.4296000003814697,144.47335815429688
2025-08-21,187.95,190.1,179.43,180.29,2914511.603,6370.169921875,98.62000274658203,3336.89990234375,0.4329999923706055,144.47335815429688
2025-08-22,180.3,202.4,177.27,200.69,6594118.389,6466.91015625,97.72000122070312,3374.39990234375,0.4260000228881836,144.47335815429688
2025-08-23,200.69,208.62,195.26,204.14,4788640.759,6466.91015625,97.72000122070312,3374.39990234375,0.4260000228881836,144.47335815429688
2025-08-24,204.15,211.99,201.09,205.98,7165649.238,6466.91015625,97.72000122070312,3374.39990234375,0.4260000228881836,144.47335815429688
2025-08-25,205.99,213.6,185.33,187.2,7953100.753,6439.31982421875,98.43000030517578,3373.800048828125,0.42750000953674316,144.47335815429688
2025-08-26,187.19,198.1,185.58,195.86,4734419.522,6465.93994140625,98.2300033569336,3388.60009765625,0.4257999897003174,144.47335815429688
2025-08-27,195.85,212.08,193.78,202.95,7835140.154,6481.39990234375,98.2300033569336,3404.60009765625,0.423799991607666,144.47335815429688
2025-08-28,202.95,216.89,201.72,214.43,7247306.546,6501.85986328125,97.80999755859375,3431.800048828125,0.4206999778747559,144.47335815429688
2025-08-29,214.43,218.0,199.85,205.08,8607486.597,6460.259765625,97.7699966430664,3473.699951171875,0.422700023651123,144.47335815429688
2025-08-30,205.09,207.06,197.52,202.7,3894576.115,6460.259765625,97.7699966430664,3473.699951171875,0.422700023651123,144.47335815429688
2025-08-31,202.7,206.66,200.28,200.62,3303223.948,6460.259765625,97.7699966430664,3473.699951171875,0.422700023651123,144.47335815429688
2025-09-01,200.62,204.58,194.19,197.32,4464767.773,6460.259765625,97.7699966430664,3473.699951171875,0.422700023651123,144.47335815429688
2025-09-02,197.32,209.68,196.77,209.65,4894637.549,6415.5400390625,98.4000015258789,3549.39990234375,0.42769999504089357,144.47335815429688
2025-09-03,209.64,213.02,207.42,210.77,4063191.683,6448.259765625,98.13999938964844,3593.199951171875,0.42109999656677244,144.47335815429688
2025-09-04,210.77,211.94,201.84,202.32,2726779.277,6502.080078125,98.3499984741211,3565.800048828125,0.4176000118255615,144.47335815429688
2025-09-05,202.32,210.0,200.95,203.36,4121395.255,6481.5,97.7699966430664,3613.199951171875,0.4085999965667725,144.47335815429688
2025-09-06,203.37,204.68,199.32,200.16,1481500.997,6481.5,97.7699966430664,3613.199951171875,0.4085999965667725,144.47335815429688
2025-09-07,200.17,207.95,200.12,206.35,2217510.763,6481.5,97.7699966430664,3613.199951171875,0.4085999965667725,144.47335815429688
2025-09-08,206.35,217.11,205.59,214.11,5729678.935,6495.14990234375,97.44999694824219,3638.10009765625,0.4046000003814697,144.47335815429688
2025-09-09,214.11,219.79,210.79,217.21,4979304.713,6512.60986328125,97.79000091552734,3643.300048828125,0.40739998817443845,144.47335815429688
2025-09-10,217.22,226.0,215.09,224.07,4824185.212,6532.0400390625,97.77999877929688,3643.60009765625,0.40320000648498533,144.47335815429688
2025-09-11,224.06,228.95,221.72,228.73,4352357.001,6587.47021484375,97.54000091552734,3636.89990234375,0.40110001564025877,144.47335815429688
2025-09-12,228.73,244.04,228.11,242.18,5891653.931,6584.2900390625,97.55000305175781,3649.39990234375,0.4060999870300293,144.47335815429688
2025-09-13,242.18,244.14,235.73,242.38,3305661.265,6584.2900390625,97.55000305175781,3649.39990234375,0.4060999870300293,144.47335815429688
2025-09-14,242.38,249.6,239.23,239.76,4165171.128,6584.2900390625,97.55000305175781,3649.39990234375,0.4060999870300293,144.47335815429688
2025-09-15,239.75,244.0,230.15,234.31,4733589.619,6615.27978515625,97.30000305175781,3682.199951171875,0.40339999198913573,144.47335815429688
2025-09-16,234.32,240.95,231.26,236.96,3181627.06,6606.759765625,96.62999725341797,3688.89990234375,0.40260000228881837,144.47335815429688
2025-09-17,236.96,246.62,232.23,244.84,4771529.493,6600.35009765625,96.87000274658203,3681.800048828125,0.40760002136230467,144.47335815429688
2025-09-18,244.84,253.51,242.58,247.5,3916890.908,6631.9599609375,97.3499984741211,3643.699951171875,0.4104000091552734,144.47335815429688
2025-09-19,247.5,248.57,235.12,238.53,3384985.698,6664.35986328125,97.63999938964844,3671.5,0.41389999389648435,144.47335815429688
2025-09-20,238.53,241.22,236.91,239.48,1550489.215,6664.35986328125,97.63999938964844,3671.5,0.41389999389648435,144.47335815429688
2025-09-21,239.48,241.82,235.32,236.16,1392437.976,6664.35986328125,97.63999938964844,3671.5,0.41389999389648435,144.47335815429688
2025-09-22,236.16,236.96,214.5,220.38,5836593.703,6693.75,97.33000183105469,3740.699951171875,0.41430001258850097,144.47335815429688
2025-09-23,220.39,221.71,212.34,213.3,3448908.468,6656.919921875,97.26000213623047,3780.60009765625,0.4119999885559082,144.47335815429688
2025-09-24,213.29,216.45,204.81,211.6,4427457.526,6637.97021484375,97.87000274658203,3732.10009765625,0.41469998359680177,144.47335815429688
2025-09-25,211.61,212.44,191.32,192.74,6761257.291,6604.72021484375,98.55000305175781,3736.89990234375,0.41719999313354494,144.47335815429688
2025-09-26,192.73,205.52,190.8,205.17,5623202.874,6643.7001953125,98.1500015258789,3775.300048828125,0.4186999797821045,144.47335815429688
2025-09-27,205.16,205.43,199.88,203.46,2104933.415,6643.7001953125,98.1500015258789,3775.300048828125,0.4186999797821045,144.47335815429688
2025-09-28,203.47,211.0,198.0,210.83,2194260.074,6643.7001953125,98.1500015258789,3775.300048828125,0.4186999797821045,144.47335815429688
2025-09-29,210.83,214.74,204.58,212.75,3213098.851,6661.2099609375,97.91000366210938,3820.89990234375,0.41409997940063475,144.47335815429688
2025-09-30,212.74,213.67,204.29,208.68,3264781.485,6688.4599609375,97.7699966430664,3840.800048828125,0.41479997634887694,144.47335815429688
2025-10-01,208.68,222.77,206.31,222.04,4050260.921,6711.2001953125,97.70999908447266,3867.5,0.4105999946594238,144.47335815429688
2025-10-02,222.04,234.99,219.52,234.74,4590696.388,6715.35009765625,97.8499984741211,3839.699951171875,0.40879998207092283,144.47335815429688
2025-10-03,234.74,237.0,227.13,232.84,4216611.614,6715.7900390625,97.72000122070312,3880.800048828125,0.411899995803833,144.47335815429688
2025-10-04,232.84,234.05,224.07,227.86,1841410.605,6715.7900390625,97.72000122070312,3880.800048828125,0.411899995803833,144.47335815429688
2025-10-05,227.86,237.22,226.45,228.56,3099633.526,6715.7900390625,97.72000122070312,3880.800048828125,0.411899995803833,144.47335815429688
2025-10-06,228.56,237.79,227.55,232.35,2981928.375,6740.27978515625,98.11000061035156,3948.5,0.4162000179290771,144.47335815429688
2025-10-07,232.35,235.21,219.7,219.97,4401045.757,6714.58984375,98.58000183105469,3976.60009765625,0.4126999855041504,144.47335815429688
2025-10-08,219.98,229.72,217.3,229.02,3103760.645,6753.72021484375,98.8499984741211,4043.300048828125,0.4129000186920166,144.47335815429688
2025-10-09,229.03,229.69,216.53,220.93,3272953.431,6735.10986328125,99.54000091552734,3946.300048828125,0.41479997634887694,144.47335815429688
2025-10-10,220.93,224.46,168.79,188.43,9622835.429,6552.509765625,98.9800033569336,3975.89990234375,0.40510001182556155,144.47335815429688
2025-10-11,188.43,191.05,172.58,177.62,7292387.248,6552.509765625,98.9800033569336,3975.89990234375,0.40510001182556155,144.47335815429688
2025-10-12,177.63,199.0,173.0,197.0,6486999.721,6552.509765625,98.9800033569336,3975.89990234375,0.40510001182556155,144.47335815429688
2025-10-13,196.99,209.28,190.02,208.69,6253161.511,6654.72021484375,99.2699966430664,4108.60009765625,0.40510001182556155,144.47335815429688
2025-10-14,208.69,211.25,191.03,202.44,7349167.875,6644.31005859375,99.05000305175781,4138.7001953125,0.40219998359680176,144.47335815429688
2025-10-15,202.45,208.91,192.04,193.84,5369155.439,6671.06005859375,98.79000091552734,4176.89990234375,0.4046000003814697,144.47335815429688
2025-10-16,193.84,198.42,182.03,184.85,5404640.663,6629.06982421875,98.38999938964844,4280.2001953125,0.39760000705718995,144.47335815429688
2025-10-17,184.84,187.55,174.06,181.96,6102908.877,6664.009765625,98.43000030517578,4189.89990234375,0.4006999969482422,144.47335815429688
2025-10-18,181.97,188.26,181.75,187.56,2105841.095,6664.009765625,98.43000030517578,4189.89990234375,0.4006999969482422,144.47335815429688
2025-10-19,187.55,192.29,183.19,187.86,2483964.6,6664.009765625,98.43000030517578,4189.89990234375,0.4006999969482422,144.47335815429688
2025-10-20,187.86,194.5,183.82,189.71,3178001.499,6735.1298828125,98.58999633789062,4336.39990234375,0.39860000610351565,144.47335815429688
2025-10-21,189.71,197.71,182.72,185.63,4651082.621,6735.35009765625,98.93000030517578,4087.699951171875,0.39630000591278075,144.47335815429688
2025-10-22,185.62,187.45,177.04,180.12,3977004.715,6699.39990234375,98.9000015258789,4044.39990234375,0.39530000686645506,144.47335815429688
2025-10-23,180.13,193.45,179.68,191.35,3501959.115,6738.43994140625,98.94000244140625,4125.5,0.3990999937057495,144.47335815429688
2025-10-24,191.36,197.0,188.83,193.59,3356762.626,6791.68994140625,98.94999694824219,4118.39990234375,0.3996999979019165,144.47335815429688
2025-10-25,193.58,195.25,191.19,193.84,1626838.938,6791.68994140625,98.94999694824219,4118.39990234375,0.3996999979019165,144.47335815429688
2025-10-26,193.84,202.43,191.9,200.03,2577750.13,6791.68994140625,98.94999694824219,4118.39990234375,0.3996999979019165,144.47335815429688
2025-10-27,200.03,205.33,197.34,198.7,3515609.387,6875.16015625,98.77999877929688,4001.89990234375,0.3996999979019165,144.47335815429688
2025-10-28,198.71,203.99,190.22,194.15,4329169.961,6890.89013671875,98.69000244140625,3966.199951171875,0.39830000400543214,144.47335815429688
2025-10-29,194.16,201.7,189.37,193.88,4620887.829,6890.58984375,99.22000122070312,3983.699951171875,0.40580000877380373,144.47335815429688
2025-10-30,193.89,198.19,178.65,184.69,5054538.263,6822.33984375,99.52999877929688,4001.300048828125,0.40929999351501467,144.47335815429688
2025-10-31,184.69,190.26,183.7,187.21,3193393.84,6840.2001953125,99.80000305175781,3982.199951171875,0.41009998321533203,144.47335815429688
2025-11-01,187.21,187.55,183.79,186.35,1484505.22,6840.2001953125,99.80000305175781,3982.199951171875,0.41009998321533203,144.47335815429688
2025-11-02,186.35,188.34,182.0,187.71,1761297.557,6840.2001953125,99.80000305175781,3982.199951171875,0.41009998321533203,144.47335815429688
2025-11-03,187.71,189.13,163.15,166.06,7327613.063,6851.97021484375,99.87000274658203,4000.300048828125,0.4105999946594238,144.47335815429688
2025-11-04,166.06,168.42,145.85,155.03,8288577.565,6771.5498046875,100.22000122070312,3947.699951171875,0.40890002250671387,144.47335815429688
2025-11-05,155.04,163.97,147.29,162.37,4650531.688,6796.2900390625,100.19999694824219,3980.300048828125,0.41570000648498534,144.47335815429688
2025-11-06,162.37,162.91,153.45,155.28,3576753.327,6720.31982421875,99.7300033569336,3979.89990234375,0.40929999351501467,144.47335815429688
2025-11-07,155.27,164.48,149.82,161.79,4213077.972,6728.7998046875,99.5999984741211,3999.39990234375,0.40929999351501467,144.47335815429688
2025-11-08,161.8,164.89,155.8,158.02,2502927.24,6728.7998046875,99.5999984741211,3999.39990234375,0.40929999351501467,144.47335815429688
2025-11-09,158.01,166.57,155.11,164.53,3231789.575,6728.7998046875,99.5999984741211,3999.39990234375,0.40929999351501467,144.47335815429688
2025-11-10,164.53,170.48,163.42,167.31,3628961.126,6832.43017578125,99.62000274658203,4111.7998046875,0.41100001335144043,144.47335815429688
2025-11-11,167.31,171.94,153.93,154.63,4702104.213,6846.60986328125,99.45999908447266,4106.7998046875,0.4119999885559082,144.47335815429688
2025-11-12,154.63,161.14,151.2,153.42,4139205.467,6850.919921875,99.4800033569336,4204.39990234375,0.4065000057220459,144.47335815429688
2025-11-13,153.43,157.2,141.04,144.73,5418189.697,6737.490234375,99.18000030517578,4186.89990234375,0.41119999885559083,144.47335815429688
2025-11-14,144.74,145.68,135.76,138.92,6176425.147,6734.10986328125,99.2699966430664,4087.60009765625,0.41479997634887694,144.47335815429688
2025-11-15,138.93,144.69,138.61,139.61,2351478.022,6734.10986328125,99.2699966430664,4087.60009765625,0.41479997634887694,144.47335815429688
2025-11-16,139.6,143.38,134.42,137.17,3385434.284,6734.10986328125,99.2699966430664,4087.60009765625,0.41479997634887694,144.47335815429688
2025-11-17,137.17,143.28,128.82,130.99,5624720.775,6672.41015625,99.58999633789062,4068.300048828125,0.4132999897003174,144.47335815429688
2025-11-18,131.0,142.17,129.0,140.69,5528848.81,6617.31982421875,99.55000305175781,4061.300048828125,0.41230001449584963,144.47335815429688
2025-11-19,140.68,142.84,130.53,137.06,4268467.044,6642.16015625,100.2300033569336,4077.699951171875,0.4132999897003174,144.47335815429688
2025-11-20,137.06,144.8,131.11,133.67,7048254.224,6538.759765625,100.16000366210938,4056.5,0.4105999946594238,144.47335815429688
2025-11-21,133.67,135.06,121.66,128.68,8285885.693,6602.990234375,100.18000030517578,4076.699951171875,0.4063000202178955,144.47335815429688
2025-11-22,128.69,129.94,125.08,127.59,2612487.859,6602.990234375,100.18000030517578,4076.699951171875,0.4063000202178955,144.47335815429688
2025-11-23,127.6,133.54,127.56,130.58,2818715.19,6602.990234375,100.18000030517578,4076.699951171875,0.4063000202178955,144.47335815429688
2025-11-24,130.58,139.87,128.44,138.44,4744857.046,6705.1201171875,100.13999938964844,4091.89990234375,0.40380001068115234,144.47335815429688
2025-11-25,138.43,140.5,133.13,138.96,2994819.853,6765.8798828125,99.66000366210938,4139.2001953125,0.40019998550415037,144.47335815429688
2025-11-26,138.96,144.75,135.5,143.02,4021862.67,6812.60986328125,99.5999984741211,4165.2001953125,0.3997999906539917,144.47335815429688
2025-11-27,143.01,144.29,140.47,140.85,2331673.189,6812.60986328125,99.5999984741211,4165.2001953125,0.3997999906539917,144.47335815429688
2025-11-28,140.85,143.6,136.01,137.33,3502510.031,6849.08984375,99.45999908447266,4218.2998046875,0.4017000198364258,144.47335815429688
2025-11-29,137.33,138.1,134.76,135.91,1859321.171,6849.08984375,99.45999908447266,4218.2998046875,0.4017000198364258,144.47335815429688
2025-11-30,135.92,140.19,133.26,133.48,2608165.329,6849.08984375,99.45999908447266,4218.2998046875,0.4017000198364258,144.47335815429688
2025-12-01,133.48,133.74,123.11,126.66,5007504.057,6812.6298828125,99.41000366210938,4239.2998046875,0.40960001945495605,144.47335815429688
2025-12-02,126.66,140.88,126.01,138.68,5022856.747,6829.3701171875,99.36000061035156,4186.60009765625,0.4085999965667725,144.47335815429688
2025-12-03,138.67,146.08,137.76,144.67,3954144.805,6849.72021484375,98.8499984741211,4199.2998046875,0.4057000160217285,144.47335815429688
2025-12-04,144.67,146.91,137.8,139.01,2694242.241,6857.1201171875,98.98999786376953,4211.7998046875,0.4107999801635742,144.47335815429688
2025-12-05,139.01,140.75,130.73,133.29,3367359.143,6870.39990234375,98.98999786376953,4212.89990234375,0.41389999389648435,144.47335815429688
2025-12-06,133.29,134.13,131.28,132.19,1341595.431,6870.39990234375,98.98999786376953,4212.89990234375,0.41389999389648435,144.47335815429688
2025-12-07,132.2,136.35,127.7,132.24,3131804.491,6870.39990234375,98.98999786376953,4212.89990234375,0.41389999389648435,144.47335815429688
2025-12-08,132.25,139.36,131.52,133.25,3245115.426,6846.509765625,99.08999633789062,4187.2001953125,0.41719999313354494,144.47335815429688
2025-12-09,133.24,144.93,131.62,137.88,4508522.034,6840.509765625,99.22000122070312,4206.7001953125,0.4185999870300293,144.47335815429688
2025-12-10,137.87,142.57,135.39,136.26,4520230.276,6886.68017578125,98.79000091552734,4196.39990234375,0.41640000343322753,144.47335815429688
2025-12-11,136.26,137.79,129.0,136.41,4377697.036,6901.0,98.3499984741211,4285.5,0.41409997940063475,144.47335815429688
2025-12-12,136.41,140.12,130.35,132.27,4005608.262,6827.41015625,98.4000015258789,4300.10009765625,0.4193999767303467,144.47335815429688
2025-12-13,132.28,134.28,131.6,133.14,1472483.735,6827.41015625,98.4000015258789,4300.10009765625,0.4193999767303467,144.47335815429688
2025-12-14,133.13,133.66,127.98,129.4,1731614.637,6827.41015625,98.4000015258789,4300.10009765625,0.4193999767303467,144.47335815429688
2025-12-15,129.39,135.43,123.63,127.81,3922431.0,6816.509765625,98.1500015258789,4306.7001953125,0.4182000160217285,144.47335815429688
2025-12-16,127.81,130.14,124.87,129.15,2884783.998,6800.259765625,98.1500015258789,4304.5,0.414900016784668,144.47335815429688
2025-12-17,129.15,133.99,121.36,123.27,4525580.216,6721.43017578125,98.37000274658203,4347.5,0.4151000022888184,144.47335815429688
2025-12-18,123.28,129.05,116.88,119.6,4790795.008,6774.759765625,98.43000030517578,4339.5,0.41160001754760744,144.47335815429688
2025-12-19,119.6,127.87,117.61,126.27,4090548.592,6834.5,98.5999984741211,4361.39990234375,0.4151000022888184,144.47335815429688
2025-12-20,126.27,126.89,125.3,125.81,1229353.586,6834.5,98.5999984741211,4361.39990234375,0.4151000022888184,144.47335815429688
2025-12-21,125.8,126.62,123.4,126.03,1812103.189,6834.5,98.5999984741211,4361.39990234375,0.4151000022888184,144.47335815429688
2025-12-22,126.03,128.78,124.2,125.93,2667589.146,6878.490234375,98.29000091552734,4444.60009765625,0.4169000148773193,144.47335815429688
2025-12-23,125.93,126.93,122.16,124.01,2440030.872,6909.7900390625,97.94000244140625,4482.7998046875,0.4169000148773193,144.47335815429688
2025-12-24,124.02,124.3,120.63,122.53,1605450.498,6932.0498046875,97.9800033569336,4480.60009765625,0.4136000156402588,144.47335815429688
2025-12-25,122.52,124.46,119.71,120.06,1818325.148,6932.0498046875,97.9800033569336,4480.60009765625,0.4136000156402588,144.47335815429688
2025-12-26,120.05,125.14,119.24,122.26,3326516.562,6929.93994140625,98.0199966430664,4529.10009765625,0.4136000156402588,144.47335815429688
2025-12-27,122.27,125.08,121.86,124.73,1357802.112,6929.93994140625,98.0199966430664,4529.10009765625,0.4136000156402588,144.47335815429688
2025-12-28,124.74,125.64,123.08,125.27,1828960.451,6929.93994140625,98.0199966430664,4529.10009765625,0.4136000156402588,144.47335815429688
2025-12-29,125.27,130.16,122.36,123.28,4307595.105,6905.740234375,98.04000091552734,4325.10009765625,0.41160001754760744,144.47335815429688
2025-12-30,123.28,126.52,122.58,125.01,2480631.516,6896.240234375,98.23999786376953,4370.10009765625,0.4130000114440918,144.47335815429688
2025-12-31,125.02,132.75,122.99,124.65,2941643.658,6845.5,98.27999877929688,4325.60009765625,0.41630001068115235,144.47335815429688
2026-01-01,124.64,127.25,124.15,126.9,1733664.978,6845.5,98.27999877929688,4325.60009765625,0.41630001068115235,144.47335815429688
2026-01-02,126.91,133.25,125.84,132.29,2924227.372,6858.47021484375,98.41999816894531,4314.39990234375,0.4186999797821045,144.47335815429688
2026-01-03,132.28,133.99,129.6,133.37,1520623.499,6858.47021484375,98.41999816894531,4314.39990234375,0.4186999797821045,144.47335815429688
2026-01-04,133.37,135.54,133.12,134.12,1809269.113,6858.47021484375,98.41999816894531,4314.39990234375,0.4186999797821045,144.47335815429688
2026-01-05,134.12,139.87,133.18,137.9,3327567.484,6902.0498046875,98.2699966430664,4436.89990234375,0.41649999618530276,144.47335815429688
2026-01-06,137.91,143.48,136.19,141.08,3771795.117,6944.81982421875,98.58000183105469,4482.2001953125,0.41789999008178713,144.47335815429688
2026-01-07,141.08,141.4,134.41,136.39,2321642.178,6920.93017578125,98.68000030517578,4449.2998046875,0.4138000011444092,144.47335815429688
2026-01-08,136.39,140.07,132.67,138.37,3113437.835,6921.4599609375,98.93000030517578,4449.7001953125,0.4183000087738037,144.47335815429688
2026-01-09,138.37,141.17,134.98,135.97,3778547.996,6966.27978515625,99.12999725341797,4490.2998046875,0.4171000003814697,144.47335815429688
2026-01-10,135.96,137.05,135.37,135.84,1000837.004,6966.27978515625,99.12999725341797,4490.2998046875,0.4171000003814697,144.47335815429688
2026-01-11,135.85,141.6,135.75,139.7,2209913.206,6966.27978515625,99.12999725341797,4490.2998046875,0.4171000003814697,144.47335815429688
2026-01-12,139.69,144.4,138.34,139.22,4160120.091,6977.27001953125,98.86000061035156,4604.2998046875,0.4186999797821045,144.47335815429688
2026-01-13,139.21,148.74,137.82,145.51,4195082.468,6963.740234375,99.12999725341797,4589.2001953125,0.4171000003814697,144.47335815429688
2026-01-14,145.52,148.44,143.37,146.69,3695077.378,6926.60009765625,99.12999725341797,4626.2998046875,0.4139999866485596,144.47335815429688
2026-01-15,146.7,146.73,140.9,142.4,2462143.139,6944.47021484375,99.31999969482422,4616.2998046875,0.4159999847412109,144.47335815429688
2026-01-16,142.41,145.55,140.26,144.89,1900879.026,6940.009765625,99.38999938964844,4588.39990234375,0.42309999465942383,144.47335815429688
2026-01-17,144.9,144.99,143.32,143.72,835154.761,6940.009765625,99.38999938964844,4588.39990234375,0.42309999465942383,144.47335815429688
2026-01-18,143.73,144.0,137.74,137.87,1877438.698,6940.009765625,99.38999938964844,4588.39990234375,0.42309999465942383,144.47335815429688
2026-01-19,137.87,137.87,130.0,133.44,2972524.77,6940.009765625,99.38999938964844,4588.39990234375,0.42309999465942383,144.47335815429688
2026-01-20,133.44,134.63,124.68,125.8,3532423.88,6796.85986328125,98.63999938964844,4759.60009765625,0.42950000762939455,144.47335815429688
2026-01-21,125.81,132.17,125.26,129.54,3161736.36,6875.6201171875,98.76000213623047,4831.7998046875,0.42529997825622556,144.47335815429688
2026-01-22,129.53,130.94,126.73,128.47,1811586.462,6913.35009765625,98.36000061035156,4908.7998046875,0.4249000072479248,144.47335815429688
2026-01-23,128.47,130.2,125.28,127.43,2044063.077,6915.60986328125,97.5999984741211,4976.2001953125,0.4238999843597412,144.47335815429688
2026-01-24,127.43,128.12,126.64,127.21,807419.995,6915.60986328125,97.5999984741211,4976.2001953125,0.4238999843597412,144.47335815429688
2026-01-25,127.22,127.46,117.15,118.85,4540879.449,6915.60986328125,97.5999984741211,4976.2001953125,0.4238999843597412,144.47335815429688
2026-01-26,118.85,125.6,118.53,124.24,2355751.363,6950.22998046875,97.04000091552734,5079.7001953125,0.42129998207092284,144.47335815429688
2026-01-27,124.24,127.84,123.12,127.19,2036509.042,6978.60009765625,96.22000122070312,5079.89990234375,0.42230000495910647,144.47335815429688
2026-01-28,127.18,128.34,124.78,125.35,1997863.528,6978.02978515625,96.44999694824219,5301.60009765625,0.4250999927520752,144.47335815429688
2026-01-29,125.34,125.51,115.39,117.82,3730613.473,6969.009765625,96.27999877929688,5318.39990234375,0.422700023651123,144.47335815429688
2026-01-30,117.82,119.12,112.14,117.59,4761006.742,6939.02978515625,96.98999786376953,4713.89990234375,0.4241000175476074,144.47335815429688
2026-01-31,117.6,118.85,96.4,105.58,8567398.326,6939.02978515625,96.98999786376953,4713.89990234375,0.4241000175476074,144.47335815429688
2026-02-01,105.58,106.69,98.02,100.79,4204256.051,6939.02978515625,96.98999786376953,4713.89990234375,0.4241000175476074,144.47335815429688
2026-02-02,100.78,106.12,95.95,104.55,5574032.681,6976.43994140625,97.61000061035156,4622.5,0.42750000953674316,144.47335815429688
2026-02-03,104.54,105.1,96.64,97.89,4514018.115,6917.81005859375,97.44000244140625,4903.7001953125,0.427400016784668,144.47335815429688
2026-02-04,97.89,99.67,89.3,92.12,6251459.371,6882.72021484375,97.62000274658203,4920.39990234375,0.42750000953674316,144.47335815429688
2026-02-05,92.11,93.43,77.6,78.35,10243355.48,6798.39990234375,97.81999969482422,4861.39990234375,0.42100000381469727,144.47335815429688
2026-02-06,78.34,89.84,67.5,87.46,11811095.766,6932.2998046875,97.62999725341797,4951.2001953125,0.42059998512268065,144.47335815429688
2026-02-07,87.45,89.2,84.16,87.59,4486649.48,6932.2998046875,97.62999725341797,4951.2001953125,0.42059998512268065,144.47335815429688
2026-02-08,87.59,89.08,85.77,86.99,2534998.683,6932.2998046875,97.62999725341797,4951.2001953125,0.42059998512268065,144.47335815429688
2026-02-09,86.99,88.69,82.86,86.77,3667652.416,6964.81982421875,96.81999969482422,5050.89990234375,0.4197999954223633,144.47335815429688
2026-02-10,86.77,87.49,81.91,82.99,2975212.105,6941.81005859375,96.80000305175781,5003.7998046875,0.41469998359680177,144.47335815429688
2026-02-11,82.99,84.39,78.04,79.3,3814913.32,6941.47021484375,96.83000183105469,5071.60009765625,0.41719999313354494,144.47335815429688
2026-02-12,79.31,82.25,76.6,78.4,3196230.117,6832.759765625,96.93000030517578,4923.7001953125,0.4104000091552734,144.47335815429688
2026-02-13,78.39,85.63,77.53,84.33,3370390.272,6836.169921875,96.87999725341797,5022.0,0.40560002326965333,144.47335815429688
2026-02-14,84.34,88.9,84.21,88.06,2698607.215,6836.169921875,96.87999725341797,5022.0,0.40560002326965333,144.47335815429688
2026-02-15,88.06,91.26,84.89,86.16,3929085.4,6836.169921875,96.87999725341797,5022.0,0.40560002326965333,144.47335815429688
2026-02-16,86.15,86.93,82.55,86.45,3559751.811,6836.169921875,96.87999725341797,5022.0,0.40560002326965333,144.47335815429688
2026-02-17,86.45,87.69,82.92,85.08,2774655.865,6843.22021484375,97.16000366210938,4882.89990234375,0.4052000045776367,144.47335815429688
2026-02-18,85.09,86.09,80.48,81.61,3137603.97,6881.31005859375,97.69999694824219,4986.5,0.4078999996185303,144.47335815429688
2026-02-19,81.61,82.67,79.61,82.5,2848277.49,6861.89013671875,97.93000030517578,4975.89990234375,0.4074999809265137,144.47335815429688
2026-02-20,82.5,85.49,81.77,84.67,3754556.759,6909.509765625,97.80000305175781,5059.2998046875,0.4085999965667725,144.47335815429688
2026-02-21,84.68,86.72,83.97,85.17,1780748.862,6909.509765625,97.80000305175781,5059.2998046875,0.4085999965667725,144.47335815429688
2026-02-22,85.17,85.6,82.48,82.79,1798852.596,6909.509765625,97.80000305175781,5059.2998046875,0.4085999965667725,144.47335815429688
2026-02-23,82.8,82.85,77.15,77.9,5163373.383,6837.75,97.69999694824219,5204.7001953125,0.40289998054504395,144.47335815429688
2026-02-24,77.91,79.62,75.63,78.99,3592828.376,6890.06982421875,97.87999725341797,5155.7998046875,0.40329999923706056,144.47335815429688
2026-02-25,78.99,92.1,78.73,88.06,5632749.415,6946.1298828125,97.69999694824219,5206.39990234375,0.4047999858856201,144.47335815429688
2026-02-26,88.05,89.27,84.34,85.91,3356890.979,6908.85986328125,97.79000091552734,5176.5,0.4017000198364258,144.47335815429688
2026-02-27,85.91,88.29,80.32,81.85,3370499.359,6878.8798828125,97.61000061035156,5230.5,0.39619998931884765,144.47335815429688
2026-02-28,81.84,85.65,77.12,84.35,4737699.879,6878.8798828125,97.61000061035156,5230.5,0.39619998931884765,144.47335815429688
2026-03-01,84.35,88.9,81.69,83.6,4435194.222,6878.8798828125,97.61000061035156,5230.5,0.39619998931884765,144.47335815429688
2026-03-02,83.61,90.29,82.37,86.64,5123433.26,6881.6201171875,98.37999725341797,5294.39990234375,0.4047999858856201,144.47335815429688
2026-03-03,86.65,87.46,82.5,86.97,4136742.745,6816.6298828125,99.05000305175781,5107.39990234375,0.40560002326965333,144.47335815429688
2026-03-04,86.98,94.05,84.78,90.85,6329931.383,6869.5,98.7699966430664,5120.2001953125,0.40799999237060547,144.47335815429688
2026-03-05,90.86,92.96,87.91,88.77,3753710.608,6830.7099609375,99.31999969482422,5065.2998046875,0.41459999084472654,144.47335815429688
2026-03-06,88.78,89.31,83.64,84.7,3135324.642,6740.02001953125,98.98999786376953,5146.10009765625,0.4132999897003174,144.47335815429688
2026-03-07,84.69,85.07,82.28,83.22,1465281.721,6740.02001953125,98.98999786376953,5146.10009765625,0.4132999897003174,144.47335815429688
2026-03-08,83.22,84.13,80.26,81.59,2102965.687,6740.02001953125,98.98999786376953,5146.10009765625,0.4132999897003174,144.47335815429688
2026-03-09,81.6,87.06,81.54,84.96,3594057.289,6795.990234375,99.18000030517578,5091.5,0.4136000156402588,144.47335815429688
2026-03-10,84.95,88.8,84.83,85.88,3643895.134,6781.47998046875,98.83000183105469,5229.7001953125,0.4136000156402588,144.47335815429688
2026-03-11,85.88,88.09,84.36,86.58,3182175.739,6775.7998046875,99.2300033569336,5167.39990234375,0.42080001831054686,144.47335815429688
2026-03-12,86.58,87.69,84.72,86.84,2913681.148,6672.6201171875,99.73999786376953,5115.7998046875,0.42729997634887695,144.47335815429688
2026-03-13,86.83,92.98,86.71,88.18,4940378.617,6632.18994140625,100.36000061035156,5052.5,0.4284999847412109,144.47335815429688
2026-03-14,88.17,88.71,86.51,88.03,1498143.039,6632.18994140625,100.36000061035156,5052.5,0.4284999847412109,144.47335815429688
2026-03-15,88.04,93.23,87.36,92.3,2614547.105,6632.18994140625,100.36000061035156,5052.5,0.4284999847412109,144.47335815429688
2026-03-16,92.31,97.68,91.18,96.2,5621650.621,6699.3798828125,99.70999908447266,4994.0,0.42199997901916503,144.47335815429688
2026-03-17,96.19,96.95,93.15,94.62,2833557.586,6716.08984375,99.58000183105469,5001.0,0.4202000141143799,144.47335815429688
2026-03-18,94.61,95.65,88.55,90.08,3293861.558,6624.7001953125,100.08999633789062,4889.89990234375,0.4258999824523926,144.47335815429688
2026-03-19,90.07,91.41,87.0,88.89,2609542.924,6606.490234375,99.2300033569336,4600.7001953125,0.4281000137329102,144.47335815429688
2026-03-20,88.9,90.45,88.13,89.84,2201411.538,6506.47998046875,99.6500015258789,4570.39990234375,0.4390999794006348,144.47335815429688
2026-03-21,89.85,90.81,87.14,87.56,1241845.225,6506.47998046875,99.6500015258789,4570.39990234375,0.4390999794006348,144.47335815429688
2026-03-22,87.55,89.2,85.14,86.2,2138087.131,6506.47998046875,99.6500015258789,4570.39990234375,0.4390999794006348,144.47335815429688
2026-03-23,86.21,92.26,85.11,91.43,4561706.388,6581.0,98.94999694824219,4404.10009765625,0.43340001106262205,144.47335815429688
2026-03-24,91.44,92.22,88.42,90.8,3086042.526,6556.3701171875,99.43000030517578,4399.2998046875,0.43920001983642576,144.47335815429688
2026-03-25,90.8,93.47,90.71,91.7,2652534.798,6591.89990234375,99.5999984741211,4549.7998046875,0.4328000068664551,144.47335815429688
2026-03-26,91.7,91.98,85.45,86.53,3566192.736,6477.16015625,99.9000015258789,4375.5,0.44159998893737795,144.47335815429688
2026-03-27,86.52,87.04,81.86,83.11,2840562.07,6368.85009765625,100.1500015258789,4492.0,0.4440000057220459,144.47335815429688
2026-03-28,83.11,84.29,81.69,82.09,1667010.099,6368.85009765625,100.1500015258789,4492.0,0.4440000057220459,144.47335815429688
2026-03-29,82.09,83.24,78.96,81.44,1624673.475,6368.85009765625,100.1500015258789,4492.0,0.4440000057220459,144.47335815429688
2026-03-30,81.45,84.99,81.15,82.54,3025854.687,6343.72021484375,100.51000213623047,4526.0,0.43420000076293946,144.47335815429688
2026-03-31,82.55,84.62,80.08,83.2,4272567.426,6528.52001953125,99.95999908447266,4647.60009765625,0.4310999870300293,144.47335815429688
2026-04-01,83.19,86.65,80.77,81.18,4676736.12,6575.31982421875,99.6500015258789,4783.2001953125,0.4318999767303467,144.47335815429688
2026-04-02,81.19,81.77,76.7,78.94,4210024.263,6582.68994140625,100.02999877929688,4651.5,0.4313000202178955,144.47335815429688
2026-04-03,78.95,80.91,78.85,80.4,2230839.74,6582.68994140625,100.02999877929688,4651.5,0.4313000202178955,144.47335815429688
2026-04-04,80.39,81.61,79.57,80.83,1562930.767,6582.68994140625,100.02999877929688,4651.5,0.4313000202178955,144.47335815429688
2026-04-05,80.84,82.13,78.52,81.89,1732438.558,6582.68994140625,100.02999877929688,4651.5,0.4313000202178955,144.47335815429688
2026-04-06,81.89,83.2,79.6,80.03,2730370.564,6611.830078125,99.9800033569336,4656.7998046875,0.4335000038146973,144.47335815429688
2026-04-07,80.03,87.02,78.38,85.56,4312598.52,6616.85009765625,99.63999938964844,4657.10009765625,0.43429999351501464,144.47335815429688
2026-04-08,85.56,85.9,82.24,82.57,2952758.548,6782.81005859375,99.12999725341797,4749.5,0.42909998893737794,144.47335815429688
2026-04-09,82.56,85.95,81.4,83.33,2775927.629,6824.66015625,98.81999969482422,4792.2001953125,0.42930002212524415,144.47335815429688
2026-04-10,83.33,85.67,82.62,84.83,2186078.343,6816.89013671875,98.6500015258789,4761.89990234375,0.4316999912261963,144.47335815429688
2026-04-11,84.83,86.26,83.8,84.93,1570901.883,6816.89013671875,98.6500015258789,4761.89990234375,0.4316999912261963,144.47335815429688
2026-04-12,84.94,85.0,81.27,81.53,2174791.866,6816.89013671875,98.6500015258789,4761.89990234375,0.4316999912261963,144.47335815429688
2026-04-13,81.54,86.81,81.4,86.51,2950390.415,6886.240234375,98.37000274658203,4742.39990234375,0.4296999931335449,144.47335815429688
2026-04-14,86.51,87.67,83.3,83.72,3532984.692,6967.3798828125,98.12000274658203,4825.0,0.425600004196167,144.47335815429688
2026-04-15,83.72,85.83,82.65,84.9,2602448.593,7022.9501953125,98.05999755859375,4800.0,0.42820000648498535,144.47335815429688
2026-04-16,84.9,90.53,83.8,89.05,3940291.341,7041.27978515625,98.22000122070312,4785.39990234375,0.43090000152587893,144.47335815429688
2026-04-17,89.06,90.73,87.34,88.76,4237208.388,7126.06005859375,98.0999984741211,4857.60009765625,0.4245999813079834,144.47335815429688
2026-04-18,88.77,89.16,85.78,86.16,1893190.543,7126.06005859375,98.0999984741211,4857.60009765625,0.4245999813079834,144.47335815429688
2026-04-19,86.15,87.12,82.94,83.47,2594849.065,7126.06005859375,98.0999984741211,4857.60009765625,0.4245999813079834,144.47335815429688
2026-04-20,83.47,86.22,83.34,85.28,2300346.75,7109.14013671875,98.05000305175781,4806.60009765625,0.425,144.47335815429688
2026-04-21,85.29,86.89,84.31,86.03,2111587.269,7064.009765625,98.41000366210938,4698.39990234375,0.4291999816894531,144.47335815429688
2026-04-22,86.04,89.32,86.01,86.87,3154871.835,7137.89990234375,98.58999633789062,4732.5,0.4294000148773193,144.47335815429688
2026-04-23,86.86,87.18,84.48,86.12,2894663.239,7108.39990234375,98.80000305175781,4705.10009765625,0.4322999954223633,144.47335815429688
2026-04-24,86.12,86.94,84.92,86.18,1818574.663,7165.080078125,98.51000213623047,4722.2998046875,0.4309999942779541,144.47335815429688
2026-04-25,86.18,86.8,85.53,86.18,1033932.436,7165.080078125,98.51000213623047,4722.2998046875,0.4309999942779541,144.47335815429688
2026-04-26,86.19,87.32,85.84,86.93,1453501.452,7165.080078125,98.51000213623047,4722.2998046875,0.4309999942779541,144.47335815429688
2026-04-27,86.93,88.08,83.63,84.82,3009101.691,7173.91015625,98.4800033569336,4675.39990234375,0.43359999656677245,144.47335815429688
2026-04-28,84.82,84.93,82.98,84.06,1664394.443,7138.7998046875,98.62000274658203,4591.5,0.43540000915527344,144.47335815429688
2026-04-29,84.06,85.56,81.4,83.04,2576063.596,7135.9501953125,98.91999816894531,4545.2001953125,0.44180002212524416,144.47335815429688
2026-04-30,83.05,84.01,82.16,83.09,1372591.611,7209.009765625,98.08000183105469,4614.7001953125,0.43899998664855955,144.47335815429688
2026-05-01,83.09,84.86,83.08,83.76,1798067.959,7230.1201171875,98.20999908447266,4629.89990234375,0.4377999782562256,144.47335815429688
2026-05-02,83.76,84.97,83.44,84.26,1027759.499,7230.1201171875,98.20999908447266,4629.89990234375,0.4377999782562256,144.47335815429688
2026-05-03,84.26,84.97,83.58,83.91,1268647.522,7230.1201171875,98.20999908447266,4629.89990234375,0.4377999782562256,144.47335815429688
2026-05-04,83.91,85.9,83.23,84.1,3469307.218,7200.75,98.47000122070312,4519.5,0.4446000099182129,144.47335815429688
2026-05-05,84.11,86.98,84.04,86.29,2478888.126,7259.22021484375,98.4800033569336,4555.7998046875,0.44159998893737795,144.47335815429688
2026-05-06,86.29,90.03,86.1,89.16,3483256.03,7365.1201171875,98.0199966430664,4681.89990234375,0.43559999465942384,144.47335815429688
2026-05-07,89.16,90.44,87.63,88.42,2892180.501,7337.10986328125,98.25,4699.7998046875,0.43920001983642576,144.47335815429688
2026-05-08,88.43,92.8,87.6,92.01,2644434.859,7398.93017578125,97.83999633789062,4720.39990234375,0.4363999843597412,144.47335815429688
2026-05-09,92.02,94.17,91.85,93.13,1974272.696,7398.93017578125,97.83999633789062,4720.39990234375,0.4363999843597412,144.47335815429688
2026-05-10,93.12,97.0,92.6,96.47,2559168.995,7398.93017578125,97.83999633789062,4720.39990234375,0.4363999843597412,144.47335815429688
2026-05-11,96.46,98.41,94.3,97.37,3078049.965,7412.83984375,97.94000244140625,4718.7001953125,0.44099998474121094,144.47335815429688
2026-05-12,97.37,97.68,93.55,94.28,2810037.359,7400.9599609375,98.29000091552734,4677.60009765625,0.44629998207092286,144.47335815429688
2026-05-13,94.28,95.99,90.27,91.17,3192571.802,7444.25,98.4800033569336,4697.7001953125,0.44809999465942385,144.47335815429688
2026-05-14,91.17,93.68,89.82,92.15,2709125.808,7501.240234375,98.87999725341797,4678.10009765625,0.44609999656677246,144.47335815429688
2026-05-15,92.16,92.66,88.55,89.24,2675843.631,7408.5,99.2699966430664,4555.7998046875,0.45949997901916506,144.47335815429688
2026-05-16,89.23,89.44,85.52,86.54,1963021.594,7408.5,99.2699966430664,4555.7998046875,0.45949997901916506,144.47335815429688
2026-05-17,86.53,87.29,83.5,85.24,1914165.244,7408.5,99.2699966430664,4555.7998046875,0.45949997901916506,144.47335815429688
2026-05-18,85.23,85.8,83.5,85.38,2771861.344,7403.0498046875,98.97000122070312,4552.5,0.4623000144958496,144.47335815429688
2026-05-19,85.38,85.97,83.7,84.29,1662986.216,7353.60986328125,99.30000305175781,4506.2998046875,0.46669998168945315,144.47335815429688
2026-05-20,84.3,87.09,83.85,86.17,2365152.438,7432.97021484375,99.11000061035156,4531.2998046875,0.4572000026702881,144.47335815429688
2026-05-21,86.17,88.0,85.32,87.36,2654321.9,7445.72021484375,99.19000244140625,4539.7998046875,0.45859999656677247,144.47335815429688
2026-05-22,87.35,87.85,84.0,84.4,2208484.663,7473.47021484375,99.31999969482422,4521.0,0.4558000087738037,144.47335815429688
2026-05-23,84.4,87.5,81.5,85.75,2973101.711,7473.47021484375,99.31999969482422,4521.0,0.4558000087738037,144.47335815429688
2026-05-24,85.76,87.0,83.7,85.27,2086657.403,7473.47021484375,99.31999969482422,4521.0,0.4558000087738037,144.47335815429688
2026-05-25,85.27,86.52,84.71,85.06,1562235.465,7473.47021484375,99.31999969482422,4521.0,0.4558000087738037,144.47335815429688
2026-05-26,85.06,86.13,83.15,83.72,2358777.43,7519.1201171875,99.16999816894531,4500.39990234375,0.4493000030517578,144.47335815429688
2026-05-27,83.73,84.84,82.1,82.44,2119456.363,7520.35986328125,99.20999908447266,4447.5,0.44809999465942385,144.47335815429688
2026-05-28,82.43,83.01,80.0,82.11,2306915.48,7563.6298828125,99.0199966430664,4499.2998046875,0.44549999237060545,144.47335815429688
2026-05-29,82.12,83.24,80.35,82.04,2064277.646,7580.06005859375,98.91000366210938,4560.5,0.4453000068664551,144.47335815429688
2026-05-30,82.04,83.17,81.86,82.73,1018490.244,7580.06005859375,98.91000366210938,4560.5,0.4453000068664551,144.47335815429688
2026-05-31,82.74,83.42,81.33,82.44,993880.666,7580.06005859375,98.91000366210938,4560.5,0.4453000068664551,144.47335815429688
2026-06-01,82.45,83.1,79.11,81.28,2309147.396,7599.9599609375,99.19999694824219,4475.2001953125,0.44749999046325684,144.47335815429688
2026-06-02,81.28,81.3,72.73,74.23,3642536.917,7609.77978515625,99.22000122070312,4489.10009765625,0.44549999237060545,144.47335815429688
2026-06-03,74.23,75.71,70.93,71.61,3655245.68,7553.68017578125,99.52999877929688,4436.7001953125,0.4491000175476074,144.47335815429688
2026-06-04,71.61,72.09,66.8,68.88,4928249.49,7584.31005859375,99.41000366210938,4475.7998046875,0.44770002365112305,144.47335815429688
2026-06-05,68.87,69.1,61.48,63.64,7041593.488,7383.740234375,100.06999969482422,4337.10009765625,0.4535999774932861,144.47335815429688
2026-06-06,63.64,64.86,60.13,62.2,3570841.056,7383.740234375,100.06999969482422,4337.10009765625,0.4535999774932861,144.47335815429688
2026-06-07,62.21,67.92,61.96,66.5,2941571.373,7383.740234375,100.06999969482422,4337.10009765625,0.4535999774932861,144.47335815429688
2026-06-08,66.5,68.17,64.98,66.82,3058995.367,7405.72998046875,100.05000305175781,4335.89990234375,0.4552000045776367,144.47335815429688
2026-06-09,66.82,67.47,63.54,64.96,3082150.311,7386.64990234375,99.91000366210938,4260.0,0.45279998779296876,144.47335815429688
2026-06-10,64.97,65.77,62.34,63.19,2937917.561,7266.990234375,99.94999694824219,4108.2001953125,0.45419998168945314,144.47335815429688
2026-06-11,63.19,67.42,63.19,66.93,2881561.031,7394.2998046875,99.86000061035156,4090.300048828125,0.44629998207092286,144.47335815429688
2026-06-12,66.93,68.82,65.95,66.82,2839586.683,7431.4599609375,99.75,4215.0,0.4486999988555908,144.47335815429688
2026-06-13,66.83,69.59,66.59,68.94,1525014.5,7431.4599609375,99.75,4215.0,0.4486999988555908,144.47335815429688
2026-06-14,68.94,71.29,66.94,71.28,1851821.931,7431.4599609375,99.75,4215.0,0.4486999988555908,144.47335815429688
2026-06-15,71.29,76.09,70.66,73.98,3102777.468,7554.2900390625,99.62999725341797,4328.0,0.4468999862670898,144.47335815429688
2026-06-16,73.99,75.65,72.29,73.52,2185905.595,7511.35009765625,99.54000091552734,4330.89990234375,0.4427999973297119,144.47335815429688
2026-06-17,73.53,74.69,70.83,72.05,2443239.391,7420.10009765625,100.08999633789062,4358.89990234375,0.44629998207092286,144.47335815429688
2026-06-18,72.05,72.68,68.23,69.71,2263712.329,7500.580078125,100.8499984741211,4224.10009765625,0.4451000213623047,144.47335815429688
2026-06-19,69.72,70.09,67.92,69.74,1884570.868,7500.580078125,100.8499984741211,4224.10009765625,0.4451000213623047,144.47335815429688
2026-06-20,69.73,74.3,69.48,73.22,2267614.627,7500.580078125,100.8499984741211,4224.10009765625,0.4451000213623047,144.47335815429688
2026-06-21,73.22,74.68,72.31,72.46,2122685.618,7500.580078125,100.8499984741211,4224.10009765625,0.4451000213623047,144.47335815429688
2026-06-22,72.47,75.0,71.37,71.95,2567224.067,7472.7900390625,101.0199966430664,4181.89990234375,0.4508999824523926,144.47335815429688
2026-06-23,71.95,72.06,68.16,69.71,2202519.285,7365.4599609375,101.41000366210938,4129.89990234375,0.4493000030517578,144.47335815429688
2026-06-24,69.7,70.44,64.71,68.11,3368667.529,7358.22021484375,101.61000061035156,3990.300048828125,0.4401999950408936,144.47335815429688
2026-06-25,68.12,69.66,64.04,67.72,3716901.281,7357.490234375,101.43000030517578,4030.5,0.43920001983642576,144.47335815429688
2026-06-26,67.72,73.93,65.91,71.9,4422868.716,7354.02001953125,101.36000061035156,4078.699951171875,0.4372000217437744,144.47335815429688
2026-06-27,71.9,73.19,70.25,70.5,1921832.56,7354.02001953125,101.36000061035156,4078.699951171875,0.4372000217437744,144.47335815429688
2026-06-28,70.49,72.41,69.74,71.38,1709274.918,7354.02001953125,101.36000061035156,4078.699951171875,0.4372000217437744,144.47335815429688
2026-06-29,71.39,76.49,70.35,75.16,3861722.1,7440.43017578125,101.11000061035156,4022.300048828125,0.4374000072479248,144.47335815429688
2026-06-30,75.17,75.8,71.9,73.67,2668784.103,7499.35986328125,101.19000244140625,4022.89990234375,0.44180002212524416,144.47335815429688
2026-07-01,73.67,78.96,72.25,77.46,3613325.296,7483.22998046875,101.38999938964844,4068.300048828125,0.44749999046325684,144.47335815429688
2026-07-02,77.46,82.78,76.9,80.73,3740503.81,7483.240234375,100.86000061035156,4112.7001953125,0.4485000133514404,144.47335815429688
2026-07-03,80.72,83.22,80.34,82.34,1769217.383,7483.240234375,100.86000061035156,4112.7001953125,0.4485000133514404,144.47335815429688
2026-07-04,82.35,83.98,81.36,81.8,1853790.462,7483.240234375,100.86000061035156,4112.7001953125,0.4485000133514404,144.47335815429688
2026-07-05,81.8,82.43,79.68,81.59,1405482.139,7483.240234375,100.86000061035156,4112.7001953125,0.4485000133514404,144.47335815429688
2026-07-06,81.59,83.74,79.23,81.94,2393607.64,7537.43017578125,100.8499984741211,4155.10009765625,0.44790000915527345,144.47335815429688
2026-07-07,81.94,82.79,80.34,80.58,1858989.517,7503.85009765625,101.13999938964844,4145.2998046875,0.45289998054504393,144.47335815429688
2026-07-08,80.58,80.78,76.29,77.83,2171403.36,7482.7099609375,101.05000305175781,4070.89990234375,0.45689997673034666,144.47335815429688
2026-07-09,77.83,78.83,76.71,78.04,1458437.834,7543.64013671875,100.94000244140625,4130.60009765625,0.45390000343322756,144.47335815429688
2026-07-10,78.05,79.68,77.07,78.13,1853732.075,7575.39013671875,100.97000122070312,4104.10009765625,0.45689997673034666,144.47335815429688
2026-07-11,78.14,78.88,76.77,76.79,1341468.467,7575.39013671875,100.97000122070312,4104.10009765625,0.45689997673034666,144.47335815429688
2026-07-12,76.79,77.78,75.65,76.92,1107014.96,7575.39013671875,100.97000122070312,4104.10009765625,0.45689997673034666,144.47335815429688
2026-07-13,76.92,78.2,74.1,75.01,1598648.362,7515.33984375,101.27999877929688,3997.0,0.46090002059936525,144.47335815429688
2026-07-14,75.02,77.95,74.56,77.87,1797979.602,7543.58984375,100.94000244140625,4061.10009765625,0.45850000381469724,144.47335815429688
2026-07-15,77.87,79.04,76.94,77.29,1789391.588,7572.39990234375,100.5,4044.0,0.4545000076293945,144.47335815429688
2026-07-16,77.28,77.64,75.01,75.32,1525454.678,7533.77001953125,100.7300033569336,3985.60009765625,0.45689997673034666,144.47335815429688
2026-07-17,75.33,75.75,73.39,75.04,1361493.075,7457.68994140625,100.75,4012.699951171875,0.4540999889373779,144.47335815429688
2026-07-18,75.04,75.67,74.5,75.52,651011.695,7457.68994140625,100.75,4012.699951171875,0.4540999889373779,144.47335815429688
2026-07-19,75.53,76.7,75.37,76.38,1176910.446,7457.68994140625,100.75,4012.699951171875,0.4540999889373779,144.47335815429688
2026-07-20,76.38,78.38,75.5,77.85,1867200.851,7443.27978515625,100.98999786376953,4010.300048828125,0.45980000495910645,144.47335815429688
2026-07-21,77.85,78.88,77.42,78.12,1283561.32,7509.2001953125,101.18000030517578,4071.10009765625,0.4627999782562256,144.47335815429688
2026-07-22,78.13,78.85,77.0,77.97,1424652.173,7498.9599609375,101.13999938964844,4146.89990234375,0.46570000648498533,144.47335815429688
2026-07-23,77.97,78.54,75.43,75.88,1346651.926,7408.2998046875,101.43000030517578,4046.60009765625,0.47030000686645507,144.47335815429688
2026-07-24,75.88,76.45,73.44,73.96,1450088.265,7411.97998046875,101.47000122070312,4067.60009765625,0.4678999900817871,144.47335815429688
2026-07-25,73.97,74.73,73.56,74.52,726815.749,7411.97998046875,101.47000122070312,4067.60009765625,0.4678999900817871,144.47335815429688
2026-07-26,74.53,77.1,74.47,76.76,892413.373,7411.97998046875,101.47000122070312,4067.60009765625,0.4678999900817871,144.47335815429688
2026-07-27,76.77,77.5,73.74,74.2,1608273.931,7413.18017578125,101.51000213623047,4074.5,0.46409997940063474,144.47335815429688
2026-07-28,74.21,74.59,72.36,73.83,1697225.448,7428.77978515625,101.37999725341797,4036.300048828125,0.46040000915527346,144.47335815429688
2026-07-29,73.83,74.53,72.32,73.68,1597653.875,7316.14990234375,100.80000305175781,4034.699951171875,0.4622000217437744,144.47335815429688
2026-07-30,73.69,74.99,73.14,74.51,1218863.451,7437.6298828125,100.01000213623047,4100.10009765625,0.46630001068115234,144.47335815429688
2026-07-31,74.52,75.29,72.56,72.87,1337998.051,7489.72021484375,99.80000305175781,4049.10009765625,0.4744999885559082,144.47335815429688
2026-08-01,72.87,73.21,70.58,71.95,1111519.095,7489.72021484375,99.80000305175781,4049.10009765625,0.4744999885559082,144.47335815429688
2026-08-02,71.95,74.33,71.93,73.63,845346.938,7489.72021484375,99.80000305175781,4049.10009765625,0.4744999885559082,144.47335815429688
2026-08-03,73.64,74.28,71.98,73.56,1227842.329,7600.5,99.95999908447266,4033.699951171875,0.4685999870300293,144.47335815429688
2026-08-04,73.56,74.45,73.04,73.75,1198568.943,7736.52001953125,99.88999938964844,4095.39990234375,0.46269998550415037,144.47335815429688
2026-08-05,73.76,74.83,73.27,74.04,1549828.637,7723.5498046875,99.69000244140625,4245.7998046875,0.4617000102996826,144.47335815429688
2026-08-06,74.04,74.35,72.34,72.7,1276204.923,7709.9599609375,99.97000122070312,4242.0,0.46700000762939453,144.47335815429688
2026-08-07,72.7,74.35,72.43,73.66,1552676.887,7757.64013671875,99.5999984741211,4340.7001953125,0.46599998474121096,144.47335815429688
2026-08-08,73.67,76.81,73.57,76.01,1383412.487,7757.64013671875,99.5999984741211,4340.7001953125,0.46599998474121096,144.47335815429688
2026-08-09,76.02,77.84,75.73,76.27,980767.674,7757.64013671875,99.5999984741211,4340.7001953125,0.46599998474121096,144.47335815429688
2026-08-10,76.26,77.17,75.58,75.99,1278238.355,7753.10986328125,99.80999755859375,4361.7998046875,0.46989998817443845,144.47335815429688
2026-08-11,76.0,76.67,74.63,76.3,1315794.682,7728.2001953125,99.81999969482422,4383.0,0.4684000015258789,144.47335815429688
2026-08-12,76.3,77.33,75.35,75.63,1154149.214,7748.5,100.01000213623047,4408.89990234375,0.4682000160217285,144.47335815429688
2026-08-13,75.64,76.62,75.1,76.28,1093508.557,7798.990234375,99.95999908447266,4363.60009765625,0.46409997940063474,144.47335815429688
2026-08-14,76.28,76.33,74.69,75.4,1063864.906,7785.759765625,99.66999816894531,4380.39990234375,0.4696000099182129,144.47335815429688
2026-08-15,75.4,75.74,75.05,75.35,602113.822,7785.759765625,99.66999816894531,4380.39990234375,0.4696000099182129,144.47335815429688
2026-08-16,75.35,75.71,74.1,74.61,681414.225,7785.759765625,99.66999816894531,4380.39990234375,0.4696000099182129,144.47335815429688
2026-08-17,74.62,76.22,74.43,76.02,1269854.354,7745.06005859375,99.63999938964844,4417.7998046875,0.47239999771118163,144.47335815429688
2026-08-18,76.02,77.41,75.2,77.05,1454862.952,7691.759765625,99.6500015258789,4366.0,0.47059998512268064,144.47335815429688
2026-08-19,77.05,87.21,76.63,85.38,4041510.276,7707.97998046875,98.83000183105469,4489.39990234375,0.46529998779296877,144.47335815429688
2026-08-20,85.39,87.98,84.01,87.29,1732721.727,7707.97998046875,98.5770034790039,4550.39990234375,0.46529998779296877,144.47335815429688
