,open,high,low,close,volume,sp500_close,dxy,gold,treasury_10y,gpr
2022-08-25,0.3456,0.3522,0.3435,0.3491,200831070.0,4199.1201171875,108.47000122070312,1757.699951171875,0.30260000228881834,144.47335815429688
2022-08-26,0.3491,0.3712,0.3325,0.3393,439211758.0,4057.659912109375,108.80000305175781,1736.0999755859375,0.30350000858306886,144.47335815429688
2022-08-27,0.3393,0.3447,0.3283,0.3346,175871454.0,4057.659912109375,108.80000305175781,1736.0999755859375,0.30350000858306886,144.47335815429688
2022-08-28,0.3346,0.3373,0.3213,0.3224,148984590.0,4057.659912109375,108.80000305175781,1736.0999755859375,0.30350000858306886,144.47335815429688
2022-08-29,0.3223,0.3342,0.3186,0.3337,268856257.0,4030.610107421875,108.83999633789062,1736.5999755859375,0.3109999895095825,144.47335815429688
2022-08-30,0.3337,0.3359,0.32,0.3267,213879108.0,3986.159912109375,108.7699966430664,1723.199951171875,0.3109999895095825,144.47335815429688
2022-08-31,0.3268,0.3339,0.323,0.3277,195043842.0,3955.0,108.69999694824219,1712.800048828125,0.31329998970031736,144.47335815429688
2022-09-01,0.3276,0.3334,0.3215,0.3331,183564987.0,3966.85009765625,109.69000244140625,1696.5999755859375,0.3265000104904175,144.47335815429688
2022-09-02,0.3332,0.3355,0.3253,0.3314,179601436.0,3924.260009765625,109.52999877929688,1709.800048828125,0.3193000078201294,144.47335815429688
2022-09-03,0.3315,0.335,0.3265,0.3297,103317904.0,3924.260009765625,109.52999877929688,1709.800048828125,0.3193000078201294,144.47335815429688
2022-09-04,0.3296,0.3328,0.3275,0.3317,95913393.0,3924.260009765625,109.52999877929688,1709.800048828125,0.3193000078201294,144.47335815429688
2022-09-05,0.3318,0.3338,0.3225,0.3329,178320876.0,3924.260009765625,109.52999877929688,1709.800048828125,0.3193000078201294,144.47335815429688
2022-09-06,0.3329,0.3431,0.3154,0.3212,337153895.0,3908.18994140625,110.20999908447266,1700.4000244140625,0.33399999141693115,144.47335815429688
2022-09-07,0.3212,0.3386,0.312,0.3369,267709589.0,3979.8701171875,109.83999633789062,1715.300048828125,0.3265000104904175,144.47335815429688
2022-09-08,0.3369,0.3434,0.3282,0.3396,234589959.0,4006.179931640625,109.70999908447266,1708.0,0.329200005531311,144.47335815429688
2022-09-09,0.3396,0.3597,0.3394,0.3568,334849027.0,4067.360107421875,109.0,1716.199951171875,0.33210000991821287,144.47335815429688
2022-09-10,0.3568,0.3622,0.3514,0.3573,186010258.0,4067.360107421875,109.0,1716.199951171875,0.33210000991821287,144.47335815429688
2022-09-11,0.3574,0.3604,0.3485,0.3552,146159090.0,4067.360107421875,109.0,1716.199951171875,0.33210000991821287,144.47335815429688
2022-09-12,0.3551,0.3602,0.3478,0.3598,243143764.0,4110.41015625,108.33000183105469,1728.0999755859375,0.3361999988555908,144.47335815429688
2022-09-13,0.3598,0.3603,0.3308,0.3326,364278378.0,3932.68994140625,109.81999969482422,1705.0,0.34219999313354493,144.47335815429688
2022-09-14,0.3326,0.3442,0.3312,0.3415,308604961.0,3946.010009765625,109.66000366210938,1696.5,0.34119999408721924,144.47335815429688
2022-09-15,0.3415,0.3429,0.3241,0.3261,406236125.0,3901.35009765625,109.73999786376953,1665.4000244140625,0.3459000110626221,144.47335815429688
2022-09-16,0.3261,0.3581,0.3216,0.3552,370003740.0,3873.330078125,109.76000213623047,1671.699951171875,0.3447999954223633,144.47335815429688
2022-09-17,0.3552,0.381,0.3464,0.3762,443007880.0,3873.330078125,109.76000213623047,1671.699951171875,0.3447999954223633,144.47335815429688
2022-09-18,0.3762,0.3981,0.3556,0.3576,680858418.0,3873.330078125,109.76000213623047,1671.699951171875,0.3447999954223633,144.47335815429688
2022-09-19,0.3578,0.3932,0.3401,0.3848,737172977.0,3899.889892578125,109.73999786376953,1666.199951171875,0.34900000095367434,144.47335815429688
2022-09-20,0.3847,0.4242,0.3704,0.414,1113792429.0,3855.929931640625,110.22000122070312,1659.699951171875,0.3571000099182129,144.47335815429688
2022-09-21,0.4139,0.434,0.38,0.3936,925735817.0,3789.929931640625,110.63999938964844,1664.5999755859375,0.3509999990463257,144.47335815429688
2022-09-22,0.3936,0.5,0.3933,0.4862,1322834928.0,3757.989990234375,111.3499984741211,1670.800048828125,0.37079999446868894,144.47335815429688
2022-09-23,0.4861,0.559,0.4564,0.5069,1820625745.0,3693.22998046875,113.19000244140625,1645.300048828125,0.3697000026702881,144.47335815429688
2022-09-24,0.5069,0.5195,0.4717,0.4878,711158721.0,3693.22998046875,113.19000244140625,1645.300048828125,0.3697000026702881,144.47335815429688
2022-09-25,0.4879,0.5215,0.4757,0.4917,738162563.0,3693.22998046875,113.19000244140625,1645.300048828125,0.3697000026702881,144.47335815429688
2022-09-26,0.4916,0.502,0.4576,0.4683,626520230.0,3655.0400390625,114.0999984741211,1623.300048828125,0.3878000020980835,144.47335815429688
2022-09-27,0.4682,0.4882,0.435,0.4457,628394011.0,3647.2900390625,114.11000061035156,1626.699951171875,0.396399998664856,144.47335815429688
2022-09-28,0.4458,0.4558,0.4168,0.4489,595920283.0,3719.0400390625,112.5999984741211,1660.4000244140625,0.3704999923706055,144.47335815429688
2022-09-29,0.4491,0.5109,0.4266,0.4877,788666701.0,3640.469970703125,112.25,1658.5,0.3746999979019165,144.47335815429688
2022-09-30,0.4876,0.4992,0.4667,0.4799,683028303.0,3585.6201171875,112.12000274658203,1662.4000244140625,0.3803999900817871,144.47335815429688
2022-10-01,0.4799,0.4865,0.4667,0.4754,332745201.0,3585.6201171875,112.12000274658203,1662.4000244140625,0.3803999900817871,144.47335815429688
2022-10-02,0.4753,0.4785,0.443,0.4485,331325448.0,3585.6201171875,112.12000274658203,1662.4000244140625,0.3803999900817871,144.47335815429688
2022-10-03,0.4485,0.4694,0.4372,0.4621,393625435.0,3678.429931640625,111.75,1692.9000244140625,0.36510000228881834,144.47335815429688
2022-10-04,0.4622,0.4858,0.4515,0.4795,528294804.0,3790.929931640625,110.06999969482422,1721.0999755859375,0.36170001029968263,144.47335815429688
2022-10-05,0.4795,0.502,0.4716,0.4887,582675616.0,3783.280029296875,111.06999969482422,1711.4000244140625,0.37590000629425047,144.47335815429688
2022-10-06,0.4888,0.5063,0.4883,0.4934,412623504.0,3744.52001953125,112.26000213623047,1711.699951171875,0.38259999752044677,144.47335815429688
2022-10-07,0.4934,0.5339,0.48,0.5177,523500800.0,3639.659912109375,112.80000305175781,1700.5,0.38829998970031737,144.47335815429688
2022-10-08,0.5177,0.5292,0.5111,0.517,340783746.0,3639.659912109375,112.80000305175781,1700.5,0.38829998970031737,144.47335815429688
2022-10-09,0.5171,0.549,0.506,0.5325,366379188.0,3639.659912109375,112.80000305175781,1700.5,0.38829998970031737,144.47335815429688
2022-10-10,0.5325,0.538,0.4927,0.4939,519737735.0,3612.389892578125,113.13999938964844,1667.300048828125,0.38880000114440916,144.47335815429688
2022-10-11,0.4939,0.5025,0.4768,0.4861,445279743.0,3588.840087890625,113.22000122070312,1678.699951171875,0.3938999891281128,144.47335815429688
2022-10-12,0.486,0.496,0.482,0.4881,245221984.0,3577.030029296875,113.31999969482422,1670.300048828125,0.39019999504089353,144.47335815429688
2022-10-13,0.4881,0.4898,0.4401,0.4791,601751609.0,3669.909912109375,112.36000061035156,1670.0,0.39519999027252195,144.47335815429688
2022-10-14,0.4791,0.5125,0.4782,0.4883,457259209.0,3583.070068359375,113.30999755859375,1641.699951171875,0.4010000228881836,144.47335815429688
2022-10-15,0.4882,0.49,0.4774,0.4818,155163123.0,3583.070068359375,113.30999755859375,1641.699951171875,0.4010000228881836,144.47335815429688
2022-10-16,0.4818,0.4876,0.468,0.4766,220894101.0,3583.070068359375,113.30999755859375,1641.699951171875,0.4010000228881836,144.47335815429688
2022-10-17,0.4765,0.4825,0.4627,0.4804,266511552.0,3677.949951171875,112.04000091552734,1657.0,0.40149998664855957,144.47335815429688
2022-10-18,0.4804,0.4843,0.4571,0.4658,289689721.0,3719.97998046875,112.12999725341797,1649.0,0.3997999906539917,144.47335815429688
2022-10-19,0.4657,0.4667,0.4471,0.4504,330327507.0,3695.159912109375,112.9800033569336,1627.5,0.4126999855041504,144.47335815429688
2022-10-20,0.4504,0.4646,0.4224,0.4465,396744045.0,3665.780029296875,112.87999725341797,1630.800048828125,0.42259998321533204,144.47335815429688
2022-10-21,0.4465,0.4617,0.4336,0.4614,362000551.0,3752.75,112.01000213623047,1651.0,0.42129998207092284,144.47335815429688
2022-10-22,0.4613,0.4708,0.4561,0.4653,168922503.0,3752.75,112.01000213623047,1651.0,0.42129998207092284,144.47335815429688
2022-10-23,0.4653,0.4726,0.4518,0.4688,201619037.0,3752.75,112.01000213623047,1651.0,0.42129998207092284,144.47335815429688
2022-10-24,0.4688,0.473,0.4478,0.4529,269189993.0,3797.340087890625,111.98999786376953,1648.699951171875,0.4234000205993652,144.47335815429688
2022-10-25,0.453,0.4728,0.4434,0.4605,350361399.0,3859.110107421875,110.94999694824219,1652.800048828125,0.4107999801635742,144.47335815429688
2022-10-26,0.4606,0.4715,0.4562,0.4689,308800077.0,3830.60009765625,109.69999694824219,1664.0,0.40149998664855957,144.47335815429688
2022-10-27,0.4689,0.4824,0.4584,0.4615,386147200.0,3807.300048828125,110.58999633789062,1660.699951171875,0.3937000036239624,144.47335815429688
2022-10-28,0.4615,0.4755,0.4564,0.4744,258511622.0,3901.06005859375,110.66999816894531,1639.5999755859375,0.4010000228881836,144.47335815429688
2022-10-29,0.4743,0.4837,0.4657,0.4701,284375501.0,3901.06005859375,110.66999816894531,1639.5999755859375,0.4010000228881836,144.47335815429688
2022-10-30,0.4702,0.4735,0.4537,0.4582,182831402.0,3901.06005859375,110.66999816894531,1639.5999755859375,0.4010000228881836,144.47335815429688
2022-10-31,0.4582,0.4674,0.4476,0.4641,291632134.0,3871.97998046875,111.52999877929688,1635.9000244140625,0.4077000141143799,144.47335815429688
2022-11-01,0.464,0.467,0.4543,0.4636,272552886.0,3856.10009765625,111.4800033569336,1645.0,0.4052000045776367,144.47335815429688
2022-11-02,0.4635,0.4659,0.4451,0.4497,305327596.0,3759.68994140625,111.3499984741211,1645.699951171875,0.4059000015258789,144.47335815429688
2022-11-03,0.4498,0.4598,0.4487,0.4548,221405589.0,3719.889892578125,112.93000030517578,1627.300048828125,0.4124000072479248,144.47335815429688
2022-11-04,0.4548,0.5078,0.4532,0.5064,561979429.0,3770.550048828125,110.87999725341797,1672.5,0.41560001373291017,144.47335815429688
2022-11-05,0.5063,0.51,0.489,0.493,199360700.0,3770.550048828125,110.87999725341797,1672.5,0.41560001373291017,144.47335815429688
2022-11-06,0.493,0.4947,0.468,0.4709,163125807.0,3770.550048828125,110.87999725341797,1672.5,0.41560001373291017,144.47335815429688
2022-11-07,0.4708,0.48,0.4585,0.4648,325333918.0,3806.800048828125,110.12000274658203,1676.5,0.4214000225067139,144.47335815429688
2022-11-08,0.4647,0.4669,0.3355,0.4059,978082649.0,3828.110107421875,109.62000274658203,1712.0999755859375,0.4125999927520752,144.47335815429688
2022-11-09,0.4059,0.411,0.316,0.3331,908074197.0,3748.570068359375,110.55000305175781,1710.0999755859375,0.4151000022888184,144.47335815429688
2022-11-10,0.3332,0.403,0.3301,0.3942,815070852.0,3956.3701171875,108.20999908447266,1750.300048828125,0.3828999996185303,144.47335815429688
2022-11-11,0.3942,0.3991,0.3661,0.3843,477945830.0,3992.929931640625,106.29000091552734,1766.0,0.3812999963760376,144.47335815429688
2022-11-12,0.3843,0.3846,0.3592,0.3636,254821436.0,3992.929931640625,106.29000091552734,1766.0,0.3812999963760376,144.47335815429688
2022-11-13,0.3635,0.3694,0.3325,0.3408,334510449.0,3992.929931640625,106.29000091552734,1766.0,0.3812999963760376,144.47335815429688
2022-11-14,0.3409,0.3796,0.321,0.3776,693547037.0,3957.25,106.66000366210938,1773.5999755859375,0.3865000009536743,144.47335815429688
2022-11-15,0.3775,0.3977,0.3668,0.3888,541305225.0,3991.72998046875,106.4000015258789,1773.800048828125,0.37990000247955324,144.47335815429688
2022-11-16,0.3887,0.3915,0.3614,0.3752,363276410.0,3958.7900390625,106.27999877929688,1773.0,0.3691999912261963,144.47335815429688
2022-11-17,0.3751,0.3873,0.3691,0.3819,413772413.0,3946.56005859375,106.69000244140625,1760.800048828125,0.3775000095367432,144.47335815429688
2022-11-18,0.3819,0.3878,0.3733,0.3829,292591109.0,3965.340087890625,106.93000030517578,1751.9000244140625,0.3818000078201294,144.47335815429688
2022-11-19,0.3829,0.3886,0.3752,0.3841,145313373.0,3965.340087890625,106.93000030517578,1751.9000244140625,0.3818000078201294,144.47335815429688
2022-11-20,0.3842,0.3969,0.3585,0.3608,308373842.0,3965.340087890625,106.93000030517578,1751.9000244140625,0.3818000078201294,144.47335815429688
2022-11-21,0.3608,0.369,0.3457,0.3645,591706474.0,3949.93994140625,107.83999633789062,1737.4000244140625,0.3825000047683716,144.47335815429688
2022-11-22,0.3645,0.3784,0.3513,0.3757,464705247.0,4003.580078125,107.22000122070312,1738.300048828125,0.37579998970031736,144.47335815429688
2022-11-23,0.3758,0.3824,0.3682,0.3815,354058802.0,4027.260009765625,106.08000183105469,1744.9000244140625,0.3706000089645386,144.47335815429688
2022-11-24,0.3816,0.405,0.3742,0.4018,454087891.0,4027.260009765625,106.08000183105469,1744.9000244140625,0.3706000089645386,144.47335815429688
2022-11-25,0.4018,0.4194,0.3888,0.4078,428503257.0,4026.1201171875,105.95999908447266,1753.300048828125,0.3690999984741211,144.47335815429688
2022-11-26,0.4077,0.4146,0.3927,0.396,184581391.0,4026.1201171875,105.95999908447266,1753.300048828125,0.3690999984741211,144.47335815429688
2022-11-27,0.396,0.4096,0.3942,0.3962,199432182.0,4026.1201171875,105.95999908447266,1753.300048828125,0.3690999984741211,144.47335815429688
2022-11-28,0.3961,0.3991,0.373,0.3888,434930297.0,3963.93994140625,106.68000030517578,1740.0999755859375,0.3703000068664551,144.47335815429688
2022-11-29,0.3888,0.4039,0.3829,0.3981,355638077.0,3957.6298828125,106.81999969482422,1748.4000244140625,0.3747999906539917,144.47335815429688
2022-11-30,0.3981,0.4117,0.3926,0.4078,329757224.0,4080.110107421875,105.94999694824219,1746.0,0.3703000068664551,144.47335815429688
2022-12-01,0.4078,0.4093,0.3944,0.3969,251203503.0,4076.570068359375,104.7300033569336,1801.0999755859375,0.35290000438690183,144.47335815429688
2022-12-02,0.3968,0.3975,0.3838,0.3961,257877078.0,4071.699951171875,104.55000305175781,1795.9000244140625,0.350600004196167,144.47335815429688
2022-12-03,0.3961,0.3973,0.3853,0.3873,152919238.0,4071.699951171875,104.55000305175781,1795.9000244140625,0.350600004196167,144.47335815429688
2022-12-04,0.3873,0.3932,0.386,0.3895,134434499.0,4071.699951171875,104.55000305175781,1795.9000244140625,0.350600004196167,144.47335815429688
2022-12-05,0.3895,0.3954,0.38,0.3893,338205071.0,3998.840087890625,105.29000091552734,1767.4000244140625,0.35989999771118164,144.47335815429688
2022-12-06,0.3893,0.3925,0.3808,0.3914,302191639.0,3941.260009765625,105.58000183105469,1769.300048828125,0.3513000011444092,144.47335815429688
2022-12-07,0.3914,0.3925,0.3733,0.3835,307733325.0,3933.919921875,105.0999984741211,1785.5,0.34079999923706056,144.47335815429688
2022-12-08,0.3834,0.3962,0.3826,0.3941,276255107.0,3963.510009765625,104.7699966430664,1788.699951171875,0.3490999937057495,144.47335815429688
2022-12-09,0.3942,0.3952,0.3843,0.3889,259535105.0,3934.3798828125,104.80999755859375,1798.0999755859375,0.3566999912261963,144.47335815429688
2022-12-10,0.3889,0.3893,0.3854,0.3865,99433210.0,3934.3798828125,104.80999755859375,1798.0999755859375,0.3566999912261963,144.47335815429688
2022-12-11,0.3865,0.3886,0.3778,0.3809,96374128.0,3934.3798828125,104.80999755859375,1798.0999755859375,0.3566999912261963,144.47335815429688
2022-12-12,0.3808,0.3898,0.3707,0.3874,348028456.0,3990.56005859375,105.12999725341797,1780.5,0.3611000061035156,144.47335815429688
2022-12-13,0.3875,0.397,0.3786,0.3952,440118070.0,4019.64990234375,103.9800033569336,1813.9000244140625,0.3500999927520752,144.47335815429688
2022-12-14,0.3953,0.3956,0.3768,0.3853,329607186.0,3995.320068359375,103.7699966430664,1807.5,0.3503000020980835,144.47335815429688
2022-12-15,0.3852,0.3867,0.3735,0.378,226540166.0,3895.75,104.55999755859375,1777.199951171875,0.34500000476837156,144.47335815429688
2022-12-16,0.3779,0.3799,0.344,0.3511,376428572.0,3852.360107421875,104.69999694824219,1790.0,0.3482000112533569,144.47335815429688
2022-12-17,0.351,0.3598,0.3467,0.3545,208492422.0,3852.360107421875,104.69999694824219,1790.0,0.3482000112533569,144.47335815429688
2022-12-18,0.3545,0.3556,0.3473,0.3499,115421793.0,3852.360107421875,104.69999694824219,1790.0,0.3482000112533569,144.47335815429688
2022-12-19,0.3499,0.353,0.332,0.3389,365699862.0,3817.659912109375,104.72000122070312,1787.699951171875,0.3581000089645386,144.47335815429688
2022-12-20,0.3389,0.3532,0.3359,0.3482,312424782.0,3821.6201171875,103.97000122070312,1815.9000244140625,0.36840000152587893,144.47335815429688
2022-12-21,0.3482,0.3505,0.3371,0.3449,287425951.0,3878.43994140625,104.16000366210938,1815.9000244140625,0.36840000152587893,144.47335815429688
2022-12-22,0.3448,0.3503,0.3414,0.3492,255155313.0,3822.389892578125,104.43000030517578,1787.0,0.36689999103546145,144.47335815429688
2022-12-23,0.3492,0.355,0.3471,0.3543,221882542.0,3844.820068359375,104.30999755859375,1795.9000244140625,0.3750999927520752,144.47335815429688
2022-12-24,0.3542,0.3544,0.3509,0.3517,62857912.0,3844.820068359375,104.30999755859375,1795.9000244140625,0.3750999927520752,144.47335815429688
2022-12-25,0.3518,0.3519,0.3439,0.3457,100344595.0,3844.820068359375,104.30999755859375,1795.9000244140625,0.3750999927520752,144.47335815429688
2022-12-26,0.3457,0.37,0.3455,0.3658,337834881.0,3844.820068359375,104.30999755859375,1795.9000244140625,0.3750999927520752,144.47335815429688
2022-12-27,0.3657,0.3731,0.3586,0.3675,385194770.0,3829.25,104.18000030517578,1814.800048828125,0.38599998950958253,144.47335815429688
2022-12-28,0.3675,0.3687,0.3546,0.3558,337095747.0,3783.219970703125,104.45999908447266,1807.9000244140625,0.388700008392334,144.47335815429688
2022-12-29,0.3559,0.3577,0.3361,0.3421,347820025.0,3849.280029296875,103.83999633789062,1819.5,0.3835000038146973,144.47335815429688
2022-12-30,0.3421,0.3461,0.3337,0.3451,270037618.0,3839.5,103.5199966430664,1819.699951171875,0.3878999948501587,144.47335815429688
2022-12-31,0.345,0.3453,0.3384,0.3389,138156698.0,3839.5,103.5199966430664,1819.699951171875,0.3878999948501587,144.47335815429688
2023-01-01,0.3389,0.34,0.3354,0.3387,102026821.0,3839.5,103.5199966430664,1819.699951171875,0.3878999948501587,144.47335815429688
2023-01-02,0.3386,0.3555,0.3,0.3482,647520487.0,3839.5,103.5199966430664,1819.699951171875,0.3878999948501587,144.47335815429688
2023-01-03,0.3482,0.352,0.3395,0.3436,346410334.0,3824.139892578125,104.5199966430664,1839.699951171875,0.37929999828338623,144.47335815429688
2023-01-04,0.3436,0.3605,0.339,0.3472,372672796.0,3852.969970703125,104.25,1852.800048828125,0.37090001106262205,144.47335815429688
2023-01-05,0.3471,0.3487,0.3333,0.338,265529668.0,3808.10009765625,105.04000091552734,1834.800048828125,0.37200000286102297,144.47335815429688
2023-01-06,0.338,0.3462,0.3311,0.3443,278304929.0,3895.080078125,103.87999725341797,1864.199951171875,0.3569000005722046,144.47335815429688
2023-01-07,0.3442,0.3457,0.3413,0.3442,103851424.0,3895.080078125,103.87999725341797,1864.199951171875,0.3569000005722046,144.47335815429688
2023-01-08,0.3442,0.3469,0.3354,0.3452,185516324.0,3895.080078125,103.87999725341797,1864.199951171875,0.3569000005722046,144.47335815429688
2023-01-09,0.3452,0.3576,0.3437,0.349,527746615.0,3892.090087890625,103.0,1872.699951171875,0.35169999599456786,144.47335815429688
2023-01-10,0.3489,0.3541,0.3432,0.3507,338577860.0,3919.25,103.23999786376953,1871.5999755859375,0.3621000051498413,144.47335815429688
2023-01-11,0.3506,0.3785,0.3477,0.3728,626037461.0,3969.610107421875,103.19000244140625,1874.5999755859375,0.35539999008178713,144.47335815429688
2023-01-12,0.3728,0.382,0.3607,0.3748,505754231.0,3983.169921875,102.25,1895.5,0.34489998817443845,144.47335815429688
2023-01-13,0.3748,0.3868,0.368,0.3858,405120914.0,3999.090087890625,102.19999694824219,1918.4000244140625,0.3510999917984009,144.47335815429688
2023-01-14,0.3857,0.4089,0.3766,0.3953,582781070.0,3999.090087890625,102.19999694824219,1918.4000244140625,0.3510999917984009,144.47335815429688
2023-01-15,0.3953,0.3969,0.3795,0.3845,294014260.0,3999.090087890625,102.19999694824219,1918.4000244140625,0.3510999917984009,144.47335815429688
2023-01-16,0.3846,0.4064,0.3777,0.3855,542041099.0,3999.090087890625,102.19999694824219,1918.4000244140625,0.3510999917984009,144.47335815429688
2023-01-17,0.3855,0.3987,0.379,0.3868,378212343.0,3990.969970703125,102.38999938964844,1907.199951171875,0.35350000858306885,144.47335815429688
2023-01-18,0.3868,0.3964,0.3655,0.3782,615064764.0,3928.860107421875,102.36000061035156,1904.4000244140625,0.3375,144.47335815429688
2023-01-19,0.3782,0.3965,0.3762,0.3928,416112670.0,3898.85009765625,102.05999755859375,1922.0999755859375,0.3397000074386597,144.47335815429688
2023-01-20,0.3929,0.4141,0.3859,0.4129,366316527.0,3972.610107421875,102.01000213623047,1926.4000244140625,0.3483999967575073,144.47335815429688
2023-01-21,0.4129,0.4166,0.3967,0.4034,346602583.0,3972.610107421875,102.01000213623047,1926.4000244140625,0.3483999967575073,144.47335815429688
2023-01-22,0.4034,0.4122,0.3962,0.4004,250067543.0,3972.610107421875,102.01000213623047,1926.4000244140625,0.3483999967575073,144.47335815429688
2023-01-23,0.4004,0.433,0.3995,0.4234,723894773.0,4019.81005859375,102.13999938964844,1927.0999755859375,0.35250000953674315,144.47335815429688
2023-01-24,0.4233,0.4312,0.4025,0.4078,411297898.0,4016.949951171875,101.91999816894531,1933.9000244140625,0.3469000101089478,144.47335815429688
2023-01-25,0.4079,0.4245,0.3965,0.417,375065459.0,4016.219970703125,101.63999938964844,1941.199951171875,0.34619998931884766,144.47335815429688
2023-01-26,0.417,0.4178,0.4053,0.4092,290069659.0,4060.429931640625,101.83999633789062,1929.0999755859375,0.3493000030517578,144.47335815429688
2023-01-27,0.4091,0.4135,0.3988,0.4128,274281738.0,4070.56005859375,101.93000030517578,1928.5999755859375,0.3517999887466431,144.47335815429688
2023-01-28,0.4127,0.4168,0.4055,0.4078,148949278.0,4070.56005859375,101.93000030517578,1928.5999755859375,0.3517999887466431,144.47335815429688
2023-01-29,0.4078,0.4173,0.4066,0.4134,166884667.0,4070.56005859375,101.93000030517578,1928.5999755859375,0.3517999887466431,144.47335815429688
2023-01-30,0.4135,0.4222,0.386,0.3934,433795926.0,4017.77001953125,102.27999877929688,1922.9000244140625,0.3551000118255615,144.47335815429688
2023-01-31,0.3933,0.4113,0.388,0.4057,346580963.0,4076.60009765625,102.0999984741211,1929.5,0.35290000438690183,144.47335815429688
2023-02-01,0.4058,0.4157,0.3962,0.4131,379103907.0,4119.2099609375,101.22000122070312,1927.800048828125,0.3397000074386597,144.47335815429688
2023-02-02,0.4132,0.4192,0.408,0.4098,322532370.0,4179.759765625,101.75,1916.300048828125,0.3395999908447266,144.47335815429688
2023-02-03,0.4097,0.4137,0.4054,0.4117,274689680.0,4136.47998046875,102.91999816894531,1862.9000244140625,0.35320000648498534,144.47335815429688
2023-02-04,0.4116,0.4204,0.4075,0.4106,178134111.0,4136.47998046875,102.91999816894531,1862.9000244140625,0.35320000648498534,144.47335815429688
2023-02-05,0.4106,0.412,0.3942,0.3984,237111362.0,4136.47998046875,102.91999816894531,1862.9000244140625,0.35320000648498534,144.47335815429688
2023-02-06,0.3985,0.4037,0.3909,0.392,315995053.0,4111.080078125,103.62000274658203,1866.199951171875,0.3634000062942505,144.47335815429688
2023-02-07,0.3921,0.4048,0.3901,0.4036,356160688.0,4164.0,103.43000030517578,1871.699951171875,0.36740000247955323,144.47335815429688
2023-02-08,0.4037,0.406,0.3936,0.3975,263188839.0,4117.85986328125,103.41000366210938,1877.4000244140625,0.36530001163482667,144.47335815429688
2023-02-09,0.3975,0.4092,0.3726,0.3819,526681339.0,4081.5,103.22000122070312,1866.199951171875,0.3683000087738037,144.47335815429688
2023-02-10,0.3818,0.3878,0.3771,0.3817,279931749.0,4090.4599609375,103.62999725341797,1862.800048828125,0.374399995803833,144.47335815429688
2023-02-11,0.3818,0.3841,0.3798,0.3833,123179600.0,4090.4599609375,103.62999725341797,1862.800048828125,0.374399995803833,144.47335815429688
2023-02-12,0.3834,0.385,0.3716,0.3747,135976322.0,4090.4599609375,103.62999725341797,1862.800048828125,0.374399995803833,144.47335815429688
2023-02-13,0.3747,0.3783,0.3612,0.3703,382768169.0,4137.2900390625,103.3499984741211,1851.9000244140625,0.37170000076293946,144.47335815429688
2023-02-14,0.3703,0.3839,0.3644,0.3819,372274074.0,4136.1298828125,103.2300033569336,1854.0,0.37609999179840087,144.47335815429688
2023-02-15,0.3819,0.4024,0.3765,0.4011,370966882.0,4147.60009765625,103.91999816894531,1834.199951171875,0.3809000015258789,144.47335815429688
2023-02-16,0.401,0.4048,0.384,0.3841,450636395.0,4090.409912109375,103.86000061035156,1842.0,0.38429999351501465,144.47335815429688
2023-02-17,0.3841,0.4,0.3809,0.395,358052399.0,4079.090087890625,103.86000061035156,1840.4000244140625,0.3828000068664551,144.47335815429688
2023-02-18,0.3949,0.3976,0.3911,0.3943,145625421.0,4079.090087890625,103.86000061035156,1840.4000244140625,0.3828000068664551,144.47335815429688
2023-02-19,0.3942,0.3981,0.3845,0.3863,237992952.0,4079.090087890625,103.86000061035156,1840.4000244140625,0.3828000068664551,144.47335815429688
2023-02-20,0.3862,0.409,0.3774,0.3984,557018367.0,4079.090087890625,103.86000061035156,1840.4000244140625,0.3828000068664551,144.47335815429688
2023-02-21,0.3985,0.4025,0.3872,0.3919,448284088.0,3997.340087890625,104.18000030517578,1833.0,0.39549999237060546,144.47335815429688
2023-02-22,0.392,0.3977,0.3828,0.3953,389277544.0,3991.050048828125,104.58999633789062,1832.0,0.392300009727478,144.47335815429688
2023-02-23,0.3953,0.3979,0.3853,0.3882,348351954.0,4012.320068359375,104.5999984741211,1818.0,0.3878999948501587,144.47335815429688
2023-02-24,0.3883,0.3908,0.3723,0.3783,356652233.0,3970.0400390625,105.20999908447266,1808.800048828125,0.3948999881744385,144.47335815429688
2023-02-25,0.3783,0.3795,0.3692,0.3778,179723963.0,3970.0400390625,105.20999908447266,1808.800048828125,0.3948999881744385,144.47335815429688
2023-02-26,0.3779,0.3807,0.3745,0.3779,130843027.0,3970.0400390625,105.20999908447266,1808.800048828125,0.3948999881744385,144.47335815429688
2023-02-27,0.3779,0.3801,0.3708,0.3785,421412885.0,3982.239990234375,104.66999816894531,1817.0,0.3921999931335449,144.47335815429688
2023-02-28,0.3785,0.3827,0.3719,0.3762,371401256.0,3970.14990234375,104.87000274658203,1828.9000244140625,0.3915999889373779,144.47335815429688
2023-03-01,0.3762,0.3848,0.3726,0.3835,317577485.0,3951.389892578125,104.4800033569336,1837.699951171875,0.399399995803833,144.47335815429688
2023-03-02,0.3836,0.3846,0.3737,0.3772,281873061.0,3981.35009765625,105.02999877929688,1833.5,0.4072999954223633,144.47335815429688
2023-03-03,0.3772,0.3806,0.3539,0.3774,490515388.0,4045.639892578125,104.5199966430664,1847.699951171875,0.396399998664856,144.47335815429688
2023-03-04,0.3773,0.38,0.368,0.3735,164275250.0,4045.639892578125,104.5199966430664,1847.699951171875,0.396399998664856,144.47335815429688
2023-03-05,0.3735,0.3774,0.3653,0.3668,163637644.0,4045.639892578125,104.5199966430664,1847.699951171875,0.396399998664856,144.47335815429688
2023-03-06,0.3668,0.3743,0.3589,0.3695,428373378.0,4048.419921875,104.3499984741211,1847.9000244140625,0.39830000400543214,144.47335815429688
2023-03-07,0.3696,0.3844,0.3669,0.3801,562644274.0,3986.3701171875,105.62000274658203,1813.9000244140625,0.39749999046325685,144.47335815429688
2023-03-08,0.3802,0.4018,0.3723,0.3889,682406723.0,3992.010009765625,105.66000366210938,1812.699951171875,0.39760000705718995,144.47335815429688
2023-03-09,0.3889,0.3976,0.3639,0.3706,655014119.0,3918.320068359375,105.30999755859375,1829.300048828125,0.39249999523162843,144.47335815429688
2023-03-10,0.3706,0.3752,0.3571,0.37,541098785.0,3861.590087890625,104.58000183105469,1862.0,0.3694999933242798,144.47335815429688
2023-03-11,0.3699,0.3741,0.3582,0.3638,342981412.0,3861.590087890625,104.58000183105469,1862.0,0.3694999933242798,144.47335815429688
2023-03-12,0.3637,0.3715,0.3473,0.3714,389760071.0,3861.590087890625,104.58000183105469,1862.0,0.3694999933242798,144.47335815429688
2023-03-13,0.3713,0.38,0.3553,0.3724,556402600.0,3855.760009765625,103.5999984741211,1911.699951171875,0.35150001049041746,144.47335815429688
2023-03-14,0.3724,0.387,0.3647,0.3724,544803822.0,3919.2900390625,103.5999984741211,1906.199951171875,0.3638000011444092,144.47335815429688
2023-03-15,0.3724,0.3757,0.356,0.3589,385093409.0,3891.929931640625,104.6500015258789,1926.5999755859375,0.3492000102996826,144.47335815429688
2023-03-16,0.3589,0.367,0.3562,0.3647,259083315.0,3960.280029296875,104.41999816894531,1919.0,0.35850000381469727,144.47335815429688
2023-03-17,0.3648,0.3825,0.362,0.3798,405873760.0,3916.639892578125,103.70999908447266,1969.800048828125,0.33949999809265136,144.47335815429688
2023-03-18,0.3797,0.3898,0.3691,0.3739,360335327.0,3916.639892578125,103.70999908447266,1969.800048828125,0.33949999809265136,144.47335815429688
2023-03-19,0.3739,0.4,0.3736,0.3857,476291604.0,3916.639892578125,103.70999908447266,1969.800048828125,0.33949999809265136,144.47335815429688
2023-03-20,0.3858,0.3913,0.3707,0.3734,443129416.0,3951.570068359375,103.27999877929688,1979.199951171875,0.3480999946594238,144.47335815429688
2023-03-21,0.3734,0.4929,0.3728,0.4696,1698380685.0,4002.8701171875,103.26000213623047,1938.0,0.36059999465942383,144.47335815429688
2023-03-22,0.4696,0.475,0.4069,0.4213,1409641087.0,3936.969970703125,102.3499984741211,1946.800048828125,0.35,144.47335815429688
2023-03-23,0.4213,0.4557,0.4116,0.4438,837629903.0,3948.719970703125,102.52999877929688,1993.800048828125,0.3405999898910522,144.47335815429688
2023-03-24,0.4437,0.444,0.4141,0.4259,507977567.0,3970.989990234375,103.12000274658203,1982.0999755859375,0.3380000114440918,144.47335815429688
2023-03-25,0.426,0.465,0.4223,0.4429,635312958.0,3970.989990234375,103.12000274658203,1982.0999755859375,0.3380000114440918,144.47335815429688
2023-03-26,0.4429,0.4632,0.4403,0.4479,364479792.0,3970.989990234375,103.12000274658203,1982.0999755859375,0.3380000114440918,144.47335815429688
2023-03-27,0.4479,0.4888,0.4425,0.479,1003256531.0,3977.530029296875,102.86000061035156,1952.4000244140625,0.35280001163482666,144.47335815429688
2023-03-28,0.4789,0.534,0.4666,0.5144,1126346466.0,3971.27001953125,102.43000030517578,1972.4000244140625,0.35639998912811277,144.47335815429688
2023-03-29,0.5145,0.585,0.5145,0.5425,1291815558.0,4027.81005859375,102.63999938964844,1966.0999755859375,0.3565999984741211,144.47335815429688
2023-03-30,0.5425,0.558,0.5214,0.5319,827691286.0,4050.830078125,102.13999938964844,1980.300048828125,0.3551000118255615,144.47335815429688
2023-03-31,0.5319,0.564,0.5257,0.5374,532875635.0,4109.31005859375,102.51000213623047,1969.0,0.349399995803833,144.47335815429688
2023-04-01,0.5375,0.5375,0.4972,0.5095,516087832.0,4109.31005859375,102.51000213623047,1969.0,0.349399995803833,144.47335815429688
2023-04-02,0.5095,0.529,0.5015,0.518,391347744.0,4109.31005859375,102.51000213623047,1969.0,0.349399995803833,144.47335815429688
2023-04-03,0.5179,0.525,0.481,0.4959,522070023.0,4124.509765625,102.08999633789062,1983.9000244140625,0.3430000066757202,144.47335815429688
2023-04-04,0.4958,0.5078,0.4871,0.5026,360227447.0,4100.60009765625,101.58999633789062,2022.199951171875,0.33369998931884765,144.47335815429688
2023-04-05,0.5026,0.5271,0.4986,0.5055,411989031.0,4090.3798828125,101.8499984741211,2020.9000244140625,0.3286999940872192,144.47335815429688
2023-04-06,0.5056,0.5097,0.4913,0.5028,315900045.0,4105.02001953125,101.81999969482422,2011.9000244140625,0.32880001068115233,144.47335815429688
2023-04-07,0.5028,0.5156,0.4971,0.5126,318185786.0,4105.02001953125,101.81999969482422,2011.9000244140625,0.32880001068115233,144.47335815429688
2023-04-08,0.5127,0.513,0.5022,0.5048,136614694.0,4105.02001953125,101.81999969482422,2011.9000244140625,0.32880001068115233,144.47335815429688
2023-04-09,0.5049,0.5093,0.4983,0.5054,116122379.0,4105.02001953125,101.81999969482422,2011.9000244140625,0.32880001068115233,144.47335815429688
2023-04-10,0.5053,0.5199,0.5,0.5176,264898196.0,4109.10986328125,102.58000183105469,1989.0999755859375,0.34149999618530275,144.47335815429688
2023-04-11,0.5176,0.5283,0.511,0.5167,358821527.0,4108.93994140625,102.19999694824219,2004.800048828125,0.3434000015258789,144.47335815429688
2023-04-12,0.5166,0.5179,0.4984,0.5049,339100343.0,4091.949951171875,101.5,2010.9000244140625,0.3421000003814697,144.47335815429688
2023-04-13,0.5049,0.5156,0.5014,0.5125,273342378.0,4146.22021484375,101.01000213623047,2041.300048828125,0.34519999027252196,144.47335815429688
2023-04-14,0.5124,0.5465,0.5111,0.5227,462335443.0,4137.64013671875,101.55000305175781,2002.199951171875,0.35220000743865965,144.47335815429688
2023-04-15,0.5227,0.5261,0.516,0.5192,152508925.0,4137.64013671875,101.55000305175781,2002.199951171875,0.35220000743865965,144.47335815429688
2023-04-16,0.5192,0.5244,0.5152,0.5209,157240759.0,4137.64013671875,101.55000305175781,2002.199951171875,0.35220000743865965,144.47335815429688
2023-04-17,0.5208,0.521,0.5066,0.5109,299749754.0,4151.31982421875,102.0999984741211,1994.199951171875,0.3591000080108643,144.47335815429688
2023-04-18,0.511,0.5391,0.5092,0.5324,358112470.0,4154.8701171875,101.75,2007.4000244140625,0.35720000267028806,144.47335815429688
2023-04-19,0.5325,0.5375,0.471,0.4911,620153279.0,4154.52001953125,101.97000122070312,1995.199951171875,0.36019999980926515,144.47335815429688
2023-04-20,0.4911,0.4993,0.465,0.4752,454997513.0,4129.7900390625,101.83999633789062,2007.5999755859375,0.35450000762939454,144.47335815429688
2023-04-21,0.4752,0.4792,0.4403,0.4491,425209825.0,4133.52001953125,101.81999969482422,1979.5,0.3569999933242798,144.47335815429688
2023-04-22,0.4491,0.4761,0.4455,0.4719,242021955.0,4133.52001953125,101.81999969482422,1979.5,0.3569999933242798,144.47335815429688
2023-04-23,0.472,0.472,0.4526,0.4647,222191297.0,4133.52001953125,101.81999969482422,1979.5,0.3569999933242798,144.47335815429688
2023-04-24,0.4648,0.4857,0.4469,0.4611,408426760.0,4137.0400390625,101.3499984741211,1989.0999755859375,0.35150001049041746,144.47335815429688
2023-04-25,0.461,0.4723,0.4506,0.4695,377056298.0,4071.6298828125,101.86000061035156,1994.0,0.3395999908447266,144.47335815429688
2023-04-26,0.4696,0.4831,0.4329,0.4618,551155391.0,4055.989990234375,101.47000122070312,1985.699951171875,0.3431999921798706,144.47335815429688
2023-04-27,0.4618,0.4699,0.4557,0.4667,345756985.0,4135.35009765625,101.5,1989.9000244140625,0.35280001163482666,144.47335815429688
2023-04-28,0.4666,0.483,0.4637,0.4796,384917512.0,4169.47998046875,101.66999816894531,1990.0999755859375,0.34519999027252196,144.47335815429688
2023-04-29,0.4795,0.4869,0.4709,0.478,175533507.0,4169.47998046875,101.66999816894531,1990.0999755859375,0.34519999027252196,144.47335815429688
2023-04-30,0.4779,0.4819,0.4687,0.4705,143199211.0,4169.47998046875,101.66999816894531,1990.0999755859375,0.34519999027252196,144.47335815429688
2023-05-01,0.4705,0.4724,0.4544,0.4649,338231418.0,4167.8701171875,102.1500015258789,1983.4000244140625,0.35739998817443847,144.47335815429688
2023-05-02,0.4648,0.4662,0.4574,0.4645,330734355.0,4119.580078125,101.95999908447266,2014.300048828125,0.3438999891281128,144.47335815429688
2023-05-03,0.4644,0.4655,0.4497,0.4632,341232638.0,4090.75,101.33999633789062,2028.5999755859375,0.34030001163482665,144.47335815429688
2023-05-04,0.4633,0.465,0.4547,0.4608,218212542.0,4061.219970703125,101.4000015258789,2048.0,0.33510000705718995,144.47335815429688
2023-05-05,0.4608,0.4706,0.4545,0.4671,292855620.0,4136.25,101.20999908447266,2017.4000244140625,0.3446000099182129,144.47335815429688
2023-05-06,0.4671,0.4695,0.4512,0.4582,168649976.0,4136.25,101.20999908447266,2017.4000244140625,0.3446000099182129,144.47335815429688
2023-05-07,0.4582,0.4601,0.4457,0.449,119401215.0,4136.25,101.20999908447266,2017.4000244140625,0.3446000099182129,144.47335815429688
2023-05-08,0.4491,0.4512,0.41,0.4283,483055933.0,4138.1201171875,101.37000274658203,2026.300048828125,0.35209999084472654,144.47335815429688
2023-05-09,0.4283,0.4308,0.4202,0.4289,331497882.0,4119.169921875,101.63999938964844,2036.199951171875,0.35209999084472654,144.47335815429688
2023-05-10,0.4289,0.434,0.4119,0.4303,334930240.0,4137.64013671875,101.4800033569336,2030.5,0.3438999891281128,144.47335815429688
2023-05-11,0.4303,0.4305,0.4114,0.4207,288769811.0,4130.6201171875,102.05999755859375,2014.699951171875,0.3397000074386597,144.47335815429688
2023-05-12,0.4207,0.4446,0.4157,0.4305,408757650.0,4124.080078125,102.68000030517578,2014.5,0.34630000591278076,144.47335815429688
2023-05-13,0.4305,0.4306,0.4227,0.424,102125283.0,4124.080078125,102.68000030517578,2014.5,0.34630000591278076,144.47335815429688
2023-05-14,0.424,0.4317,0.421,0.4253,97517794.0,4124.080078125,102.68000030517578,2014.5,0.34630000591278076,144.47335815429688
2023-05-15,0.4253,0.4304,0.4214,0.4273,263543031.0,4136.27978515625,102.43000030517578,2018.0,0.3507999897003174,144.47335815429688
2023-05-16,0.4273,0.443,0.4174,0.4425,357854908.0,4109.89990234375,102.55999755859375,1988.4000244140625,0.3549000024795532,144.47335815429688
2023-05-17,0.4426,0.4616,0.4375,0.4484,511331200.0,4158.77001953125,102.87999725341797,1980.699951171875,0.3581000089645386,144.47335815429688
2023-05-18,0.4485,0.473,0.443,0.4596,420292099.0,4198.0498046875,103.58000183105469,1956.5,0.3648000001907349,144.47335815429688
2023-05-19,0.4597,0.4755,0.4573,0.4675,327924286.0,4191.97998046875,103.19999694824219,1978.699951171875,0.3691999912261963,144.47335815429688
2023-05-20,0.4674,0.4719,0.4618,0.4685,133085427.0,4191.97998046875,103.19999694824219,1978.699951171875,0.3691999912261963,144.47335815429688
2023-05-21,0.4685,0.4706,0.455,0.4575,152105849.0,4191.97998046875,103.19999694824219,1978.699951171875,0.3691999912261963,144.47335815429688
2023-05-22,0.4574,0.4674,0.4496,0.4618,289989578.0,4192.6298828125,103.19999694824219,1974.800048828125,0.37190001010894774,144.47335815429688
2023-05-23,0.4618,0.4672,0.4583,0.4651,270491006.0,4145.580078125,103.48999786376953,1972.4000244140625,0.3697999954223633,144.47335815429688
2023-05-24,0.4651,0.4651,0.4457,0.453,334128026.0,4115.240234375,103.88999938964844,1962.800048828125,0.37190001010894774,144.47335815429688
2023-05-25,0.453,0.4551,0.4431,0.4538,190174437.0,4151.27978515625,104.20999908447266,1943.0999755859375,0.3813999891281128,144.47335815429688
2023-05-26,0.4538,0.4699,0.4524,0.4684,284645154.0,4205.4501953125,104.20999908447266,1944.0999755859375,0.3809999942779541,144.47335815429688
2023-05-27,0.4684,0.4792,0.4652,0.4714,178798933.0,4205.4501953125,104.20999908447266,1944.0999755859375,0.3809999942779541,144.47335815429688
2023-05-28,0.4714,0.4863,0.4699,0.482,166534206.0,4205.4501953125,104.20999908447266,1944.0999755859375,0.3809999942779541,144.47335815429688
2023-05-29,0.482,0.4954,0.4761,0.4946,328535756.0,4205.4501953125,104.20999908447266,1944.0999755859375,0.3809999942779541,144.47335815429688
2023-05-30,0.4946,0.5293,0.4893,0.5205,662891231.0,4205.52001953125,104.16999816894531,1958.0,0.3700000047683716,144.47335815429688
2023-05-31,0.5205,0.528,0.5009,0.5166,440917044.0,4179.830078125,104.31999969482422,1963.9000244140625,0.36370000839233396,144.47335815429688
2023-06-01,0.5167,0.5167,0.5014,0.5065,320782418.0,4221.02001953125,103.55999755859375,1978.0,0.3608000040054321,144.47335815429688
2023-06-02,0.5065,0.5271,0.5033,0.5244,293048961.0,4282.3701171875,104.0199966430664,1952.4000244140625,0.3690999984741211,144.47335815429688
2023-06-03,0.5245,0.534,0.5144,0.5188,172139129.0,4282.3701171875,104.0199966430664,1952.4000244140625,0.3690999984741211,144.47335815429688
2023-06-04,0.5188,0.547,0.5151,0.5359,250235168.0,4282.3701171875,104.0199966430664,1952.4000244140625,0.3690999984741211,144.47335815429688
2023-06-05,0.5359,0.5431,0.4867,0.509,616993814.0,4273.7900390625,104.0,1958.0,0.3693000078201294,144.47335815429688
2023-06-06,0.5089,0.5328,0.4952,0.53,458413458.0,4283.85009765625,104.12999725341797,1965.5,0.3698999881744385,144.47335815429688
2023-06-07,0.53,0.5384,0.507,0.5183,467474175.0,4267.52001953125,104.0999984741211,1942.699951171875,0.37839999198913576,144.47335815429688
2023-06-08,0.5183,0.5278,0.5156,0.5236,262982251.0,4293.93017578125,103.33999633789062,1963.5999755859375,0.37139999866485596,144.47335815429688
2023-06-09,0.5237,0.5418,0.5205,0.538,352068623.0,4298.85986328125,103.55999755859375,1962.199951171875,0.3744999885559082,144.47335815429688
2023-06-10,0.538,0.5388,0.472,0.5067,609302319.0,4298.85986328125,103.55999755859375,1962.199951171875,0.3744999885559082,144.47335815429688
2023-06-11,0.5067,0.5293,0.5027,0.5208,221202480.0,4298.85986328125,103.55999755859375,1962.199951171875,0.3744999885559082,144.47335815429688
2023-06-12,0.5209,0.528,0.5086,0.5251,356547544.0,4338.93017578125,103.62999725341797,1955.300048828125,0.3765000104904175,144.47335815429688
2023-06-13,0.5251,0.5658,0.5054,0.5192,771631184.0,4369.009765625,103.33999633789062,1944.5999755859375,0.38389999866485597,144.47335815429688
2023-06-14,0.5193,0.5205,0.461,0.4801,544396397.0,4372.58984375,103.01000213623047,1955.300048828125,0.37960000038146974,144.47335815429688
2023-06-15,0.4802,0.4858,0.4663,0.4801,337742736.0,4425.83984375,102.12000274658203,1957.800048828125,0.37279999256134033,144.47335815429688
2023-06-16,0.4801,0.4833,0.4558,0.4759,376661662.0,4409.58984375,102.30000305175781,1958.4000244140625,0.37690000534057616,144.47335815429688
2023-06-17,0.4758,0.4869,0.4694,0.4794,189579671.0,4409.58984375,102.30000305175781,1958.4000244140625,0.37690000534057616,144.47335815429688
2023-06-18,0.4794,0.4979,0.4741,0.4868,225020544.0,4409.58984375,102.30000305175781,1958.4000244140625,0.37690000534057616,144.47335815429688
2023-06-19,0.4868,0.4991,0.4811,0.4936,322187608.0,4409.58984375,102.30000305175781,1958.4000244140625,0.37690000534057616,144.47335815429688
2023-06-20,0.4935,0.4967,0.4716,0.4929,378325906.0,4388.7099609375,102.54000091552734,1935.5,0.37290000915527344,144.47335815429688
2023-06-21,0.4928,0.5034,0.4892,0.4999,408749828.0,4365.68994140625,102.06999969482422,1933.300048828125,0.3723000049591064,144.47335815429688
2023-06-22,0.4999,0.5272,0.4821,0.4938,442729597.0,4381.89013671875,102.38999938964844,1912.699951171875,0.37990000247955324,144.47335815429688
2023-06-23,0.4937,0.5023,0.484,0.4961,345391930.0,4348.330078125,102.9000015258789,1919.0999755859375,0.37390000820159913,144.47335815429688
2023-06-24,0.496,0.4961,0.478,0.4865,193097516.0,4348.330078125,102.9000015258789,1919.0999755859375,0.37390000820159913,144.47335815429688
2023-06-25,0.4865,0.4977,0.4829,0.4903,191583170.0,4348.330078125,102.9000015258789,1919.0999755859375,0.37390000820159913,144.47335815429688
2023-06-26,0.4903,0.4919,0.4701,0.479,305338027.0,4328.81982421875,102.69000244140625,1923.699951171875,0.37190001010894774,144.47335815429688
2023-06-27,0.479,0.4851,0.4759,0.4838,291583944.0,4378.41015625,102.48999786376953,1914.0,0.37679998874664306,144.47335815429688
2023-06-28,0.4839,0.4844,0.4493,0.4647,325837765.0,4376.85986328125,102.91000366210938,1912.300048828125,0.3710000038146973,144.47335815429688
2023-06-29,0.4648,0.4773,0.4612,0.4747,211214558.0,4396.43994140625,103.33999633789062,1909.199951171875,0.38540000915527345,144.47335815429688
2023-06-30,0.4747,0.4827,0.4498,0.4729,393612239.0,4450.3798828125,102.91000366210938,1921.0999755859375,0.3819000005722046,144.47335815429688
2023-07-01,0.473,0.476,0.464,0.4732,232549409.0,4450.3798828125,102.91000366210938,1921.0999755859375,0.3819000005722046,144.47335815429688
2023-07-02,0.4732,0.4961,0.4697,0.4845,337155089.0,4450.3798828125,102.91000366210938,1921.0999755859375,0.3819000005722046,144.47335815429688
2023-07-03,0.4844,0.4914,0.4784,0.489,357020349.0,4455.58984375,102.98999786376953,1921.699951171875,0.38580000400543213,144.47335815429688
2023-07-04,0.489,0.4935,0.4816,0.4872,299439491.0,4455.58984375,102.98999786376953,1921.699951171875,0.38580000400543213,144.47335815429688
2023-07-05,0.4872,0.4919,0.4696,0.4777,292620010.0,4446.81982421875,103.37000274658203,1919.5999755859375,0.39449999332427976,144.47335815429688
2023-07-06,0.4777,0.4842,0.4612,0.4622,304125111.0,4411.58984375,103.16999816894531,1908.699951171875,0.4040999889373779,144.47335815429688
2023-07-07,0.4622,0.4708,0.4575,0.4687,230688947.0,4398.9501953125,102.2699966430664,1926.199951171875,0.4050000190734863,144.47335815429688
2023-07-08,0.4686,0.4748,0.4649,0.4704,116031881.0,4398.9501953125,102.2699966430664,1926.199951171875,0.4050000190734863,144.47335815429688
2023-07-09,0.4705,0.4717,0.4664,0.468,80147955.0,4398.9501953125,102.2699966430664,1926.199951171875,0.4050000190734863,144.47335815429688
2023-07-10,0.4681,0.48,0.4622,0.478,334545737.0,4409.52978515625,101.97000122070312,1925.0,0.400600004196167,144.47335815429688
2023-07-11,0.478,0.4784,0.4709,0.4753,225681776.0,4439.259765625,101.7300033569336,1931.300048828125,0.39800000190734863,144.47335815429688
2023-07-12,0.4753,0.4772,0.4648,0.471,220670755.0,4472.16015625,100.5199966430664,1956.199951171875,0.38610000610351564,144.47335815429688
2023-07-13,0.471,0.938,0.4695,0.8153,2499971165.0,4510.0400390625,99.7699966430664,1959.199951171875,0.37609999179840087,144.47335815429688
2023-07-14,0.8151,0.8253,0.6686,0.7179,1525175518.0,4505.419921875,99.91000366210938,1960.0999755859375,0.3819000005722046,144.47335815429688
2023-07-15,0.7178,0.7362,0.6919,0.7145,703355719.0,4505.419921875,99.91000366210938,1960.0999755859375,0.3819000005722046,144.47335815429688
2023-07-16,0.7144,0.79,0.702,0.7468,946644269.0,4505.419921875,99.91000366210938,1960.0999755859375,0.3819000005722046,144.47335815429688
2023-07-17,0.7468,0.7662,0.7122,0.7374,608872143.0,4522.7900390625,99.83999633789062,1952.4000244140625,0.3796999931335449,144.47335815429688
2023-07-18,0.7373,0.785,0.7304,0.7779,598030609.0,4554.97998046875,99.94000244140625,1977.199951171875,0.37890000343322755,144.47335815429688
2023-07-19,0.778,0.8547,0.7685,0.8199,913495953.0,4565.72021484375,100.27999877929688,1977.5,0.37420001029968264,144.47335815429688
2023-07-20,0.8198,0.8489,0.771,0.7942,643507521.0,4534.8701171875,100.87999725341797,1968.300048828125,0.38540000915527345,144.47335815429688
2023-07-21,0.7942,0.7987,0.7601,0.7713,411233974.0,4536.33984375,101.06999969482422,1964.300048828125,0.38369998931884763,144.47335815429688
2023-07-22,0.7713,0.7799,0.7215,0.7331,324984749.0,4536.33984375,101.06999969482422,1964.300048828125,0.38369998931884763,144.47335815429688
2023-07-23,0.733,0.7525,0.7149,0.7384,293811431.0,4536.33984375,101.06999969482422,1964.300048828125,0.38369998931884763,144.47335815429688
2023-07-24,0.7384,0.743,0.6808,0.7021,513611905.0,4554.64013671875,101.3499984741211,1960.300048828125,0.38570001125335696,144.47335815429688
2023-07-25,0.702,0.7163,0.6743,0.7089,393523223.0,4567.4599609375,101.3499984741211,1962.0999755859375,0.3911999940872192,144.47335815429688
2023-07-26,0.709,0.7313,0.6927,0.7161,369415295.0,4566.75,100.88999938964844,1968.9000244140625,0.38510000705718994,144.47335815429688
2023-07-27,0.7161,0.7328,0.7061,0.7139,312450860.0,4537.41015625,101.7699966430664,1945.4000244140625,0.401200008392334,144.47335815429688
2023-07-28,0.7138,0.7189,0.7021,0.712,200990844.0,4582.22998046875,101.62000274658203,1960.4000244140625,0.39690001010894777,144.47335815429688
2023-07-29,0.7119,0.7158,0.7041,0.7121,105603908.0,4582.22998046875,101.62000274658203,1960.4000244140625,0.39690001010894777,144.47335815429688
2023-07-30,0.7122,0.7358,0.6825,0.7046,267572438.0,4582.22998046875,101.62000274658203,1960.4000244140625,0.39690001010894777,144.47335815429688
2023-07-31,0.7047,0.7205,0.685,0.6976,378390957.0,4588.9599609375,101.86000061035156,1970.5,0.39590001106262207,144.47335815429688
2023-08-01,0.6976,0.7082,0.6732,0.7069,366664318.0,4576.72998046875,102.30000305175781,1940.699951171875,0.40510001182556155,144.47335815429688
2023-08-02,0.7069,0.7081,0.6762,0.685,257325957.0,4513.39013671875,102.58999633789062,1937.4000244140625,0.40780000686645507,144.47335815429688
2023-08-03,0.6849,0.6875,0.6543,0.663,353547025.0,4501.89013671875,102.54000091552734,1932.0,0.4189000129699707,144.47335815429688
2023-08-04,0.6629,0.6677,0.625,0.6356,350885648.0,4478.02978515625,102.0199966430664,1939.5999755859375,0.4059999942779541,144.47335815429688
2023-08-05,0.6356,0.6358,0.6106,0.6288,290912373.0,4478.02978515625,102.0199966430664,1939.5999755859375,0.4059999942779541,144.47335815429688
2023-08-06,0.6288,0.6388,0.6214,0.624,201522971.0,4478.02978515625,102.0199966430664,1939.5999755859375,0.4059999942779541,144.47335815429688
2023-08-07,0.624,0.6299,0.5967,0.6236,446625792.0,4518.43994140625,102.05000305175781,1933.5,0.40780000686645507,144.47335815429688
2023-08-08,0.6235,0.6482,0.6141,0.6418,377837388.0,4499.3798828125,102.52999877929688,1924.0999755859375,0.40260000228881837,144.47335815429688
2023-08-09,0.6418,0.6662,0.6314,0.6433,440268396.0,4467.7099609375,102.48999786376953,1915.4000244140625,0.401200008392334,144.47335815429688
2023-08-10,0.6434,0.6445,0.6241,0.6331,294658012.0,4468.830078125,102.5199966430664,1914.4000244140625,0.40799999237060547,144.47335815429688
2023-08-11,0.6331,0.6413,0.6257,0.6318,225898829.0,4464.0498046875,102.83999633789062,1912.9000244140625,0.41680002212524414,144.47335815429688
2023-08-12,0.6317,0.6335,0.6224,0.6276,87289374.0,4464.0498046875,102.83999633789062,1912.9000244140625,0.41680002212524414,144.47335815429688
2023-08-13,0.6276,0.6385,0.6235,0.6256,137308778.0,4464.0498046875,102.83999633789062,1912.9000244140625,0.41680002212524414,144.47335815429688
2023-08-14,0.6256,0.6369,0.6241,0.6343,260175236.0,4489.72021484375,103.19000244140625,1910.5999755859375,0.4184000015258789,144.47335815429688
2023-08-15,0.6342,0.6348,0.58,0.6104,388356202.0,4437.85986328125,103.20999908447266,1902.5,0.42210001945495607,144.47335815429688
2023-08-16,0.6104,0.617,0.572,0.5889,581618879.0,4404.330078125,103.41999816894531,1896.0999755859375,0.4257999897003174,144.47335815429688
2023-08-17,0.589,0.5948,0.4226,0.5064,847602528.0,4370.35986328125,103.44000244140625,1884.0999755859375,0.4308000087738037,144.47335815429688
2023-08-18,0.5064,0.523,0.4829,0.5062,724839898.0,4369.7099609375,103.37999725341797,1886.0999755859375,0.4250999927520752,144.47335815429688
2023-08-19,0.5062,0.5249,0.5006,0.5199,298930279.0,4369.7099609375,103.37999725341797,1886.0999755859375,0.4250999927520752,144.47335815429688
2023-08-20,0.52,0.5582,0.516,0.5384,452910011.0,4369.7099609375,103.37999725341797,1886.0999755859375,0.4250999927520752,144.47335815429688
2023-08-21,0.5385,0.5398,0.503,0.5245,528716245.0,4399.77001953125,103.33000183105469,1893.300048828125,0.43420000076293946,144.47335815429688
2023-08-22,0.5245,0.5256,0.5032,0.521,422200069.0,4387.5498046875,103.55999755859375,1896.4000244140625,0.4328000068664551,144.47335815429688
2023-08-23,0.5211,0.5368,0.5157,0.5301,286855957.0,4436.009765625,103.36000061035156,1918.5,0.4197999954223633,144.47335815429688
2023-08-24,0.5302,0.5319,0.5111,0.5187,252154333.0,4376.31005859375,103.9800033569336,1918.199951171875,0.42350001335144044,144.47335815429688
2023-08-25,0.5187,0.5319,0.5078,0.5258,326124248.0,4405.7099609375,104.08000183105469,1911.0999755859375,0.4238999843597412,144.47335815429688
2023-08-26,0.5258,0.5283,0.5178,0.5231,110436094.0,4405.7099609375,104.08000183105469,1911.0999755859375,0.4238999843597412,144.47335815429688
2023-08-27,0.5231,0.5303,0.5163,0.5236,132391247.0,4405.7099609375,104.08000183105469,1911.0999755859375,0.4238999843597412,144.47335815429688
2023-08-28,0.5235,0.525,0.5102,0.5232,266211960.0,4433.31005859375,104.05999755859375,1917.9000244140625,0.42119998931884767,144.47335815429688
2023-08-29,0.5232,0.5496,0.5131,0.5398,458921685.0,4497.6298828125,103.55000305175781,1936.5,0.4122000217437744,144.47335815429688
2023-08-30,0.5398,0.5404,0.5216,0.5284,279526116.0,4514.8701171875,103.16000366210938,1944.300048828125,0.4118000030517578,144.47335815429688
2023-08-31,0.5284,0.5288,0.495,0.511,359350681.0,4507.66015625,103.62000274658203,1938.199951171875,0.40929999351501467,144.47335815429688
2023-09-01,0.511,0.512,0.4864,0.498,390869888.0,4515.77001953125,104.23999786376953,1939.800048828125,0.4172999858856201,144.47335815429688
2023-09-02,0.4981,0.5029,0.4943,0.4988,173634913.0,4515.77001953125,104.23999786376953,1939.800048828125,0.4172999858856201,144.47335815429688
2023-09-03,0.4989,0.5107,0.4971,0.5047,148603214.0,4515.77001953125,104.23999786376953,1939.800048828125,0.4172999858856201,144.47335815429688
2023-09-04,0.5047,0.513,0.4966,0.5087,293271541.0,4515.77001953125,104.23999786376953,1939.800048828125,0.4172999858856201,144.47335815429688
2023-09-05,0.5087,0.5088,0.499,0.5056,260333041.0,4496.830078125,104.80999755859375,1926.199951171875,0.426800012588501,144.47335815429688
2023-09-06,0.5056,0.5058,0.4909,0.5033,255134232.0,4465.47998046875,104.86000061035156,1918.0999755859375,0.4289999961853027,144.47335815429688
2023-09-07,0.5033,0.5069,0.4965,0.505,209969723.0,4451.14013671875,105.05999755859375,1917.5,0.4260000228881836,144.47335815429688
2023-09-08,0.5051,0.5076,0.4941,0.505,223628172.0,4457.490234375,105.08999633789062,1918.4000244140625,0.4257999897003174,144.47335815429688
2023-09-09,0.5049,0.5049,0.5015,0.5038,69132813.0,4457.490234375,105.08999633789062,1918.4000244140625,0.4257999897003174,144.47335815429688
2023-09-10,0.5038,0.5039,0.4923,0.4969,144849888.0,4457.490234375,105.08999633789062,1918.4000244140625,0.4257999897003174,144.47335815429688
2023-09-11,0.4969,0.4982,0.459,0.4744,484437445.0,4487.4599609375,104.56999969482422,1923.300048828125,0.42880001068115237,144.47335815429688
2023-09-12,0.4744,0.4867,0.47,0.4804,356403388.0,4461.89990234375,104.70999908447266,1911.300048828125,0.42639999389648436,144.47335815429688
2023-09-13,0.4804,0.4897,0.4723,0.4832,274586793.0,4467.43994140625,104.7699966430664,1909.0999755859375,0.4249000072479248,144.47335815429688
2023-09-14,0.4833,0.4941,0.4799,0.4892,232539752.0,4505.10009765625,105.41000366210938,1910.0,0.42880001068115237,144.47335815429688
2023-09-15,0.4892,0.5086,0.4874,0.5005,305608308.0,4450.31982421875,105.31999969482422,1923.699951171875,0.4322000026702881,144.47335815429688
2023-09-16,0.5004,0.5035,0.4968,0.4998,132881408.0,4450.31982421875,105.31999969482422,1923.699951171875,0.4322000026702881,144.47335815429688
2023-09-17,0.4997,0.5004,0.4894,0.4925,142846615.0,4450.31982421875,105.31999969482422,1923.699951171875,0.4322000026702881,144.47335815429688
2023-09-18,0.4925,0.5077,0.4864,0.503,298374742.0,4453.52978515625,105.19999694824219,1931.5,0.4318999767303467,144.47335815429688
2023-09-19,0.503,0.5166,0.5005,0.514,295258283.0,4443.9501953125,105.19999694824219,1932.0,0.43649997711181643,144.47335815429688
2023-09-20,0.5139,0.5254,0.5065,0.5212,288497937.0,4402.2001953125,105.16000366210938,1945.5999755859375,0.43489999771118165,144.47335815429688
2023-09-21,0.5213,0.5214,0.5001,0.5071,277323578.0,4330.0,105.36000061035156,1919.199951171875,0.4480000019073486,144.47335815429688
2023-09-22,0.5072,0.517,0.5036,0.5122,233893377.0,4320.06005859375,105.58000183105469,1925.4000244140625,0.4438000202178955,144.47335815429688
2023-09-23,0.5122,0.5138,0.5055,0.5076,101716334.0,4320.06005859375,105.58000183105469,1925.4000244140625,0.4438000202178955,144.47335815429688
2023-09-24,0.5076,0.5118,0.4984,0.5021,112889323.0,4320.06005859375,105.58000183105469,1925.4000244140625,0.4438000202178955,144.47335815429688
2023-09-25,0.502,0.5072,0.4912,0.5056,303674393.0,4337.43994140625,106.0,1916.5999755859375,0.45419998168945314,144.47335815429688
2023-09-26,0.5056,0.5075,0.496,0.5019,271054261.0,4273.52978515625,106.2300033569336,1900.4000244140625,0.4558000087738037,144.47335815429688
2023-09-27,0.5019,0.5071,0.4968,0.4993,237514582.0,4274.509765625,106.66999816894531,1871.5999755859375,0.4625999927520752,144.47335815429688
2023-09-28,0.4993,0.5102,0.4952,0.5098,247906960.0,4299.7001953125,106.22000122070312,1860.4000244140625,0.45970001220703127,144.47335815429688
2023-09-29,0.5097,0.5494,0.5061,0.5215,604996777.0,4288.0498046875,106.16999816894531,1848.0999755859375,0.45729999542236327,144.47335815429688
2023-09-30,0.5215,0.5218,0.5134,0.5149,144866051.0,4288.0498046875,106.16999816894531,1848.0999755859375,0.45729999542236327,144.47335815429688
2023-10-01,0.5148,0.526,0.5137,0.5241,167673504.0,4288.0498046875,106.16999816894531,1848.0999755859375,0.45729999542236327,144.47335815429688
2023-10-02,0.524,0.5266,0.5075,0.5123,319018957.0,4288.39013671875,106.9000015258789,1830.0,0.46830000877380373,144.47335815429688
2023-10-03,0.5122,0.5479,0.5055,0.539,398167814.0,4229.4501953125,107.0,1824.5999755859375,0.48020000457763673,144.47335815429688
2023-10-04,0.5391,0.5426,0.5194,0.5326,422012491.0,4263.75,106.80000305175781,1818.5,0.47350001335144043,144.47335815429688
2023-10-05,0.5326,0.5326,0.5155,0.5227,234313709.0,4258.18994140625,106.33000183105469,1816.5999755859375,0.47170000076293944,144.47335815429688
2023-10-06,0.5227,0.5298,0.5169,0.5255,219784262.0,4308.5,106.04000091552734,1830.199951171875,0.47839999198913574,144.47335815429688
2023-10-07,0.5255,0.5258,0.5197,0.5216,63137112.0,4308.5,106.04000091552734,1830.199951171875,0.47839999198913574,144.47335815429688
2023-10-08,0.5216,0.5234,0.5153,0.5174,82864720.0,4308.5,106.04000091552734,1830.199951171875,0.47839999198913574,144.47335815429688
2023-10-09,0.5174,0.5201,0.4875,0.5027,322604658.0,4335.66015625,106.08000183105469,1849.5,0.47969999313354494,144.47335815429688
2023-10-10,0.5027,0.5027,0.4917,0.4965,228001743.0,4358.240234375,105.83000183105469,1861.0,0.465500020980835,144.47335815429688
2023-10-11,0.4964,0.4977,0.4788,0.4888,241504648.0,4376.9501953125,105.81999969482422,1872.800048828125,0.45949997901916506,144.47335815429688
2023-10-12,0.4889,0.4889,0.4729,0.483,259545095.0,4349.60986328125,106.56999969482422,1869.300048828125,0.47119998931884766,144.47335815429688
2023-10-13,0.4831,0.4907,0.4786,0.4851,257150898.0,4327.77978515625,106.6500015258789,1927.4000244140625,0.4629000186920166,144.47335815429688
2023-10-14,0.4852,0.4883,0.4835,0.4865,93826664.0,4327.77978515625,106.6500015258789,1927.4000244140625,0.4629000186920166,144.47335815429688
2023-10-15,0.4866,0.4902,0.485,0.4874,101648635.0,4327.77978515625,106.6500015258789,1927.4000244140625,0.4629000186920166,144.47335815429688
2023-10-16,0.4874,0.5109,0.485,0.4978,405705160.0,4373.6298828125,106.23999786376953,1921.0999755859375,0.47119998931884766,144.47335815429688
2023-10-17,0.4977,0.498,0.4845,0.4912,268586946.0,4373.2001953125,106.25,1922.699951171875,0.48470001220703124,144.47335815429688
2023-10-18,0.4911,0.4924,0.4855,0.4878,202731261.0,4314.60009765625,106.56999969482422,1955.300048828125,0.49039998054504397,144.47335815429688
2023-10-19,0.4878,0.5245,0.4769,0.5197,445455672.0,4278.0,106.25,1968.4000244140625,0.498799991607666,144.47335815429688
2023-10-20,0.5197,0.5309,0.5084,0.5149,412008957.0,4224.16015625,106.16000366210938,1982.5,0.4923999786376953,144.47335815429688
2023-10-21,0.515,0.5325,0.5109,0.5208,179110644.0,4224.16015625,106.16000366210938,1982.5,0.4923999786376953,144.47335815429688
2023-10-22,0.5208,0.5242,0.5118,0.5226,165306102.0,4224.16015625,106.16000366210938,1982.5,0.4923999786376953,144.47335815429688
2023-10-23,0.5226,0.5536,0.5199,0.5475,522483834.0,4217.0400390625,105.54000091552734,1976.300048828125,0.48379998207092284,144.47335815429688
2023-10-24,0.5475,0.5866,0.5346,0.5588,798801237.0,4247.68017578125,106.2699966430664,1975.0,0.48400001525878905,144.47335815429688
2023-10-25,0.5587,0.5639,0.5404,0.5552,369106629.0,4186.77001953125,106.52999877929688,1984.0999755859375,0.4953000068664551,144.47335815429688
2023-10-26,0.5552,0.5695,0.5426,0.5533,397423009.0,4137.22998046875,106.5999984741211,1987.199951171875,0.48449997901916503,144.47335815429688
2023-10-27,0.5534,0.5588,0.5325,0.543,312543838.0,4117.3701171875,106.55999755859375,1988.5999755859375,0.48449997901916503,144.47335815429688
2023-10-28,0.543,0.5506,0.5405,0.5446,110912293.0,4117.3701171875,106.55999755859375,1988.5999755859375,0.48449997901916503,144.47335815429688
2023-10-29,0.5446,0.5614,0.5405,0.5561,160069611.0,4117.3701171875,106.55999755859375,1988.5999755859375,0.48449997901916503,144.47335815429688
2023-10-30,0.556,0.5843,0.5494,0.578,436757242.0,4166.81982421875,106.12000274658203,1996.199951171875,0.4875,144.47335815429688
2023-10-31,0.578,0.6213,0.5627,0.5996,621793128.0,4193.7998046875,106.66000366210938,1985.199951171875,0.4875,144.47335815429688
2023-11-01,0.5995,0.6164,0.5802,0.6085,468312081.0,4237.85986328125,106.87999725341797,1978.800048828125,0.47890000343322753,144.47335815429688
2023-11-02,0.6084,0.6262,0.5865,0.6054,438254076.0,4317.77978515625,106.12000274658203,1985.5999755859375,0.46690001487731936,144.47335815429688
2023-11-03,0.6053,0.615,0.5914,0.6121,329096876.0,4358.33984375,105.0199966430664,1991.5,0.4558000087738037,144.47335815429688
2023-11-04,0.612,0.6181,0.6083,0.6149,142897570.0,4358.33984375,105.0199966430664,1991.5,0.4558000087738037,144.47335815429688
2023-11-05,0.6149,0.663,0.6137,0.6607,418017252.0,4358.33984375,105.0199966430664,1991.5,0.4558000087738037,144.47335815429688
2023-11-06,0.6606,0.7324,0.6584,0.7148,703629362.0,4365.97998046875,105.22000122070312,1981.5999755859375,0.46620001792907717,144.47335815429688
2023-11-07,0.7147,0.7155,0.65,0.685,618276758.0,4378.3798828125,105.54000091552734,1966.800048828125,0.45710000991821287,144.47335815429688
2023-11-08,0.6851,0.699,0.6725,0.6869,344396095.0,4382.77978515625,105.58999633789062,1951.5,0.452299976348877,144.47335815429688
2023-11-09,0.6869,0.7069,0.63,0.6665,777778139.0,4347.35009765625,105.91000366210938,1964.199951171875,0.4630000114440918,144.47335815429688
2023-11-10,0.6667,0.6711,0.6359,0.6595,464857348.0,4415.240234375,105.86000061035156,1932.5999755859375,0.4627999782562256,144.47335815429688
2023-11-11,0.6594,0.69,0.6401,0.6626,380232188.0,4415.240234375,105.86000061035156,1932.5999755859375,0.4627999782562256,144.47335815429688
2023-11-12,0.6626,0.6709,0.6458,0.6613,216031217.0,4415.240234375,105.86000061035156,1932.5999755859375,0.4627999782562256,144.47335815429688
2023-11-13,0.6612,0.75,0.6397,0.6702,749884441.0,4411.5498046875,105.66000366210938,1945.5,0.4631999969482422,144.47335815429688
2023-11-14,0.6701,0.6724,0.5967,0.6296,597417769.0,4495.7001953125,104.11000061035156,1961.800048828125,0.44409999847412107,144.47335815429688
2023-11-15,0.6296,0.6504,0.6251,0.6481,339283800.0,4502.8798828125,104.38999938964844,1960.0999755859375,0.45349998474121095,144.47335815429688
2023-11-16,0.6482,0.653,0.6033,0.6119,440591531.0,4508.240234375,104.37000274658203,1983.9000244140625,0.4445000171661377,144.47335815429688
2023-11-17,0.6118,0.6244,0.5859,0.6133,368525340.0,4514.02001953125,103.81999969482422,1981.5999755859375,0.44409999847412107,144.47335815429688
2023-11-18,0.6132,0.6144,0.589,0.6106,192040293.0,4514.02001953125,103.81999969482422,1981.5999755859375,0.44409999847412107,144.47335815429688
2023-11-19,0.6106,0.6286,0.6012,0.6258,240044861.0,4514.02001953125,103.81999969482422,1981.5999755859375,0.44409999847412107,144.47335815429688
2023-11-20,0.6258,0.6282,0.6061,0.6122,298231745.0,4547.3798828125,103.47000122070312,1977.699951171875,0.4421999931335449,144.47335815429688
2023-11-21,0.6121,0.6178,0.5725,0.5788,468850910.0,4538.18994140625,103.58999633789062,1999.300048828125,0.44180002212524416,144.47335815429688
2023-11-22,0.5787,0.6162,0.5774,0.6109,346216216.0,4556.6201171875,103.91999816894531,1991.4000244140625,0.44159998893737795,144.47335815429688
2023-11-23,0.6109,0.6238,0.6059,0.6209,305693192.0,4556.6201171875,103.91999816894531,1991.4000244140625,0.44159998893737795,144.47335815429688
2023-11-24,0.6208,0.6258,0.6155,0.6212,303149239.0,4559.33984375,103.4000015258789,2002.199951171875,0.44720001220703126,144.47335815429688
2023-11-25,0.6212,0.6238,0.6157,0.6228,121921267.0,4559.33984375,103.4000015258789,2002.199951171875,0.44720001220703126,144.47335815429688
2023-11-26,0.6228,0.6375,0.6064,0.6157,266307412.0,4559.33984375,103.4000015258789,2002.199951171875,0.44720001220703126,144.47335815429688
2023-11-27,0.6157,0.6168,0.5937,0.6039,309411406.0,4550.43017578125,103.19999694824219,2011.800048828125,0.4388999938964844,144.47335815429688
2023-11-28,0.6039,0.6139,0.5957,0.6107,286127938.0,4554.89013671875,102.75,2039.699951171875,0.43359999656677245,144.47335815429688
2023-11-29,0.6106,0.617,0.604,0.6091,235341461.0,4550.580078125,102.7699966430664,2047.0999755859375,0.42709999084472655,144.47335815429688
2023-11-30,0.609,0.6099,0.5982,0.6063,232714430.0,4567.7998046875,103.5,2038.0999755859375,0.43520002365112304,144.47335815429688
2023-12-01,0.6063,0.6143,0.6031,0.6125,248446111.0,4594.6298828125,103.2699966430664,2071.0,0.42259998321533204,144.47335815429688
2023-12-02,0.6126,0.6229,0.611,0.6208,144130252.0,4594.6298828125,103.2699966430664,2071.0,0.42259998321533204,144.47335815429688
2023-12-03,0.6207,0.6342,0.6168,0.6229,240660124.0,4594.6298828125,103.2699966430664,2071.0,0.42259998321533204,144.47335815429688
2023-12-04,0.6229,0.6439,0.582,0.6245,492198799.0,4569.77978515625,103.63999938964844,2024.0999755859375,0.42880001068115237,144.47335815429688
2023-12-05,0.6246,0.6307,0.6076,0.621,369372743.0,4567.18017578125,104.05000305175781,2018.5,0.4171000003814697,144.47335815429688
2023-12-06,0.621,0.6437,0.6104,0.64,498860756.0,4549.33984375,104.1500015258789,2030.5,0.4120999813079834,144.47335815429688
2023-12-07,0.64,0.6544,0.6204,0.6432,454683854.0,4585.58984375,103.54000091552734,2029.9000244140625,0.4129000186920166,144.47335815429688
2023-12-08,0.6431,0.6756,0.6373,0.6721,497144485.0,4604.3701171875,104.01000213623047,1998.300048828125,0.4244999885559082,144.47335815429688
2023-12-09,0.672,0.7,0.651,0.6584,522942153.0,4604.3701171875,104.01000213623047,1998.300048828125,0.4244999885559082,144.47335815429688
2023-12-10,0.6584,0.6715,0.6468,0.6617,251001949.0,4604.3701171875,104.01000213623047,1998.300048828125,0.4244999885559082,144.47335815429688
2023-12-11,0.6617,0.6628,0.6,0.6187,601855237.0,4622.43994140625,104.0999984741211,1978.0,0.4238999843597412,144.47335815429688
2023-12-12,0.6187,0.6263,0.6067,0.6192,372907112.0,4643.7001953125,103.87000274658203,1977.800048828125,0.42059998512268065,144.47335815429688
2023-12-13,0.6191,0.6348,0.5925,0.6275,383566539.0,4707.08984375,102.87000274658203,1982.300048828125,0.40329999923706056,144.47335815429688
2023-12-14,0.6276,0.6379,0.6053,0.6316,340698850.0,4719.5498046875,101.95999908447266,2030.199951171875,0.3930000066757202,144.47335815429688
2023-12-15,0.6316,0.6441,0.6116,0.6156,356613976.0,4719.18994140625,102.55000305175781,2021.0999755859375,0.39279999732971194,144.47335815429688
2023-12-16,0.6156,0.6258,0.61,0.6203,160755138.0,4719.18994140625,102.55000305175781,2021.0999755859375,0.39279999732971194,144.47335815429688
2023-12-17,0.6202,0.6237,0.6084,0.6103,176476817.0,4719.18994140625,102.55000305175781,2021.0999755859375,0.39279999732971194,144.47335815429688
2023-12-18,0.6103,0.6145,0.5778,0.6125,477105096.0,4740.56005859375,102.51000213623047,2026.300048828125,0.3953999996185303,144.47335815429688
2023-12-19,0.6125,0.6167,0.5972,0.6047,309456484.0,4768.3701171875,102.16999816894531,2038.4000244140625,0.3921999931335449,144.47335815429688
2023-12-20,0.6047,0.6264,0.601,0.6171,380133323.0,4698.35009765625,102.41000366210938,2034.5,0.3877000093460083,144.47335815429688
2023-12-21,0.6171,0.6249,0.6103,0.6241,294263304.0,4746.75,101.83999633789062,2039.0999755859375,0.38940000534057617,144.47335815429688
2023-12-22,0.624,0.6317,0.6154,0.6244,386616422.0,4754.6298828125,101.69999694824219,2057.10009765625,0.39010000228881836,144.47335815429688
2023-12-23,0.6243,0.6249,0.6106,0.6195,170948891.0,4754.6298828125,101.69999694824219,2057.10009765625,0.39010000228881836,144.47335815429688
2023-12-24,0.6195,0.6295,0.6035,0.6121,305003397.0,4754.6298828125,101.69999694824219,2057.10009765625,0.39010000228881836,144.47335815429688
2023-12-25,0.6122,0.6488,0.6082,0.6462,501529244.0,4754.6298828125,101.69999694824219,2057.10009765625,0.39010000228881836,144.47335815429688
2023-12-26,0.6461,0.6469,0.6,0.6219,427204990.0,4774.75,101.47000122070312,2058.199951171875,0.3885999917984009,144.47335815429688
2023-12-27,0.6219,0.6421,0.6127,0.634,363959180.0,4781.580078125,100.98999786376953,2081.89990234375,0.37890000343322755,144.47335815429688
2023-12-28,0.6341,0.6584,0.6249,0.6346,468193003.0,4783.35009765625,101.2300033569336,2073.89990234375,0.38499999046325684,144.47335815429688
2023-12-29,0.6346,0.6363,0.6121,0.623,347060742.0,4769.830078125,101.33000183105469,2062.39990234375,0.3865999937057495,144.47335815429688
2023-12-30,0.6229,0.6297,0.6158,0.6207,168141907.0,4769.830078125,101.33000183105469,2062.39990234375,0.3865999937057495,144.47335815429688
2023-12-31,0.6207,0.6285,0.6055,0.6156,160978768.0,4769.830078125,101.33000183105469,2062.39990234375,0.3865999937057495,144.47335815429688
2024-01-01,0.6155,0.6309,0.6083,0.6294,165869400.0,4769.830078125,101.33000183105469,2062.39990234375,0.3865999937057495,144.47335815429688
2024-01-02,0.6295,0.6405,0.6213,0.6246,371069494.0,4742.830078125,102.19999694824219,2064.39990234375,0.39460000991821287,144.47335815429688
2024-01-03,0.6245,0.6394,0.5,0.5823,1063513320.0,4704.81005859375,102.45999908447266,2034.199951171875,0.3907000064849854,144.47335815429688
2024-01-04,0.5823,0.5938,0.5692,0.5868,384638363.0,4688.68017578125,102.41999816894531,2042.300048828125,0.3990999937057495,144.47335815429688
2024-01-05,0.5868,0.5885,0.553,0.5757,383229345.0,4697.240234375,102.41000366210938,2042.4000244140625,0.40419998168945315,144.47335815429688
2024-01-06,0.5758,0.5758,0.5568,0.5679,166749051.0,4697.240234375,102.41000366210938,2042.4000244140625,0.40419998168945315,144.47335815429688
2024-01-07,0.568,0.573,0.5454,0.5515,226717559.0,4697.240234375,102.41000366210938,2042.4000244140625,0.40419998168945315,144.47335815429688
2024-01-08,0.5515,0.5821,0.5442,0.5776,520587965.0,4763.5400390625,102.20999908447266,2026.5999755859375,0.40019998550415037,144.47335815429688
2024-01-09,0.5776,0.5793,0.5531,0.5669,454568370.0,4756.5,102.56999969482422,2026.4000244140625,0.4019000053405762,144.47335815429688
2024-01-10,0.567,0.615,0.5489,0.6008,565711997.0,4783.4501953125,102.36000061035156,2021.699951171875,0.403000020980835,144.47335815429688
2024-01-11,0.6008,0.624,0.5856,0.6019,513518254.0,4780.240234375,102.29000091552734,2014.300048828125,0.3976999998092651,144.47335815429688
2024-01-12,0.6019,0.6035,0.5515,0.5699,462016509.0,4783.830078125,102.4000015258789,2046.699951171875,0.3950000047683716,144.47335815429688
2024-01-13,0.5699,0.5775,0.563,0.5747,144723019.0,4783.830078125,102.4000015258789,2046.699951171875,0.3950000047683716,144.47335815429688
2024-01-14,0.5746,0.5932,0.5717,0.5763,188471401.0,4783.830078125,102.4000015258789,2046.699951171875,0.3950000047683716,144.47335815429688
2024-01-15,0.5763,0.5895,0.5687,0.5757,267118552.0,4783.830078125,102.4000015258789,2046.699951171875,0.3950000047683716,144.47335815429688
2024-01-16,0.5757,0.5797,0.5659,0.5757,250036650.0,4765.97998046875,103.36000061035156,2026.0,0.4065999984741211,144.47335815429688
2024-01-17,0.5758,0.5763,0.5611,0.5685,229435711.0,4739.2099609375,103.44999694824219,2002.5999755859375,0.4105999946594238,144.47335815429688
2024-01-18,0.5685,0.569,0.543,0.552,286860737.0,4780.93994140625,103.54000091552734,2018.5999755859375,0.4144000053405762,144.47335815429688
2024-01-19,0.552,0.5537,0.5216,0.5443,412467369.0,4839.81005859375,103.29000091552734,2026.5,0.41459999084472654,144.47335815429688
2024-01-20,0.5443,0.5551,0.539,0.5534,190027866.0,4839.81005859375,103.29000091552734,2026.5,0.41459999084472654,144.47335815429688
2024-01-21,0.5534,0.5552,0.5451,0.5464,115018674.0,4839.81005859375,103.29000091552734,2026.5,0.41459999084472654,144.47335815429688
2024-01-22,0.5464,0.5497,0.5169,0.5275,340622198.0,4850.43017578125,103.33000183105469,2019.800048828125,0.40939998626708984,144.47335815429688
2024-01-23,0.5275,0.5318,0.4962,0.5183,468522571.0,4864.60009765625,103.62000274658203,2023.699951171875,0.4142000198364258,144.47335815429688
2024-01-24,0.5183,0.5194,0.511,0.5181,256315507.0,4868.5498046875,103.23999786376953,2013.9000244140625,0.4177999973297119,144.47335815429688
2024-01-25,0.5182,0.5182,0.5037,0.5138,251423038.0,4894.16015625,103.56999969482422,2016.9000244140625,0.41319999694824217,144.47335815429688
2024-01-26,0.5139,0.5368,0.5084,0.5323,345499020.0,4890.97021484375,103.47000122070312,2016.800048828125,0.4159999847412109,144.47335815429688
2024-01-27,0.5322,0.5349,0.5262,0.5303,109437595.0,4890.97021484375,103.47000122070312,2016.800048828125,0.4159999847412109,144.47335815429688
2024-01-28,0.5304,0.5355,0.5211,0.5241,133344725.0,4890.97021484375,103.47000122070312,2016.800048828125,0.4159999847412109,144.47335815429688
2024-01-29,0.5242,0.54,0.5193,0.5352,315810144.0,4927.93017578125,103.61000061035156,2025.199951171875,0.40910000801086427,144.47335815429688
2024-01-30,0.5351,0.5393,0.5071,0.5107,551143127.0,4924.97021484375,103.4000015258789,2031.5,0.4059000015258789,144.47335815429688
2024-01-31,0.5106,0.5144,0.4853,0.5033,485421774.0,4845.64990234375,103.2699966430664,2048.39990234375,0.39670000076293943,144.47335815429688
2024-02-01,0.5033,0.5107,0.49,0.5058,339711167.0,4906.18994140625,103.05000305175781,2053.0,0.38629999160766604,144.47335815429688
2024-02-02,0.5057,0.5142,0.4987,0.5105,362229325.0,4958.60986328125,103.91999816894531,2036.0999755859375,0.40329999923706056,144.47335815429688
2024-02-03,0.5106,0.527,0.506,0.5186,268503943.0,4958.60986328125,103.91999816894531,2036.0999755859375,0.40329999923706056,144.47335815429688
2024-02-04,0.5187,0.5192,0.5003,0.5032,156461025.0,4958.60986328125,103.91999816894531,2036.0999755859375,0.40329999923706056,144.47335815429688
2024-02-05,0.5031,0.5143,0.4969,0.5069,316744221.0,4942.81005859375,104.44999694824219,2025.699951171875,0.41640000343322753,144.47335815429688
2024-02-06,0.5069,0.5112,0.4981,0.505,296361361.0,4954.22998046875,104.18000030517578,2034.5,0.40900001525878904,144.47335815429688
2024-02-07,0.505,0.5155,0.4993,0.5138,337065844.0,4995.06005859375,104.04000091552734,2035.199951171875,0.41100001335144043,144.47335815429688
2024-02-08,0.5138,0.52,0.5101,0.5147,319558939.0,4997.91015625,104.1500015258789,2032.199951171875,0.41700000762939454,144.47335815429688
2024-02-09,0.5146,0.5282,0.514,0.5262,381663993.0,5026.60986328125,104.08000183105469,2023.300048828125,0.4186999797821045,144.47335815429688
2024-02-10,0.5262,0.5282,0.5186,0.5239,136051851.0,5026.60986328125,104.08000183105469,2023.300048828125,0.4186999797821045,144.47335815429688
2024-02-11,0.5239,0.536,0.5216,0.5261,218992618.0,5026.60986328125,104.08000183105469,2023.300048828125,0.4186999797821045,144.47335815429688
2024-02-12,0.5262,0.538,0.5143,0.5315,383946428.0,5021.83984375,104.16999816894531,2018.199951171875,0.41719999313354494,144.47335815429688
2024-02-13,0.5315,0.5338,0.514,0.5247,398803382.0,4953.169921875,104.95999908447266,1992.9000244140625,0.4315999984741211,144.47335815429688
2024-02-14,0.5246,0.5418,0.5203,0.5378,402071120.0,5000.6201171875,104.72000122070312,1990.300048828125,0.4267000198364258,144.47335815429688
2024-02-15,0.5378,0.5769,0.537,0.5622,640584098.0,5029.72998046875,104.30000305175781,2002.0999755859375,0.4239999771118164,144.47335815429688
2024-02-16,0.5622,0.5791,0.5523,0.5643,522111567.0,5005.56982421875,104.27999877929688,2011.5,0.42950000762939455,144.47335815429688
2024-02-17,0.5643,0.5655,0.5392,0.5496,254033578.0,5005.56982421875,104.27999877929688,2011.5,0.42950000762939455,144.47335815429688
2024-02-18,0.5496,0.5625,0.5471,0.5571,199644484.0,5005.56982421875,104.27999877929688,2011.5,0.42950000762939455,144.47335815429688
2024-02-19,0.557,0.5679,0.5538,0.5626,361659945.0,5005.56982421875,104.27999877929688,2011.5,0.42950000762939455,144.47335815429688
2024-02-20,0.5626,0.5751,0.543,0.5622,577494529.0,4975.509765625,104.08000183105469,2027.5,0.42750000953674316,144.47335815429688
2024-02-21,0.5622,0.5629,0.5326,0.5491,443537294.0,4981.7998046875,104.01000213623047,2022.300048828125,0.43249998092651365,144.47335815429688
2024-02-22,0.549,0.5517,0.5366,0.541,363824441.0,5087.02978515625,103.95999908447266,2019.699951171875,0.43270001411437986,144.47335815429688
2024-02-23,0.541,0.5437,0.5251,0.5342,435074448.0,5088.7998046875,103.94000244140625,2038.5999755859375,0.4260000228881836,144.47335815429688
2024-02-24,0.5342,0.5481,0.5313,0.545,201672485.0,5088.7998046875,103.94000244140625,2038.5999755859375,0.4260000228881836,144.47335815429688
2024-02-25,0.5449,0.5489,0.542,0.5425,200338025.0,5088.7998046875,103.94000244140625,2038.5999755859375,0.4260000228881836,144.47335815429688
2024-02-26,0.5424,0.5528,0.5288,0.5506,442051388.0,5069.52978515625,103.83000183105469,2028.5,0.4298999786376953,144.47335815429688
2024-02-27,0.5506,0.5976,0.5476,0.5861,852720045.0,5078.18017578125,103.83000183105469,2034.0,0.4315000057220459,144.47335815429688
2024-02-28,0.5862,0.6059,0.53,0.575,1038133713.0,5069.759765625,103.9800033569336,2033.0,0.427400016784668,144.47335815429688
2024-02-29,0.5749,0.626,0.5669,0.5867,1323123117.0,5096.27001953125,104.16000366210938,2045.699951171875,0.4251999855041504,144.47335815429688
2024-03-01,0.5868,0.6034,0.5829,0.6013,545783016.0,5137.080078125,103.86000061035156,2086.89990234375,0.4179999828338623,144.47335815429688
2024-03-02,0.6013,0.6501,0.5993,0.6442,891150692.0,5137.080078125,103.86000061035156,2086.89990234375,0.4179999828338623,144.47335815429688
2024-03-03,0.6442,0.6446,0.59,0.6271,626556050.0,5137.080078125,103.86000061035156,2086.89990234375,0.4179999828338623,144.47335815429688
2024-03-04,0.6271,0.666,0.615,0.6477,1053563753.0,5130.9501953125,103.83000183105469,2117.699951171875,0.42189998626708985,144.47335815429688
2024-03-05,0.6476,0.6685,0.5386,0.5912,1554937673.0,5078.64990234375,103.80000305175781,2133.5,0.413700008392334,144.47335815429688
2024-03-06,0.5913,0.624,0.5754,0.6121,832599729.0,5104.759765625,103.37000274658203,2150.300048828125,0.4104000091552734,144.47335815429688
2024-03-07,0.6121,0.6394,0.6064,0.627,789389082.0,5157.35986328125,102.81999969482422,2158.0,0.40920000076293944,144.47335815429688
2024-03-08,0.6271,0.6338,0.6,0.62,648298999.0,5123.68994140625,102.73999786376953,2178.60009765625,0.40890002250671387,144.47335815429688
2024-03-09,0.62,0.6323,0.6158,0.6197,399105613.0,5123.68994140625,102.73999786376953,2178.60009765625,0.40890002250671387,144.47335815429688
2024-03-10,0.6198,0.6278,0.5965,0.608,431213931.0,5123.68994140625,102.73999786376953,2178.60009765625,0.40890002250671387,144.47335815429688
2024-03-11,0.608,0.744,0.583,0.723,2035920643.0,5117.93994140625,102.87000274658203,2182.5,0.4104000091552734,144.47335815429688
2024-03-12,0.723,0.7332,0.6585,0.688,1164823272.0,5175.27001953125,102.95999908447266,2160.39990234375,0.41550002098083494,144.47335815429688
2024-03-13,0.688,0.7026,0.6684,0.6891,629718012.0,5165.31005859375,102.79000091552734,2175.39990234375,0.4191999912261963,144.47335815429688
2024-03-14,0.6891,0.7077,0.6378,0.669,866913230.0,5150.47998046875,103.36000061035156,2163.0,0.42979998588562013,144.47335815429688
2024-03-15,0.669,0.6759,0.596,0.6342,1046569627.0,5117.08984375,103.43000030517578,2157.300048828125,0.4303999900817871,144.47335815429688
2024-03-16,0.6341,0.6479,0.5915,0.6031,637944105.0,5117.08984375,103.43000030517578,2157.300048828125,0.4303999900817871,144.47335815429688
2024-03-17,0.603,0.6249,0.5869,0.6191,520417354.0,5117.08984375,103.43000030517578,2157.300048828125,0.4303999900817871,144.47335815429688
2024-03-18,0.6191,0.6686,0.5946,0.6453,868146942.0,5149.419921875,103.58000183105469,2160.699951171875,0.43400001525878906,144.47335815429688
2024-03-19,0.6453,0.6489,0.5712,0.5845,1036258366.0,5178.509765625,103.80999755859375,2156.300048828125,0.4296999931335449,144.47335815429688
2024-03-20,0.5845,0.6187,0.5681,0.6107,802805428.0,5224.6201171875,103.41000366210938,2157.89990234375,0.42729997634887695,144.47335815429688
2024-03-21,0.6108,0.6546,0.5972,0.6404,799317843.0,5241.52978515625,104.0,2182.39990234375,0.42709999084472655,144.47335815429688
2024-03-22,0.6403,0.6454,0.5985,0.6115,580029104.0,5234.18017578125,104.43000030517578,2158.10009765625,0.4217999935150146,144.47335815429688
2024-03-23,0.6115,0.6329,0.6032,0.6167,278695151.0,5234.18017578125,104.43000030517578,2158.10009765625,0.4217999935150146,144.47335815429688
2024-03-24,0.6168,0.6358,0.6133,0.6325,304667124.0,5234.18017578125,104.43000030517578,2158.10009765625,0.4217999935150146,144.47335815429688
2024-03-25,0.6326,0.6629,0.6263,0.6406,598260361.0,5218.18994140625,104.2300033569336,2174.800048828125,0.42529997825622556,144.47335815429688
2024-03-26,0.6405,0.653,0.625,0.6317,483920076.0,5203.580078125,104.29000091552734,2175.60009765625,0.4234000205993652,144.47335815429688
2024-03-27,0.6317,0.6349,0.6055,0.6118,576105586.0,5248.490234375,104.3499984741211,2190.60009765625,0.4196000099182129,144.47335815429688
2024-03-28,0.6119,0.6378,0.6033,0.6244,500717330.0,5254.35009765625,104.55000305175781,2217.39990234375,0.42059998512268065,144.47335815429688
2024-03-29,0.6243,0.6455,0.6087,0.6301,536802072.0,5254.35009765625,104.55000305175781,2217.39990234375,0.42059998512268065,144.47335815429688
2024-03-30,0.63,0.6372,0.6178,0.6212,275028227.0,5254.35009765625,104.55000305175781,2217.39990234375,0.42059998512268065,144.47335815429688
2024-03-31,0.6211,0.6301,0.6204,0.6292,181972969.0,5254.35009765625,104.55000305175781,2217.39990234375,0.42059998512268065,144.47335815429688
2024-04-01,0.6292,0.6336,0.5947,0.611,546287523.0,5243.77001953125,105.0199966430664,2236.5,0.43289999961853026,144.47335815429688
2024-04-02,0.611,0.6185,0.579,0.5854,648286441.0,5205.81005859375,104.81999969482422,2261.0,0.43649997711181643,144.47335815429688
2024-04-03,0.5854,0.593,0.5663,0.5742,493903933.0,5211.490234375,104.25,2294.39990234375,0.4355000019073486,144.47335815429688
2024-04-04,0.5741,0.6176,0.5623,0.5935,701629386.0,5147.2099609375,104.12000274658203,2288.800048828125,0.43090000152587893,144.47335815429688
2024-04-05,0.5934,0.5939,0.5687,0.5871,421470900.0,5204.33984375,104.30000305175781,2325.699951171875,0.4377999782562256,144.47335815429688
2024-04-06,0.587,0.5988,0.5852,0.593,165404890.0,5204.33984375,104.30000305175781,2325.699951171875,0.4377999782562256,144.47335815429688
2024-04-07,0.593,0.6028,0.5894,0.5944,210766117.0,5204.33984375,104.30000305175781,2325.699951171875,0.4377999782562256,144.47335815429688
2024-04-08,0.5945,0.6265,0.5881,0.6147,512812491.0,5202.39013671875,104.13999938964844,2331.699951171875,0.4423999786376953,144.47335815429688
2024-04-09,0.6146,0.6431,0.6012,0.6141,648585747.0,5209.91015625,104.1500015258789,2343.5,0.4366000175476074,144.47335815429688
2024-04-10,0.614,0.6204,0.5928,0.6172,449695736.0,5160.64013671875,105.25,2329.60009765625,0.4559999942779541,144.47335815429688
2024-04-11,0.6171,0.6214,0.6029,0.6086,316314812.0,5199.06005859375,105.27999877929688,2354.800048828125,0.4576000213623047,144.47335815429688
2024-04-12,0.6085,0.6159,0.5068,0.5468,903224330.0,5123.41015625,106.04000091552734,2356.199951171875,0.4499000072479248,144.47335815429688
2024-04-13,0.5468,0.5491,0.4188,0.4788,1199425184.0,5123.41015625,106.04000091552734,2356.199951171875,0.4499000072479248,144.47335815429688
2024-04-14,0.4788,0.5073,0.4637,0.5033,820741178.0,5123.41015625,106.04000091552734,2356.199951171875,0.4499000072479248,144.47335815429688
2024-04-15,0.5034,0.5189,0.4811,0.4977,680790708.0,5061.81982421875,106.20999908447266,2365.800048828125,0.4627999782562256,144.47335815429688
2024-04-16,0.4977,0.5021,0.4754,0.4965,535103938.0,5051.41015625,106.26000213623047,2390.800048828125,0.46589999198913573,144.47335815429688
2024-04-17,0.4965,0.5081,0.4715,0.4951,496078590.0,5022.2099609375,105.94999694824219,2371.699951171875,0.45850000381469724,144.47335815429688
2024-04-18,0.4951,0.5057,0.4856,0.5025,408855589.0,5011.1201171875,106.1500015258789,2382.300048828125,0.46469998359680176,144.47335815429688
2024-04-19,0.5026,0.5108,0.4665,0.503,649243049.0,4967.22998046875,106.1500015258789,2398.39990234375,0.4614999771118164,144.47335815429688
2024-04-20,0.503,0.53,0.4981,0.5288,323152269.0,4967.22998046875,106.1500015258789,2398.39990234375,0.4614999771118164,144.47335815429688
2024-04-21,0.5288,0.5367,0.5183,0.5246,209381366.0,4967.22998046875,106.1500015258789,2398.39990234375,0.4614999771118164,144.47335815429688
2024-04-22,0.5246,0.5715,0.5221,0.556,481213218.0,5010.60009765625,106.08000183105469,2332.199951171875,0.4623000144958496,144.47335815429688
2024-04-23,0.556,0.5576,0.5415,0.5445,395536969.0,5070.5498046875,105.69000244140625,2327.699951171875,0.45980000495910645,144.47335815429688
2024-04-24,0.5445,0.5519,0.5212,0.5275,437750382.0,5071.6298828125,105.86000061035156,2324.5,0.46519999504089354,144.47335815429688
2024-04-25,0.5276,0.5327,0.5137,0.5254,358100461.0,5048.419921875,105.5999984741211,2329.800048828125,0.47059998512268064,144.47335815429688
2024-04-26,0.5254,0.5361,0.5143,0.5261,354085810.0,5099.9599609375,105.94000244140625,2334.800048828125,0.46690001487731936,144.47335815429688
2024-04-27,0.5261,0.5265,0.508,0.5179,195569696.0,5099.9599609375,105.94000244140625,2334.800048828125,0.46690001487731936,144.47335815429688
2024-04-28,0.5178,0.5253,0.5085,0.5103,135893039.0,5099.9599609375,105.94000244140625,2334.800048828125,0.46690001487731936,144.47335815429688
2024-04-29,0.5104,0.5175,0.4986,0.5151,347828455.0,5116.169921875,105.58000183105469,2345.39990234375,0.4613999843597412,144.47335815429688
2024-04-30,0.515,0.5198,0.4875,0.5006,395591280.0,5035.68994140625,106.22000122070312,2291.39990234375,0.4685999870300293,144.47335815429688
2024-05-01,0.5006,0.5214,0.4782,0.5175,478521177.0,5018.39013671875,105.76000213623047,2299.89990234375,0.45949997901916506,144.47335815429688
2024-05-02,0.5175,0.5245,0.5067,0.518,344602656.0,5064.2001953125,105.30000305175781,2299.199951171875,0.45710000991821287,144.47335815429688
2024-05-03,0.518,0.5367,0.5145,0.5317,363626848.0,5127.7900390625,105.02999877929688,2299.0,0.45,144.47335815429688
2024-05-04,0.5317,0.541,0.5272,0.5302,158694221.0,5127.7900390625,105.02999877929688,2299.0,0.45,144.47335815429688
2024-05-05,0.5302,0.5334,0.524,0.5296,112344720.0,5127.7900390625,105.02999877929688,2299.0,0.45,144.47335815429688
2024-05-06,0.5295,0.5703,0.5247,0.5402,567274807.0,5180.740234375,105.05000305175781,2321.60009765625,0.4488999843597412,144.47335815429688
2024-05-07,0.5401,0.5443,0.5217,0.5245,346192205.0,5187.7001953125,105.41000366210938,2315.199951171875,0.44629998207092286,144.47335815429688
2024-05-08,0.5244,0.53,0.5153,0.5171,346832658.0,5187.669921875,105.55000305175781,2313.60009765625,0.4492000102996826,144.47335815429688
2024-05-09,0.517,0.5238,0.5087,0.5209,299812797.0,5214.080078125,105.2300033569336,2332.10009765625,0.4448999881744385,144.47335815429688
2024-05-10,0.5209,0.5209,0.497,0.5022,356081362.0,5222.68017578125,105.30999755859375,2367.300048828125,0.4504000186920166,144.47335815429688
2024-05-11,0.5022,0.5079,0.5005,0.5059,99554446.0,5222.68017578125,105.30999755859375,2367.300048828125,0.4504000186920166,144.47335815429688
2024-05-12,0.5059,0.5088,0.4957,0.4993,96995150.0,5222.68017578125,105.30999755859375,2367.300048828125,0.4504000186920166,144.47335815429688
2024-05-13,0.4993,0.5121,0.4866,0.5053,307847853.0,5221.419921875,105.22000122070312,2336.10009765625,0.44809999465942385,144.47335815429688
2024-05-14,0.5052,0.5132,0.4972,0.5002,306746811.0,5246.68017578125,105.01000213623047,2353.39990234375,0.4445000171661377,144.47335815429688
2024-05-15,0.5002,0.5196,0.4967,0.5188,323956909.0,5308.14990234375,104.3499984741211,2388.699951171875,0.43559999465942384,144.47335815429688
2024-05-16,0.5188,0.5228,0.5123,0.5157,327561119.0,5297.10009765625,104.45999908447266,2380.0,0.4376999855041504,144.47335815429688
2024-05-17,0.5158,0.5292,0.5135,0.5234,286496760.0,5303.27001953125,104.44999694824219,2412.199951171875,0.4420000076293945,144.47335815429688
2024-05-18,0.5235,0.5256,0.5186,0.5213,90176826.0,5303.27001953125,104.44999694824219,2412.199951171875,0.4420000076293945,144.47335815429688
2024-05-19,0.5213,0.5236,0.5063,0.5096,112974578.0,5303.27001953125,104.44999694824219,2412.199951171875,0.4420000076293945,144.47335815429688
2024-05-20,0.5096,0.538,0.5064,0.5377,404880454.0,5308.1298828125,104.56999969482422,2433.89990234375,0.4436999797821045,144.47335815429688
2024-05-21,0.5377,0.5571,0.5319,0.537,491396281.0,5321.41015625,104.66000366210938,2421.699951171875,0.44140000343322755,144.47335815429688
2024-05-22,0.537,0.5383,0.5224,0.5268,303183587.0,5307.009765625,104.94000244140625,2389.199951171875,0.4434000015258789,144.47335815429688
2024-05-23,0.5268,0.5488,0.5027,0.5289,585134596.0,5267.83984375,105.11000061035156,2335.0,0.44749999046325684,144.47335815429688
2024-05-24,0.5288,0.5375,0.5168,0.536,322992520.0,5304.72021484375,104.72000122070312,2332.5,0.4467000007629395,144.47335815429688
2024-05-25,0.5359,0.5426,0.5318,0.5416,132376204.0,5304.72021484375,104.72000122070312,2332.5,0.4467000007629395,144.47335815429688
2024-05-26,0.5416,0.542,0.5255,0.5283,108799266.0,5304.72021484375,104.72000122070312,2332.5,0.4467000007629395,144.47335815429688
2024-05-27,0.5283,0.5409,0.5236,0.534,244982717.0,5304.72021484375,104.72000122070312,2332.5,0.4467000007629395,144.47335815429688
2024-05-28,0.5339,0.5355,0.5211,0.5287,282469800.0,5306.0400390625,104.61000061035156,2355.199951171875,0.45419998168945314,144.47335815429688
2024-05-29,0.5286,0.5334,0.52,0.5238,316791079.0,5266.9501953125,105.0999984741211,2340.300048828125,0.4624000072479248,144.47335815429688
2024-05-30,0.5238,0.5283,0.5127,0.5186,361762802.0,5235.47998046875,104.72000122070312,2342.89990234375,0.4553999900817871,144.47335815429688
2024-05-31,0.5185,0.5259,0.5119,0.5176,304398744.0,5277.509765625,104.66999816894531,2322.89990234375,0.4513999938964844,144.47335815429688
2024-06-01,0.5176,0.5219,0.5174,0.5187,88294554.0,5277.509765625,104.66999816894531,2322.89990234375,0.4513999938964844,144.47335815429688
2024-06-02,0.5187,0.5209,0.508,0.5135,130902096.0,5277.509765625,104.66999816894531,2322.89990234375,0.4513999938964844,144.47335815429688
2024-06-03,0.5135,0.5232,0.5118,0.5199,237659106.0,5283.39990234375,104.13999938964844,2346.60009765625,0.4401999950408936,144.47335815429688
2024-06-04,0.5199,0.5303,0.5182,0.5257,252531633.0,5291.33984375,104.11000061035156,2325.5,0.43359999656677245,144.47335815429688
2024-06-05,0.5257,0.5326,0.524,0.5258,248045273.0,5354.02978515625,104.2699966430664,2354.10009765625,0.42890000343322754,144.47335815429688
2024-06-06,0.5259,0.5281,0.5164,0.5215,289657499.0,5352.9599609375,104.0999984741211,2370.300048828125,0.4281000137329102,144.47335815429688
2024-06-07,0.5214,0.528,0.4508,0.4991,549543388.0,5346.990234375,104.88999938964844,2305.199951171875,0.4429999828338623,144.47335815429688
2024-06-08,0.4991,0.5008,0.4897,0.4926,152121412.0,5346.990234375,104.88999938964844,2305.199951171875,0.4429999828338623,144.47335815429688
2024-06-09,0.4927,0.4992,0.4909,0.4986,90936082.0,5346.990234375,104.88999938964844,2305.199951171875,0.4429999828338623,144.47335815429688
2024-06-10,0.4987,0.506,0.4933,0.4969,249759346.0,5360.7900390625,105.1500015258789,2307.699951171875,0.4468999862670898,144.47335815429688
2024-06-11,0.4969,0.497,0.4707,0.4802,429410619.0,5375.31982421875,105.2300033569336,2307.5,0.4403999805450439,144.47335815429688
2024-06-12,0.4803,0.4982,0.4742,0.4916,341106347.0,5421.02978515625,104.6500015258789,2336.0,0.42950000762939455,144.47335815429688
2024-06-13,0.4917,0.4917,0.4756,0.4769,290198216.0,5433.740234375,105.19999694824219,2300.199951171875,0.423799991607666,144.47335815429688
2024-06-14,0.4768,0.4814,0.4601,0.4746,389318737.0,5431.60009765625,105.55000305175781,2331.39990234375,0.42129998207092284,144.47335815429688
2024-06-15,0.4746,0.5053,0.474,0.4908,176444562.0,5431.60009765625,105.55000305175781,2331.39990234375,0.42129998207092284,144.47335815429688
2024-06-16,0.4908,0.4997,0.4878,0.4891,161562815.0,5431.60009765625,105.55000305175781,2331.39990234375,0.42129998207092284,144.47335815429688
2024-06-17,0.4891,0.5213,0.4838,0.5047,584945066.0,5473.22998046875,105.31999969482422,2312.39990234375,0.42789998054504397,144.47335815429688
2024-06-18,0.5048,0.5096,0.469,0.491,582727016.0,5487.02978515625,105.26000213623047,2330.39990234375,0.42170000076293945,144.47335815429688
2024-06-19,0.4909,0.4996,0.4868,0.4933,260612342.0,5487.02978515625,105.26000213623047,2330.39990234375,0.42170000076293945,144.47335815429688
2024-06-20,0.4933,0.5023,0.4883,0.4888,324974220.0,5473.169921875,105.58999633789062,2353.800048828125,0.4254000186920166,144.47335815429688
2024-06-21,0.4888,0.4959,0.4797,0.4889,336098409.0,5464.6201171875,105.80000305175781,2316.39990234375,0.4256999969482422,144.47335815429688
2024-06-22,0.489,0.4897,0.4841,0.4866,79168277.0,5464.6201171875,105.80000305175781,2316.39990234375,0.4256999969482422,144.47335815429688
2024-06-23,0.4867,0.4892,0.4742,0.4797,95099780.0,5464.6201171875,105.80000305175781,2316.39990234375,0.4256999969482422,144.47335815429688
2024-06-24,0.4798,0.4825,0.462,0.474,385123013.0,5447.8701171875,105.47000122070312,2330.0,0.4248000144958496,144.47335815429688
2024-06-25,0.4741,0.4802,0.4731,0.4757,226045665.0,5469.2998046875,105.61000061035156,2316.60009765625,0.423799991607666,144.47335815429688
2024-06-26,0.4758,0.4783,0.4652,0.4698,243409484.0,5477.89990234375,106.05000305175781,2299.199951171875,0.4315999984741211,144.47335815429688
2024-06-27,0.4697,0.4771,0.4657,0.4753,243549420.0,5482.8701171875,105.91000366210938,2324.5,0.42880001068115237,144.47335815429688
2024-06-28,0.4753,0.4811,0.4692,0.4716,264186218.0,5460.47998046875,105.87000274658203,2327.699951171875,0.43429999351501464,144.47335815429688
2024-06-29,0.4716,0.4768,0.4716,0.4727,57959490.0,5460.47998046875,105.87000274658203,2327.699951171875,0.43429999351501464,144.47335815429688
2024-06-30,0.4727,0.4784,0.4701,0.4761,82862100.0,5460.47998046875,105.87000274658203,2327.699951171875,0.43429999351501464,144.47335815429688
2024-07-01,0.4761,0.4849,0.4754,0.477,211844474.0,5475.08984375,105.9000015258789,2327.60009765625,0.44790000915527345,144.47335815429688
2024-07-02,0.4771,0.4889,0.476,0.4853,226194005.0,5509.009765625,105.72000122070312,2323.0,0.4435999870300293,144.47335815429688
2024-07-03,0.4853,0.4875,0.4611,0.4672,317610313.0,5537.02001953125,105.4000015258789,2359.800048828125,0.4355000019073486,144.47335815429688
2024-07-04,0.4672,0.4697,0.4313,0.4329,436420394.0,5537.02001953125,105.4000015258789,2359.800048828125,0.4355000019073486,144.47335815429688
2024-07-05,0.433,0.4335,0.3823,0.4251,728055932.0,5567.18994140625,104.87999725341797,2388.5,0.4271999835968018,144.47335815429688
2024-07-06,0.4252,0.4497,0.4235,0.4488,168945863.0,5567.18994140625,104.87999725341797,2388.5,0.4271999835968018,144.47335815429688
2024-07-07,0.4489,0.4495,0.4182,0.4195,175785229.0,5567.18994140625,104.87999725341797,2388.5,0.4271999835968018,144.47335815429688
2024-07-08,0.4196,0.4438,0.4032,0.4316,528743623.0,5572.85009765625,105.01000213623047,2355.199951171875,0.42690000534057615,144.47335815429688
2024-07-09,0.4316,0.4398,0.427,0.4356,289512370.0,5576.97998046875,105.12000274658203,2360.10009765625,0.43000001907348634,144.47335815429688
2024-07-10,0.4357,0.4426,0.431,0.4388,294639692.0,5633.91015625,105.05000305175781,2372.199951171875,0.42800002098083495,144.47335815429688
2024-07-11,0.4388,0.4573,0.4363,0.4491,347547669.0,5584.5400390625,104.44000244140625,2415.0,0.4192999839782715,144.47335815429688
2024-07-12,0.4491,0.478,0.4445,0.4745,472984849.0,5615.35009765625,104.08999633789062,2414.0,0.4189000129699707,144.47335815429688
2024-07-13,0.4745,0.5661,0.4737,0.5257,744327354.0,5615.35009765625,104.08999633789062,2414.0,0.4189000129699707,144.47335815429688
2024-07-14,0.5257,0.54,0.5136,0.5205,350964405.0,5615.35009765625,104.08999633789062,2414.0,0.4189000129699707,144.47335815429688
2024-07-15,0.5205,0.5404,0.5203,0.5372,437376565.0,5631.22021484375,104.19000244140625,2422.89990234375,0.4229000091552734,144.47335815429688
2024-07-16,0.5372,0.5945,0.5309,0.5793,824632586.0,5667.2001953125,104.2699966430664,2462.39990234375,0.4166999816894531,144.47335815429688
2024-07-17,0.5792,0.6378,0.5783,0.626,806805412.0,5588.27001953125,103.75,2454.800048828125,0.41459999084472654,144.47335815429688
2024-07-18,0.626,0.6369,0.5575,0.5697,660623865.0,5544.58984375,104.16999816894531,2451.800048828125,0.4189000129699707,144.47335815429688
2024-07-19,0.5697,0.5867,0.54,0.5733,539155049.0,5505.0,104.4000015258789,2395.5,0.4238999843597412,144.47335815429688
2024-07-20,0.5733,0.6047,0.5707,0.5937,300097994.0,5505.0,104.4000015258789,2395.5,0.4238999843597412,144.47335815429688
2024-07-21,0.5938,0.608,0.5721,0.5984,291988877.0,5505.0,104.4000015258789,2395.5,0.4238999843597412,144.47335815429688
2024-07-22,0.5985,0.6229,0.5855,0.608,412923068.0,5564.41015625,104.30999755859375,2392.0,0.4260000228881836,144.47335815429688
2024-07-23,0.608,0.617,0.5797,0.5975,353756166.0,5555.740234375,104.44999694824219,2404.60009765625,0.4238999843597412,144.47335815429688
2024-07-24,0.5976,0.6327,0.5915,0.6179,420617643.0,5427.1298828125,104.38999938964844,2413.300048828125,0.42859997749328616,144.47335815429688
2024-07-25,0.6179,0.629,0.5844,0.5996,485187006.0,5399.22021484375,104.36000061035156,2351.89990234375,0.425600004196167,144.47335815429688
2024-07-26,0.5996,0.6093,0.586,0.6034,268729317.0,5459.10009765625,104.31999969482422,2380.0,0.4199999809265137,144.47335815429688
2024-07-27,0.6033,0.6091,0.5833,0.5956,172975781.0,5459.10009765625,104.31999969482422,2380.0,0.4199999809265137,144.47335815429688
2024-07-28,0.5956,0.6161,0.591,0.6012,182173334.0,5459.10009765625,104.31999969482422,2380.0,0.4199999809265137,144.47335815429688
2024-07-29,0.6012,0.6124,0.5921,0.6019,235245176.0,5463.5400390625,104.55999755859375,2377.300048828125,0.4177999973297119,144.47335815429688
2024-07-30,0.6019,0.6379,0.5953,0.6277,431409390.0,5436.43994140625,104.55000305175781,2405.0,0.41430001258850097,144.47335815429688
2024-07-31,0.6278,0.6586,0.6217,0.623,473184106.0,5522.2998046875,104.0999984741211,2426.5,0.41090002059936526,144.47335815429688
2024-08-01,0.623,0.6303,0.568,0.5964,423266147.0,5446.68017578125,104.41999816894531,2435.0,0.39760000705718995,144.47335815429688
2024-08-02,0.5965,0.597,0.5464,0.5607,410967898.0,5346.56005859375,103.20999908447266,2425.699951171875,0.37920000553131106,144.47335815429688
2024-08-03,0.5606,0.5777,0.5406,0.5558,265483095.0,5346.56005859375,103.20999908447266,2425.699951171875,0.37920000553131106,144.47335815429688
2024-08-04,0.5558,0.559,0.5136,0.5228,240108087.0,5346.56005859375,103.20999908447266,2425.699951171875,0.37920000553131106,144.47335815429688
2024-08-05,0.5229,0.5257,0.4319,0.4889,1250454532.0,5186.330078125,102.69000244140625,2401.699951171875,0.37850000858306887,144.47335815429688
2024-08-06,0.4889,0.5188,0.4877,0.5062,410337831.0,5240.02978515625,102.97000122070312,2389.10009765625,0.38880000114440916,144.47335815429688
2024-08-07,0.5062,0.6434,0.4922,0.6002,1000802326.0,5199.5,103.19999694824219,2390.5,0.39679999351501466,144.47335815429688
2024-08-08,0.6003,0.6424,0.5785,0.6166,730482227.0,5319.31005859375,103.20999908447266,2422.199951171875,0.3996999979019165,144.47335815429688
2024-08-09,0.6166,0.6245,0.5656,0.5805,456932445.0,5344.16015625,103.13999938964844,2432.10009765625,0.3941999912261963,144.47335815429688
2024-08-10,0.5805,0.6022,0.5779,0.5841,213745629.0,5344.16015625,103.13999938964844,2432.10009765625,0.3941999912261963,144.47335815429688
2024-08-11,0.5841,0.5935,0.5452,0.5528,251097812.0,5344.16015625,103.13999938964844,2432.10009765625,0.3941999912261963,144.47335815429688
2024-08-12,0.5528,0.5795,0.5501,0.5684,355253164.0,5344.39013671875,103.13999938964844,2462.39990234375,0.3908999919891357,144.47335815429688
2024-08-13,0.5683,0.5834,0.5626,0.577,252380249.0,5434.43017578125,102.55999755859375,2466.699951171875,0.3851999998092651,144.47335815429688
2024-08-14,0.577,0.5828,0.5641,0.5687,253532158.0,5455.2099609375,102.56999969482422,2439.39990234375,0.3819999933242798,144.47335815429688
2024-08-15,0.5687,0.5742,0.5504,0.5607,267098570.0,5543.22021484375,102.9800033569336,2453.10009765625,0.39260001182556153,144.47335815429688
2024-08-16,0.5608,0.5723,0.5535,0.5638,234628410.0,5554.25,102.45999908447266,2498.60009765625,0.3891999959945679,144.47335815429688
2024-08-17,0.5637,0.571,0.5611,0.5665,68057519.0,5554.25,102.45999908447266,2498.60009765625,0.3891999959945679,144.47335815429688
2024-08-18,0.5664,0.5845,0.5625,0.5631,119904362.0,5554.25,102.45999908447266,2498.60009765625,0.3891999959945679,144.47335815429688
2024-08-19,0.5631,0.6091,0.5608,0.5985,387069502.0,5608.25,101.88999938964844,2501.800048828125,0.3867000102996826,144.47335815429688
2024-08-20,0.5984,0.615,0.5875,0.5937,276882583.0,5597.1201171875,101.44000244140625,2511.300048828125,0.3818000078201294,144.47335815429688
2024-08-21,0.5937,0.6056,0.584,0.5999,274275573.0,5620.85009765625,101.04000091552734,2508.39990234375,0.3778000116348267,144.47335815429688
2024-08-22,0.6,0.6049,0.5923,0.5976,207559419.0,5570.64013671875,101.51000213623047,2478.89990234375,0.3861999988555908,144.47335815429688
2024-08-23,0.5977,0.616,0.5909,0.6109,297079009.0,5634.60986328125,100.72000122070312,2508.39990234375,0.3806999921798706,144.47335815429688
2024-08-24,0.6109,0.631,0.6043,0.6127,242435317.0,5634.60986328125,100.72000122070312,2508.39990234375,0.3806999921798706,144.47335815429688
2024-08-25,0.6126,0.614,0.595,0.6,163663049.0,5634.60986328125,100.72000122070312,2508.39990234375,0.3806999921798706,144.47335815429688
2024-08-26,0.6,0.6021,0.5782,0.5874,236874640.0,5616.83984375,100.8499984741211,2517.699951171875,0.3818000078201294,144.47335815429688
2024-08-27,0.5873,0.6003,0.5528,0.5666,331644513.0,5625.7998046875,100.55000305175781,2516.0,0.38329999446868895,144.47335815429688
2024-08-28,0.5667,0.5845,0.5558,0.5693,312994647.0,5592.18017578125,101.08999633789062,2501.0,0.38410000801086425,144.47335815429688
2024-08-29,0.5692,0.577,0.5573,0.5619,209040650.0,5591.9599609375,101.33999633789062,2525.699951171875,0.3867000102996826,144.47335815429688
2024-08-30,0.5618,0.5678,0.5462,0.5667,258840588.0,5648.39990234375,101.69999694824219,2493.800048828125,0.39110000133514405,144.47335815429688
2024-08-31,0.5667,0.5721,0.5624,0.5662,67155202.0,5648.39990234375,101.69999694824219,2493.800048828125,0.39110000133514405,144.47335815429688
2024-09-01,0.5662,0.5667,0.5434,0.5472,121191438.0,5648.39990234375,101.69999694824219,2493.800048828125,0.39110000133514405,144.47335815429688
2024-09-02,0.5471,0.5688,0.5443,0.5677,174750033.0,5648.39990234375,101.69999694824219,2493.800048828125,0.39110000133514405,144.47335815429688
2024-09-03,0.5677,0.5724,0.5565,0.5572,179781483.0,5528.93017578125,101.83000183105469,2489.89990234375,0.38440001010894775,144.47335815429688
2024-09-04,0.5572,0.5648,0.5326,0.5579,272577067.0,5520.06982421875,101.36000061035156,2493.39990234375,0.37679998874664306,144.47335815429688
2024-09-05,0.5579,0.5598,0.5399,0.5444,213816210.0,5503.41015625,101.11000061035156,2511.39990234375,0.37309999465942384,144.47335815429688
2024-09-06,0.5445,0.5473,0.5026,0.5211,382035412.0,5408.419921875,101.18000030517578,2493.5,0.3710000038146973,144.47335815429688
2024-09-07,0.5211,0.5329,0.5197,0.5248,82924642.0,5408.419921875,101.18000030517578,2493.5,0.3710000038146973,144.47335815429688
2024-09-08,0.5249,0.5316,0.5208,0.5295,67909459.0,5408.419921875,101.18000030517578,2493.5,0.3710000038146973,144.47335815429688
2024-09-09,0.5295,0.5431,0.5269,0.5395,168358952.0,5471.0498046875,101.55000305175781,2501.800048828125,0.3697000026702881,144.47335815429688
2024-09-10,0.5395,0.5428,0.5337,0.5408,135693250.0,5495.52001953125,101.62999725341797,2512.300048828125,0.36459999084472655,144.47335815429688
2024-09-11,0.5407,0.5413,0.5231,0.5348,187554599.0,5554.1298828125,101.68000030517578,2512.10009765625,0.36530001163482667,144.47335815429688
2024-09-12,0.5347,0.5884,0.5334,0.5626,380827353.0,5595.759765625,101.37000274658203,2551.199951171875,0.3680000066757202,144.47335815429688
2024-09-13,0.5625,0.5745,0.5556,0.5728,270151559.0,5626.02001953125,101.11000061035156,2581.300048828125,0.36500000953674316,144.47335815429688
2024-09-14,0.5727,0.5992,0.5704,0.5956,231500545.0,5626.02001953125,101.11000061035156,2581.300048828125,0.36500000953674316,144.47335815429688
2024-09-15,0.5956,0.5958,0.5686,0.5706,126437096.0,5626.02001953125,101.11000061035156,2581.300048828125,0.36500000953674316,144.47335815429688
2024-09-16,0.5706,0.5916,0.5598,0.5866,247830927.0,5633.08984375,100.76000213623047,2580.39990234375,0.3621000051498413,144.47335815429688
2024-09-17,0.5865,0.5934,0.5789,0.5839,173044465.0,5634.580078125,100.88999938964844,2564.300048828125,0.36419999599456787,144.47335815429688
2024-09-18,0.5838,0.5858,0.562,0.5852,204818640.0,5618.259765625,100.5999984741211,2570.699951171875,0.3684999942779541,144.47335815429688
2024-09-19,0.5852,0.5945,0.581,0.5868,222336927.0,5713.64013671875,100.61000061035156,2588.0,0.3740000009536743,144.47335815429688
2024-09-20,0.5868,0.593,0.5763,0.5851,217408757.0,5702.5498046875,100.72000122070312,2619.89990234375,0.37279999256134033,144.47335815429688
2024-09-21,0.5851,0.6128,0.58,0.5976,144964801.0,5702.5498046875,100.72000122070312,2619.89990234375,0.37279999256134033,144.47335815429688
2024-09-22,0.5977,0.6053,0.5778,0.5871,120373196.0,5702.5498046875,100.72000122070312,2619.89990234375,0.37279999256134033,144.47335815429688
2024-09-23,0.5871,0.596,0.5787,0.5847,161038706.0,5718.56982421875,100.91999816894531,2626.5,0.37390000820159913,144.47335815429688
2024-09-24,0.5848,0.5927,0.5814,0.5911,169233403.0,5732.93017578125,100.37000274658203,2651.199951171875,0.3736000061035156,144.47335815429688
2024-09-25,0.5912,0.5957,0.5824,0.5831,179932001.0,5722.259765625,100.91999816894531,2659.199951171875,0.37809998989105226,144.47335815429688
2024-09-26,0.5831,0.5964,0.5739,0.5905,226481301.0,5745.3701171875,100.55999755859375,2669.89990234375,0.37909998893737795,144.47335815429688
2024-09-27,0.5905,0.5972,0.5824,0.5888,222819497.0,5738.169921875,100.41999816894531,2644.300048828125,0.3749000072479248,144.47335815429688
2024-09-28,0.5889,0.6259,0.5856,0.6138,442520365.0,5738.169921875,100.41999816894531,2644.300048828125,0.3749000072479248,144.47335815429688
2024-09-29,0.6139,0.6649,0.6076,0.6412,442349596.0,5738.169921875,100.41999816894531,2644.300048828125,0.3749000072479248,144.47335815429688
2024-09-30,0.6412,0.6548,0.6088,0.6114,396654376.0,5762.47998046875,100.77999877929688,2636.10009765625,0.3802000045776367,144.47335815429688
2024-10-01,0.6114,0.6342,0.5778,0.5967,579510147.0,5708.75,101.19000244140625,2667.300048828125,0.3743000030517578,144.47335815429688
2024-10-02,0.5968,0.6069,0.5267,0.5383,634074670.0,5709.5400390625,101.68000030517578,2647.10009765625,0.37850000858306887,144.47335815429688
2024-10-03,0.5383,0.5445,0.5068,0.5217,562879573.0,5699.93994140625,101.98999786376953,2657.10009765625,0.38499999046325684,144.47335815429688
2024-10-04,0.5218,0.539,0.51,0.534,341840613.0,5751.06982421875,102.5199966430664,2645.800048828125,0.3980999946594238,144.47335815429688
2024-10-05,0.534,0.5352,0.526,0.5294,107009165.0,5751.06982421875,102.5199966430664,2645.800048828125,0.3980999946594238,144.47335815429688
2024-10-06,0.5294,0.5372,0.5279,0.5336,90314821.0,5751.06982421875,102.5199966430664,2645.800048828125,0.3980999946594238,144.47335815429688
2024-10-07,0.5336,0.5459,0.5286,0.5286,246483895.0,5695.93994140625,102.54000091552734,2644.800048828125,0.40260000228881837,144.47335815429688
2024-10-08,0.5287,0.5358,0.5209,0.531,164201090.0,5751.1298828125,102.55000305175781,2615.0,0.40329999923706056,144.47335815429688
2024-10-09,0.531,0.5346,0.521,0.5245,169687079.0,5792.0400390625,102.93000030517578,2606.0,0.40669999122619627,144.47335815429688
2024-10-10,0.5245,0.545,0.5228,0.5305,267008101.0,5780.0498046875,102.98999786376953,2620.60009765625,0.40960001945495605,144.47335815429688
2024-10-11,0.5305,0.5419,0.5296,0.5388,196729073.0,5815.02978515625,102.88999938964844,2657.60009765625,0.4072999954223633,144.47335815429688
2024-10-12,0.5387,0.5432,0.5353,0.5393,83887179.0,5815.02978515625,102.88999938964844,2657.60009765625,0.4072999954223633,144.47335815429688
2024-10-13,0.5393,0.5395,0.5252,0.5321,94059459.0,5815.02978515625,102.88999938964844,2657.60009765625,0.4072999954223633,144.47335815429688
2024-10-14,0.5321,0.5524,0.5282,0.5483,219397937.0,5859.85009765625,103.30000305175781,2647.800048828125,0.40980000495910646,144.47335815429688
2024-10-15,0.5484,0.5556,0.5315,0.5417,283568637.0,5815.259765625,103.26000213623047,2661.39990234375,0.40380001068115234,144.47335815429688
2024-10-16,0.5417,0.5538,0.5375,0.5482,222285502.0,5842.47021484375,103.58999633789062,2674.0,0.40159997940063474,144.47335815429688
2024-10-17,0.5481,0.5666,0.5419,0.5441,312103613.0,5841.47021484375,103.83000183105469,2691.0,0.40960001945495605,144.47335815429688
2024-10-18,0.5441,0.5532,0.5397,0.5465,219767509.0,5864.669921875,103.48999786376953,2713.699951171875,0.4072999954223633,144.47335815429688
2024-10-19,0.5465,0.55,0.5406,0.544,90144479.0,5864.669921875,103.48999786376953,2713.699951171875,0.4072999954223633,144.47335815429688
2024-10-20,0.544,0.549,0.5366,0.5482,117461950.0,5864.669921875,103.48999786376953,2713.699951171875,0.4072999954223633,144.47335815429688
2024-10-21,0.5482,0.5608,0.5409,0.5449,283328526.0,5853.97998046875,104.01000213623047,2723.10009765625,0.4182000160217285,144.47335815429688
2024-10-22,0.5449,0.5498,0.5291,0.5339,250206589.0,5851.2001953125,104.08000183105469,2744.199951171875,0.42039999961853025,144.47335815429688
2024-10-23,0.5338,0.5341,0.5117,0.5258,211146628.0,5797.419921875,104.43000030517578,2714.39990234375,0.42420001029968263,144.47335815429688
2024-10-24,0.5259,0.5338,0.5241,0.532,195840193.0,5809.85986328125,104.05999755859375,2734.89990234375,0.4199999809265137,144.47335815429688
2024-10-25,0.532,0.5322,0.486,0.5022,350905027.0,5808.1201171875,104.26000213623047,2740.89990234375,0.423199987411499,144.47335815429688
2024-10-26,0.5022,0.5154,0.4989,0.5134,121828009.0,5808.1201171875,104.26000213623047,2740.89990234375,0.423199987411499,144.47335815429688
2024-10-27,0.5135,0.518,0.5108,0.5168,65734998.0,5808.1201171875,104.26000213623047,2740.89990234375,0.423199987411499,144.47335815429688
2024-10-28,0.5168,0.5217,0.5113,0.5195,159504690.0,5823.52001953125,104.31999969482422,2742.89990234375,0.42779998779296874,144.47335815429688
2024-10-29,0.5195,0.5305,0.5185,0.5284,220863830.0,5832.919921875,104.27999877929688,2768.39990234375,0.427400016784668,144.47335815429688
2024-10-30,0.5285,0.5285,0.5194,0.5229,177555669.0,5813.669921875,103.98999786376953,2788.5,0.42659997940063477,144.47335815429688
2024-10-31,0.5229,0.5238,0.5031,0.5095,195063825.0,5705.4501953125,103.9800033569336,2738.300048828125,0.42839999198913575,144.47335815429688
2024-11-01,0.5096,0.5244,0.5025,0.5131,277144347.0,5728.7998046875,104.27999877929688,2738.60009765625,0.4361000061035156,144.47335815429688
2024-11-02,0.513,0.516,0.5063,0.5103,68679320.0,5728.7998046875,104.27999877929688,2738.60009765625,0.4361000061035156,144.47335815429688
2024-11-03,0.5103,0.5111,0.4917,0.503,176012483.0,5728.7998046875,104.27999877929688,2738.60009765625,0.4361000061035156,144.47335815429688
2024-11-04,0.503,0.5147,0.4957,0.5035,211259474.0,5712.68994140625,103.88999938964844,2736.10009765625,0.43090000152587893,144.47335815429688
2024-11-05,0.5035,0.5191,0.5019,0.514,190711816.0,5782.759765625,103.41999816894531,2740.300048828125,0.42890000343322754,144.47335815429688
2024-11-06,0.514,0.5469,0.514,0.5418,452294069.0,5929.0400390625,105.08999633789062,2667.60009765625,0.4426000118255615,144.47335815429688
2024-11-07,0.5418,0.5785,0.5377,0.5556,348528218.0,5973.10009765625,104.51000213623047,2698.39990234375,0.43410000801086424,144.47335815429688
2024-11-08,0.5556,0.56,0.5413,0.5537,261155203.0,5995.5400390625,105.0,2687.5,0.4306000232696533,144.47335815429688
2024-11-09,0.5537,0.562,0.5436,0.5593,230978970.0,5995.5400390625,105.0,2687.5,0.4306000232696533,144.47335815429688
2024-11-10,0.5592,0.6187,0.5555,0.5884,712821995.0,5995.5400390625,105.0,2687.5,0.4306000232696533,144.47335815429688
2024-11-11,0.5885,0.633,0.5703,0.6207,661084405.0,6001.35009765625,105.54000091552734,2611.199951171875,0.4308000087738037,144.47335815429688
2024-11-12,0.6208,0.7398,0.5968,0.704,1776854012.0,5983.990234375,106.0199966430664,2600.0,0.44320001602172854,144.47335815429688
2024-11-13,0.7042,0.748,0.64,0.6898,1208545721.0,5985.3798828125,106.4800033569336,2580.800048828125,0.4451000213623047,144.47335815429688
2024-11-14,0.6897,0.8473,0.6822,0.7736,1349353792.0,5949.169921875,106.66999816894531,2568.199951171875,0.44180002212524416,144.47335815429688
2024-11-15,0.7736,0.9279,0.7704,0.8922,1413430891.0,5870.6201171875,106.69000244140625,2565.699951171875,0.4427999973297119,144.47335815429688
2024-11-16,0.8921,1.2698,0.8778,1.1209,2373030780.0,5870.6201171875,106.69000244140625,2565.699951171875,0.4427999973297119,144.47335815429688
2024-11-17,1.1208,1.1603,1.0026,1.0543,1245814358.0,5870.6201171875,106.69000244140625,2565.699951171875,0.4427999973297119,144.47335815429688
2024-11-18,1.0545,1.1865,1.0543,1.1137,941344489.0,5893.6201171875,106.27999877929688,2610.60009765625,0.44140000343322755,144.47335815429688
2024-11-19,1.1138,1.148,1.0688,1.1003,562678894.0,5916.97998046875,106.20999908447266,2627.10009765625,0.4379000186920166,144.47335815429688
2024-11-20,1.1004,1.151,1.0556,1.1041,609804658.0,5917.10986328125,106.68000030517578,2648.199951171875,0.44060001373291013,144.47335815429688
2024-11-21,1.1042,1.2643,1.0774,1.247,1050788977.0,5948.7099609375,106.97000122070312,2672.10009765625,0.44320001602172854,144.47335815429688
2024-11-22,1.2471,1.5,1.247,1.4726,1597772473.98,5969.33984375,107.48999786376953,2709.89990234375,0.44099998474121094,144.47335815429688
2024-11-23,1.4726,1.63,1.4033,1.4685,1243933645.71,5969.33984375,107.48999786376953,2709.89990234375,0.44099998474121094,144.47335815429688
2024-11-24,1.4686,1.513,1.2775,1.4331,960628070.0,5969.33984375,107.48999786376953,2709.89990234375,0.44099998474121094,144.47335815429688
2024-11-25,1.4334,1.5393,1.355,1.4142,912385354.0,5987.3701171875,106.81999969482422,2616.800048828125,0.4264999866485596,144.47335815429688
2024-11-26,1.4142,1.4588,1.2833,1.3984,777417208.0,6021.6298828125,107.01000213623047,2620.300048828125,0.43020000457763674,144.47335815429688
2024-11-27,1.3984,1.5217,1.3524,1.4696,594887636.0,5998.740234375,106.08000183105469,2639.89990234375,0.42420001029968263,144.47335815429688
2024-11-28,1.4696,1.5465,1.4292,1.5421,440541778.0,5998.740234375,106.08000183105469,2639.89990234375,0.42420001029968263,144.47335815429688
2024-11-29,1.542,1.8149,1.5233,1.8006,1055874162.77,6032.3798828125,105.73999786376953,2657.0,0.4177999973297119,144.47335815429688
2024-11-30,1.8005,1.9575,1.7635,1.9513,1118556534.97,6032.3798828125,105.73999786376953,2657.0,0.4177999973297119,144.47335815429688
2024-12-01,1.9514,2.35,1.8475,2.2937,1171510986.43,6032.3798828125,105.73999786376953,2657.0,0.4177999973297119,144.47335815429688
2024-12-02,2.2937,2.8723,2.2011,2.7245,2543716698.49,6047.14990234375,106.44999694824219,2634.89990234375,0.4196000099182129,144.47335815429688
2024-12-03,2.7244,2.9092,2.25,2.5102,1955605237.21,6049.8798828125,106.37000274658203,2644.699951171875,0.42230000495910647,144.47335815429688
2024-12-04,2.5103,2.68,2.28,2.3574,1127878148.0,6086.490234375,106.33999633789062,2653.800048828125,0.4179999828338623,144.47335815429688
2024-12-05,2.3574,2.4942,2.1743,2.2446,1095218093.0,6075.10986328125,105.70999908447266,2626.60009765625,0.4179999828338623,144.47335815429688
2024-12-06,2.2445,2.4637,2.2252,2.4257,671195786.0,6090.27001953125,105.97000122070312,2638.60009765625,0.4151000022888184,144.47335815429688
2024-12-07,2.4257,2.6196,2.384,2.6099,541326545.0,6090.27001953125,105.97000122070312,2638.60009765625,0.4151000022888184,144.47335815429688
2024-12-08,2.6099,2.6469,2.4843,2.6013,456273582.0,6090.27001953125,105.97000122070312,2638.60009765625,0.4151000022888184,144.47335815429688
2024-12-09,2.6013,2.6076,2.0012,2.2124,991793616.0,6052.85009765625,106.1500015258789,2664.89990234375,0.41989998817443847,144.47335815429688
2024-12-10,2.2124,2.42,1.9,2.3709,1376683984.0,6034.91015625,106.4000015258789,2697.60009765625,0.42210001945495607,144.47335815429688
2024-12-11,2.3708,2.4703,2.2303,2.3941,696138801.0,6084.18994140625,106.70999908447266,2733.800048828125,0.42709999084472655,144.47335815429688
2024-12-12,2.3942,2.484,2.308,2.3384,528351934.0,6051.25,106.95999908447266,2687.5,0.4323999881744385,144.47335815429688
2024-12-13,2.3385,2.4788,2.284,2.4217,468083967.0,6051.08984375,107.0,2656.0,0.43990001678466795,144.47335815429688
2024-12-14,2.4218,2.5319,2.3548,2.4005,347447120.0,6051.08984375,107.0,2656.0,0.43990001678466795,144.47335815429688
2024-12-15,2.4006,2.473,2.3677,2.4469,275970977.0,6051.08984375,107.0,2656.0,0.43990001678466795,144.47335815429688
2024-12-16,2.447,2.5872,2.3333,2.4841,603893921.0,6074.080078125,106.86000061035156,2651.39990234375,0.43969998359680174,144.47335815429688
2024-12-17,2.4842,2.7281,2.4401,2.5673,745688394.0,6050.60986328125,106.95999908447266,2644.39990234375,0.43850002288818357,144.47335815429688
2024-12-18,2.5672,2.5921,2.2478,2.3103,759860891.0,5872.16015625,108.02999877929688,2636.5,0.449399995803833,144.47335815429688
2024-12-19,2.3102,2.4317,2.1595,2.239,811210695.0,5867.080078125,108.41000366210938,2592.199951171875,0.4570000171661377,144.47335815429688
2024-12-20,2.2391,2.355,1.9601,2.2793,1110347016.0,5930.85009765625,107.62000274658203,2628.699951171875,0.45240001678466796,144.47335815429688
2024-12-21,2.2793,2.3858,2.1915,2.238,451599864.0,5930.85009765625,107.62000274658203,2628.699951171875,0.45240001678466796,144.47335815429688
2024-12-22,2.2379,2.2938,2.1604,2.2031,310318499.0,5930.85009765625,107.62000274658203,2628.699951171875,0.45240001678466796,144.47335815429688
2024-12-23,2.2032,2.2789,2.1308,2.2617,388820902.0,5974.06982421875,108.04000091552734,2612.300048828125,0.4598999977111816,144.47335815429688
2024-12-24,2.2616,2.3507,2.2138,2.3238,249021066.0,6040.0400390625,108.26000213623047,2620.0,0.45910000801086426,144.47335815429688
2024-12-25,2.3238,2.3325,2.2615,2.2973,162014998.0,6040.0400390625,108.26000213623047,2620.0,0.45910000801086426,144.47335815429688
2024-12-26,2.2973,2.3164,2.1277,2.1559,266397920.0,6037.58984375,108.12999725341797,2638.800048828125,0.4578999996185303,144.47335815429688
2024-12-27,2.1559,2.2379,2.1149,2.1466,254236575.0,5970.83984375,108.0,2617.199951171875,0.461899995803833,144.47335815429688
2024-12-28,2.1467,2.2076,2.1343,2.1843,106144470.0,5970.83984375,108.0,2617.199951171875,0.461899995803833,144.47335815429688
2024-12-29,2.1843,2.1976,2.0711,2.0942,129587392.0,5970.83984375,108.0,2617.199951171875,0.461899995803833,144.47335815429688
2024-12-30,2.0941,2.1526,1.9954,2.0587,326304793.0,5906.93994140625,108.12999725341797,2606.10009765625,0.4545000076293945,144.47335815429688
2024-12-31,2.0587,2.1491,2.0126,2.0836,202867597.0,5881.6298828125,108.48999786376953,2629.199951171875,0.45729999542236327,144.47335815429688
2025-01-01,2.0836,2.3545,2.0811,2.3328,340770274.0,5881.6298828125,108.48999786376953,2629.199951171875,0.45729999542236327,144.47335815429688
2025-01-02,2.3329,2.4522,2.3297,2.4024,361196381.0,5868.5498046875,109.38999938964844,2658.89990234375,0.45749998092651367,144.47335815429688
2025-01-03,2.4024,2.4798,2.3966,2.4547,233672728.0,5942.47021484375,108.94999694824219,2645.0,0.45960001945495604,144.47335815429688
2025-01-04,2.4546,2.509,2.3999,2.4201,179793926.0,5942.47021484375,108.94999694824219,2645.0,0.45960001945495604,144.47335815429688
2025-01-05,2.4201,2.4285,2.3273,2.3994,155537860.0,5942.47021484375,108.94999694824219,2645.0,0.45960001945495604,144.47335815429688
2025-01-06,2.3993,2.4584,2.3674,2.42,194293277.0,5975.3798828125,108.26000213623047,2638.39990234375,0.46180000305175783,144.47335815429688
2025-01-07,2.42,2.4683,2.2572,2.2712,342477338.0,5909.02978515625,108.54000091552734,2656.699951171875,0.46830000877380373,144.47335815429688
2025-01-08,2.2712,2.3986,2.2001,2.3731,401036029.0,5918.25,109.08999633789062,2664.5,0.4692999839782715,144.47335815429688
2025-01-09,2.373,2.3956,2.2351,2.2722,294585086.0,5918.25,109.18000030517578,2683.800048828125,0.4692999839782715,144.47335815429688
2025-01-10,2.2722,2.3699,2.2465,2.3414,248018278.0,5827.0400390625,109.6500015258789,2708.5,0.4776000022888184,144.47335815429688
2025-01-11,2.3414,2.6036,2.3249,2.5764,349172496.0,5827.0400390625,109.6500015258789,2708.5,0.4776000022888184,144.47335815429688
2025-01-12,2.5764,2.5835,2.47,2.5046,222912333.0,5827.0400390625,109.6500015258789,2708.5,0.4776000022888184,144.47335815429688
2025-01-13,2.5045,2.5634,2.3297,2.5232,515356746.0,5836.22021484375,109.95999908447266,2673.5,0.4802999973297119,144.47335815429688
2025-01-14,2.5232,2.7,2.5126,2.6673,397227342.0,5842.91015625,109.2699966430664,2677.5,0.47880001068115235,144.47335815429688
2025-01-15,2.6673,3.2,2.6492,3.1429,1062630122.23,5949.91015625,109.08999633789062,2712.5,0.46529998779296877,144.47335815429688
2025-01-16,3.143,3.4,2.9228,3.2451,1110371222.2,5937.33984375,108.95999908447266,2746.39990234375,0.4605999946594238,144.47335815429688
2025-01-17,3.245,3.3544,3.1758,3.2922,529933494.0,5996.66015625,109.3499984741211,2744.300048828125,0.46090002059936525,144.47335815429688
2025-01-18,3.2923,3.2996,3.058,3.2697,458088944.0,5996.66015625,109.3499984741211,2744.300048828125,0.46090002059936525,144.47335815429688
2025-01-19,3.2697,3.2929,2.8277,2.9587,663328805.0,5996.66015625,109.3499984741211,2744.300048828125,0.46090002059936525,144.47335815429688
2025-01-20,2.9586,3.3695,2.909,3.1053,838761258.0,5996.66015625,109.3499984741211,2744.300048828125,0.46090002059936525,144.47335815429688
2025-01-21,3.1053,3.246,3.0124,3.1738,376423502.0,6049.240234375,108.05999755859375,2755.0,0.4573999881744385,144.47335815429688
2025-01-22,3.1739,3.2854,3.1237,3.1803,291761274.0,6086.3701171875,108.16999816894531,2767.60009765625,0.4598999977111816,144.47335815429688
2025-01-23,3.1802,3.1868,3.0374,3.1194,305314846.0,6118.7099609375,108.05000305175781,2763.10009765625,0.46380000114440917,144.47335815429688
2025-01-24,3.1194,3.2031,3.055,3.1009,232626964.0,6101.240234375,107.44000244140625,2777.300048828125,0.4625999927520752,144.47335815429688
2025-01-25,3.1008,3.1446,3.0784,3.108,99489857.0,6101.240234375,107.44000244140625,2777.300048828125,0.4625999927520752,144.47335815429688
2025-01-26,3.1079,3.1443,3.0115,3.0223,128937813.0,6101.240234375,107.44000244140625,2777.300048828125,0.4625999927520752,144.47335815429688
2025-01-27,3.0222,3.0587,2.6559,3.0552,660056174.0,6012.27978515625,107.33999633789062,2737.5,0.45279998779296876,144.47335815429688
2025-01-28,3.0552,3.214,3.0062,3.0572,369470786.0,6067.7001953125,107.87000274658203,2766.800048828125,0.45510001182556153,144.47335815429688
2025-01-29,3.0572,3.1363,2.9673,3.0683,254756655.0,6039.31005859375,108.0,2769.10009765625,0.4554999828338623,144.47335815429688
2025-01-30,3.0683,3.1544,3.0466,3.1276,173143314.0,6071.169921875,107.80000305175781,2823.0,0.451200008392334,144.47335815429688
2025-01-31,3.1276,3.1333,3.003,3.0361,162235322.0,6040.52978515625,108.37000274658203,2812.5,0.45689997673034666,144.47335815429688
2025-02-01,3.0361,3.0727,2.8281,2.8778,173601404.0,6040.52978515625,108.37000274658203,2812.5,0.45689997673034666,144.47335815429688
2025-02-02,2.8779,2.9559,2.4603,2.58,684089012.0,6040.52978515625,108.37000274658203,2812.5,0.45689997673034666,144.47335815429688
2025-02-03,2.5801,2.7814,1.7711,2.7001,1866758972.0,5994.56982421875,108.98999786376953,2833.89990234375,0.4543000221252441,144.47335815429688
2025-02-04,2.7,2.7874,2.4209,2.5274,621552965.0,6037.8798828125,107.95999908447266,2853.300048828125,0.45130000114440916,144.47335815429688
2025-02-05,2.5275,2.5692,2.3384,2.381,338815093.0,6061.47998046875,107.58000183105469,2871.60009765625,0.4421999931335449,144.47335815429688
2025-02-06,2.381,2.4699,2.2772,2.325,322896937.0,6083.56982421875,107.69000244140625,2856.0,0.4440000057220459,144.47335815429688
2025-02-07,2.3251,2.542,2.2655,2.3968,447487945.0,6025.990234375,108.04000091552734,2867.300048828125,0.4486999988555908,144.47335815429688
2025-02-08,2.3969,2.4372,2.3506,2.419,154717204.0,6025.990234375,108.04000091552734,2867.300048828125,0.4486999988555908,144.47335815429688
2025-02-09,2.419,2.5079,2.3113,2.3928,204205603.0,6025.990234375,108.04000091552734,2867.300048828125,0.4486999988555908,144.47335815429688
2025-02-10,2.3928,2.4733,2.3235,2.4237,207257933.0,6066.43994140625,108.31999969482422,2914.300048828125,0.4493000030517578,144.47335815429688
2025-02-11,2.4238,2.529,2.3708,2.4131,248182176.0,6068.5,107.95999908447266,2912.5,0.45370001792907716,144.47335815429688
2025-02-12,2.413,2.4962,2.3323,2.4734,227957636.0,6051.97021484375,107.94000244140625,2909.0,0.463700008392334,144.47335815429688
2025-02-13,2.4734,2.6061,2.4154,2.5599,212478703.0,6115.06982421875,107.30999755859375,2925.89990234375,0.4525000095367432,144.47335815429688
2025-02-14,2.56,2.8356,2.53,2.7384,407541122.0,6114.6298828125,106.56999969482422,2883.60009765625,0.44720001220703126,144.47335815429688
2025-02-15,2.7384,2.8335,2.713,2.7619,184181907.0,6114.6298828125,106.56999969482422,2883.60009765625,0.44720001220703126,144.47335815429688
2025-02-16,2.7619,2.8054,2.6879,2.7283,132387997.0,6114.6298828125,106.56999969482422,2883.60009765625,0.44720001220703126,144.47335815429688
2025-02-17,2.7283,2.7648,2.6075,2.6599,212813356.0,6114.6298828125,106.56999969482422,2883.60009765625,0.44720001220703126,144.47335815429688
2025-02-18,2.6599,2.6699,2.4693,2.5628,227170019.0,6129.580078125,107.05000305175781,2931.60009765625,0.45440001487731935,144.47335815429688
2025-02-19,2.5629,2.747,2.5121,2.7378,208222691.0,6144.14990234375,107.16999816894531,2919.39990234375,0.45349998474121095,144.47335815429688
2025-02-20,2.7378,2.749,2.6671,2.6877,161213675.0,6117.52001953125,106.33999633789062,2940.0,0.45,144.47335815429688
2025-02-21,2.6878,2.716,2.5076,2.5721,257754207.0,6013.1298828125,106.61000061035156,2937.60009765625,0.4420000076293945,144.47335815429688
2025-02-22,2.5722,2.6099,2.5505,2.574,92516652.0,6013.1298828125,106.61000061035156,2937.60009765625,0.4420000076293945,144.47335815429688
2025-02-23,2.574,2.6016,2.5201,2.5763,91398009.0,6013.1298828125,106.61000061035156,2937.60009765625,0.4420000076293945,144.47335815429688
2025-02-24,2.5763,2.609,2.2336,2.2783,351034781.0,5983.25,106.5999984741211,2947.89990234375,0.439300012588501,144.47335815429688
2025-02-25,2.2784,2.3663,2.0637,2.3222,762421577.0,5955.25,106.30999755859375,2904.5,0.42979998588562013,144.47335815429688
2025-02-26,2.3222,2.3314,2.1507,2.1982,364125565.0,5956.06005859375,106.41999816894531,2916.800048828125,0.4249000072479248,144.47335815429688
2025-02-27,2.1983,2.2577,2.1453,2.1985,229741926.0,5861.56982421875,107.23999786376953,2883.199951171875,0.4284999847412109,144.47335815429688
2025-02-28,2.1985,2.2017,1.951,2.1453,463166339.0,5954.5,107.61000061035156,2836.800048828125,0.42309999465942383,144.47335815429688
2025-03-01,2.1454,2.2199,2.1214,2.1916,145588191.0,5954.5,107.61000061035156,2836.800048828125,0.42309999465942383,144.47335815429688
2025-03-02,2.1917,2.999,2.1735,2.9396,806955619.0,5954.5,107.61000061035156,2836.800048828125,0.42309999465942383,144.47335815429688
2025-03-03,2.9395,2.9676,2.2976,2.3873,770790136.0,5849.72021484375,106.75,2890.199951171875,0.4179999828338623,144.47335815429688
2025-03-04,2.3873,2.5388,2.2123,2.4543,569915093.0,5778.14990234375,105.73999786376953,2909.60009765625,0.42100000381469727,144.47335815429688
2025-03-05,2.4542,2.5409,2.408,2.4998,254905967.0,5842.6298828125,105.73999786376953,2915.300048828125,0.4264999866485596,144.47335815429688
2025-03-06,2.4998,2.6461,2.4707,2.6001,293494998.0,5738.52001953125,104.05999755859375,2916.60009765625,0.42859997749328616,144.47335815429688
2025-03-07,2.6,2.6217,2.3435,2.3855,454234094.0,5770.2001953125,103.83999633789062,2904.699951171875,0.4316999912261963,144.47335815429688
2025-03-08,2.3855,2.4106,2.3013,2.3261,119040944.0,5770.2001953125,103.83999633789062,2904.699951171875,0.4316999912261963,144.47335815429688
2025-03-09,2.3262,2.351,2.083,2.1387,276711052.0,5770.2001953125,103.83999633789062,2904.699951171875,0.4316999912261963,144.47335815429688
2025-03-10,2.1388,2.2613,1.9925,2.0216,391223631.0,5614.56005859375,103.91000366210938,2891.0,0.42129998207092284,144.47335815429688
2025-03-11,2.0216,2.2138,1.9,2.1711,382420244.0,5572.06982421875,103.44000244140625,2912.89990234375,0.42880001068115237,144.47335815429688
2025-03-12,2.171,2.2769,2.1333,2.2396,277560410.0,5599.2998046875,103.61000061035156,2939.10009765625,0.43179998397827146,144.47335815429688
2025-03-13,2.2395,2.347,2.2137,2.2527,243896593.0,5521.52001953125,103.83000183105469,2984.300048828125,0.427400016784668,144.47335815429688
2025-03-14,2.2526,2.3893,2.2371,2.3564,197286469.0,5638.93994140625,103.72000122070312,2994.5,0.4308000087738037,144.47335815429688
2025-03-15,2.3564,2.4751,2.3525,2.3911,150056936.0,5638.93994140625,103.72000122070312,2994.5,0.4308000087738037,144.47335815429688
2025-03-16,2.3911,2.4109,2.2677,2.2938,151974757.0,5638.93994140625,103.72000122070312,2994.5,0.4308000087738037,144.47335815429688
2025-03-17,2.2938,2.3788,2.2915,2.3382,133923496.0,5675.1201171875,103.37000274658203,3000.0,0.4306000232696533,144.47335815429688
2025-03-18,2.3381,2.3399,2.2225,2.2851,164719299.0,5614.66015625,103.23999786376953,3035.10009765625,0.4281000137329102,144.47335815429688
2025-03-19,2.2851,2.59,2.2653,2.5469,462181815.0,5675.2900390625,103.43000030517578,3035.89990234375,0.425600004196167,144.47335815429688
2025-03-20,2.5469,2.5638,2.389,2.4361,225573092.0,5662.89013671875,103.8499984741211,3040.0,0.42329998016357423,144.47335815429688
2025-03-21,2.436,2.4669,2.3564,2.3809,143033066.0,5667.56005859375,104.08999633789062,3018.199951171875,0.4251999855041504,144.47335815429688
2025-03-22,2.3809,2.417,2.3594,2.3711,69083565.0,5667.56005859375,104.08999633789062,3018.199951171875,0.4251999855041504,144.47335815429688
2025-03-23,2.3712,2.4409,2.365,2.4393,82171646.0,5667.56005859375,104.08999633789062,3018.199951171875,0.4251999855041504,144.47335815429688
2025-03-24,2.4392,2.5044,2.4134,2.4501,140591390.0,5767.56982421875,104.26000213623047,3013.10009765625,0.43309998512268066,144.47335815429688
2025-03-25,2.4501,2.4783,2.4071,2.4492,107306341.0,5776.64990234375,104.18000030517578,3023.699951171875,0.4307000160217285,144.47335815429688
2025-03-26,2.4491,2.4794,2.328,2.3494,140813082.0,5712.2001953125,104.55000305175781,3020.89990234375,0.43379998207092285,144.47335815429688
2025-03-27,2.3494,2.39,2.3021,2.341,121906802.0,5693.31005859375,104.06999969482422,3060.199951171875,0.436899995803833,144.47335815429688
2025-03-28,2.3411,2.3433,2.1535,2.2073,211389681.0,5580.93994140625,104.04000091552734,3086.5,0.4255000114440918,144.47335815429688
2025-03-29,2.2072,2.2267,2.0607,2.1351,188344703.0,5580.93994140625,104.04000091552734,3086.5,0.4255000114440918,144.47335815429688
2025-03-30,2.1352,2.2142,2.1077,2.1369,143436566.0,5580.93994140625,104.04000091552734,3086.5,0.4255000114440918,144.47335815429688
2025-03-31,2.1371,2.1415,2.0238,2.0899,225359911.0,5611.85009765625,104.20999908447266,3122.800048828125,0.4245999813079834,144.47335815429688
2025-04-01,2.0899,2.1999,2.065,2.1387,206149959.0,5633.06982421875,104.26000213623047,3118.89990234375,0.41560001373291017,144.47335815429688
2025-04-02,2.1387,2.233,1.9841,2.0237,312902782.0,5670.97021484375,103.80999755859375,3139.89990234375,0.4196000099182129,144.47335815429688
2025-04-03,2.0237,2.082,1.96,2.0648,283049149.0,5396.52001953125,102.06999969482422,3097.0,0.4054999828338623,144.47335815429688
2025-04-04,2.0648,2.1626,2.016,2.1302,249538859.0,5074.080078125,103.0199966430664,3012.0,0.39849998950958254,144.47335815429688
2025-04-05,2.1303,2.1764,2.1139,2.1442,79039409.0,5074.080078125,103.0199966430664,3012.0,0.39849998950958254,144.47335815429688
2025-04-06,2.1443,2.1592,1.8625,1.9218,247306320.0,5074.080078125,103.0199966430664,3012.0,0.39849998950958254,144.47335815429688
2025-04-07,1.9218,2.0109,1.6134,1.8987,862282234.0,5062.25,103.26000213623047,2951.300048828125,0.41550002098083494,144.47335815429688
2025-04-08,1.8986,1.975,1.777,1.7963,331058344.0,4982.77001953125,102.95999908447266,2968.39990234375,0.42620000839233396,144.47335815429688
2025-04-09,1.7965,2.0897,1.7218,2.0529,517714914.0,5456.89990234375,102.9000015258789,3056.5,0.4400000095367432,144.47335815429688
2025-04-10,2.0529,2.0572,1.9223,1.9658,224691548.0,5268.0498046875,100.87000274658203,3155.199951171875,0.43940000534057616,144.47335815429688
2025-04-11,1.9657,2.0647,1.9475,2.0225,175131511.0,5363.35986328125,99.77999877929688,3222.199951171875,0.4493000030517578,144.47335815429688
2025-04-12,2.0225,2.1862,2.0033,2.1598,161856777.0,5363.35986328125,99.77999877929688,3222.199951171875,0.4493000030517578,144.47335815429688
2025-04-13,2.1597,2.2475,2.0801,2.1196,194098687.0,5363.35986328125,99.77999877929688,3222.199951171875,0.4493000030517578,144.47335815429688
2025-04-14,2.1196,2.1804,2.1038,2.1275,138573013.0,5405.97021484375,99.63999938964844,3204.800048828125,0.4363999843597412,144.47335815429688
2025-04-15,2.1276,2.1853,2.0837,2.0842,131282814.0,5396.6298828125,100.22000122070312,3218.699951171875,0.4322999954223633,144.47335815429688
2025-04-16,2.0843,2.13,2.0355,2.0834,152704680.0,5275.7001953125,99.37999725341797,3326.60009765625,0.42789998054504397,144.47335815429688
2025-04-17,2.0834,2.1146,2.0524,2.0673,103280383.3,5282.7001953125,99.37999725341797,3308.699951171875,0.4333000183105469,144.47335815429688
2025-04-18,2.0673,2.0896,2.0434,2.0619,72730873.5,5282.7001953125,99.37999725341797,3308.699951171875,0.4333000183105469,144.47335815429688
2025-04-19,2.0619,2.0975,2.0586,2.0877,50163133.6,5282.7001953125,99.37999725341797,3308.699951171875,0.4333000183105469,144.47335815429688
2025-04-20,2.0877,2.0945,2.0388,2.0787,77348551.3,5282.7001953125,99.37999725341797,3308.699951171875,0.4333000183105469,144.47335815429688
2025-04-21,2.0786,2.1409,2.0594,2.0855,132502689.7,5158.2001953125,98.27999877929688,3406.199951171875,0.44050002098083496,144.47335815429688
2025-04-22,2.0855,2.2504,2.0638,2.2139,215792646.3,5287.759765625,98.91999816894531,3400.800048828125,0.4388999938964844,144.47335815429688
2025-04-23,2.2138,2.301,2.1902,2.2184,220415571.4,5375.85986328125,99.83999633789062,3276.300048828125,0.438700008392334,144.47335815429688
2025-04-24,2.2183,2.2354,2.1166,2.2049,184941421.4,5484.77001953125,99.29000091552734,3332.0,0.4304999828338623,144.47335815429688
2025-04-25,2.2049,2.2193,2.1634,2.1812,134014526.9,5525.2099609375,99.47000122070312,3282.39990234375,0.42659997940063477,144.47335815429688
2025-04-26,2.1812,2.2483,2.1796,2.1912,89667472.4,5525.2099609375,99.47000122070312,3282.39990234375,0.42659997940063477,144.47335815429688
2025-04-27,2.1912,2.2948,2.1581,2.252,176901254.6,5525.2099609375,99.47000122070312,3282.39990234375,0.42659997940063477,144.47335815429688
2025-04-28,2.2521,2.363,2.2184,2.2949,188782972.6,5528.75,99.01000213623047,3332.5,0.4216000080108643,144.47335815429688
2025-04-29,2.295,2.3147,2.2217,2.238,109021832.7,5560.830078125,99.23999786376953,3318.800048828125,0.4172999858856201,144.47335815429688
2025-04-30,2.2379,2.2588,2.1235,2.1908,169161178.8,5569.06005859375,99.47000122070312,3305.0,0.41770000457763673,144.47335815429688
2025-05-01,2.1907,2.2567,2.1868,2.2123,96594610.5,5604.14013671875,100.25,3210.0,0.42309999465942383,144.47335815429688
2025-05-02,2.2122,2.2411,2.192,2.2093,84810475.2,5686.669921875,100.0,3231.89990234375,0.4322000026702881,144.47335815429688
2025-05-03,2.2093,2.22,2.176,2.1872,48541368.0,5686.669921875,100.0,3231.89990234375,0.4322000026702881,144.47335815429688
2025-05-04,2.1872,2.2188,2.151,2.156,58758870.6,5686.669921875,100.0,3231.89990234375,0.4322000026702881,144.47335815429688
2025-05-05,2.1561,2.2,2.1067,2.1306,129350396.3,5650.3798828125,99.83000183105469,3311.300048828125,0.43429999351501464,144.47335815429688
2025-05-06,2.1306,2.1595,2.0777,2.155,110021214.0,5606.91015625,99.23999786376953,3411.39990234375,0.4308000087738037,144.47335815429688
2025-05-07,2.155,2.1716,2.1039,2.1265,91759518.6,5631.27978515625,99.61000061035156,3381.39990234375,0.42750000953674316,144.47335815429688
2025-05-08,2.1264,2.3297,2.1176,2.3272,220454318.8,5663.93994140625,100.63999938964844,3296.60009765625,0.4373000144958496,144.47335815429688
2025-05-09,2.3272,2.4291,2.2845,2.3439,270485423.5,5659.91015625,100.33999633789062,3335.39990234375,0.4375,144.47335815429688
2025-05-10,2.3438,2.477,2.3359,2.4711,173584546.1,5659.91015625,100.33999633789062,3335.39990234375,0.4375,144.47335815429688
2025-05-11,2.4711,2.4844,2.3283,2.367,162582479.5,5659.91015625,100.33999633789062,3335.39990234375,0.4375,144.47335815429688
2025-05-12,2.3671,2.6549,2.3515,2.5439,507950822.4,5844.18994140625,101.79000091552734,3220.0,0.44569997787475585,144.47335815429688
2025-05-13,2.544,2.6053,2.4215,2.5829,230851038.9,5886.5498046875,101.0,3240.300048828125,0.4499000072479248,144.47335815429688
2025-05-14,2.5828,2.6516,2.5194,2.5503,213599727.4,5892.580078125,101.04000091552734,3181.39990234375,0.45279998779296876,144.47335815429688
2025-05-15,2.5504,2.5719,2.3525,2.3856,209320078.3,5916.93017578125,100.87999725341797,3220.699951171875,0.44549999237060545,144.47335815429688
2025-05-16,2.3856,2.4399,2.3471,2.3798,136943221.2,5958.3798828125,101.08999633789062,3182.0,0.44409999847412107,144.47335815429688
2025-05-17,2.3797,2.3892,2.2984,2.3531,105734565.8,5958.3798828125,101.08999633789062,3182.0,0.44409999847412107,144.47335815429688
2025-05-18,2.3531,2.4497,2.332,2.428,110034544.5,5958.3798828125,101.08999633789062,3182.0,0.44409999847412107,144.47335815429688
2025-05-19,2.428,2.441,2.2827,2.3803,162880946.4,5963.60009765625,100.43000030517578,3228.89990234375,0.44749999046325684,144.47335815429688
2025-05-20,2.3803,2.409,2.3141,2.3565,136293676.8,5940.4599609375,100.12000274658203,3280.300048828125,0.44809999465942385,144.47335815429688
2025-05-21,2.3565,2.4288,2.3308,2.3952,175070666.7,5844.60986328125,99.55999755859375,3309.300048828125,0.45960001945495604,144.47335815429688
2025-05-22,2.3953,2.4555,2.3881,2.4311,145040194.5,5842.009765625,99.95999908447266,3292.300048828125,0.45529999732971194,144.47335815429688
2025-05-23,2.4311,2.4799,2.2838,2.2966,197335455.4,5802.81982421875,99.11000061035156,3363.60009765625,0.4508999824523926,144.47335815429688
2025-05-24,2.2965,2.36,2.2859,2.3303,50781088.2,5802.81982421875,99.11000061035156,3363.60009765625,0.4508999824523926,144.47335815429688
2025-05-25,2.3304,2.345,2.266,2.3417,81478273.4,5802.81982421875,99.11000061035156,3363.60009765625,0.4508999824523926,144.47335815429688
2025-05-26,2.3416,2.3593,2.2958,2.3103,75168770.0,5802.81982421875,98.93000030517578,3363.60009765625,0.4508999824523926,144.47335815429688
2025-05-27,2.3103,2.3543,2.2671,2.3168,94046517.5,5921.5400390625,99.5199966430664,3299.10009765625,0.4434000015258789,144.47335815429688
2025-05-28,2.3167,2.3232,2.2265,2.2742,99791200.4,5888.5498046875,99.87999725341797,3293.60009765625,0.44770002365112305,144.47335815429688
2025-05-29,2.2742,2.3125,2.238,2.2442,99100514.7,5912.169921875,99.27999877929688,3317.10009765625,0.4423999786376953,144.47335815429688
2025-05-30,2.2441,2.2523,2.1297,2.1398,192557829.6,5911.68994140625,99.33000183105469,3288.89990234375,0.44159998893737795,144.47335815429688
2025-05-31,2.1397,2.2065,2.0794,2.1738,109349888.0,5911.68994140625,99.33000183105469,3288.89990234375,0.44159998893737795,144.47335815429688
2025-06-01,2.1739,2.1879,2.1231,2.1792,62964847.7,5911.68994140625,99.33000183105469,3288.89990234375,0.44159998893737795,144.47335815429688
2025-06-02,2.1792,2.2045,2.1357,2.1965,96478578.8,5935.93994140625,98.69999694824219,3370.60009765625,0.44619998931884763,144.47335815429688
2025-06-03,2.1965,2.2821,2.1838,2.2446,110034231.1,5970.3701171875,99.25,3350.199951171875,0.4460000038146973,144.47335815429688
2025-06-04,2.2445,2.2658,2.1951,2.2009,82924089.7,5970.81005859375,98.79000091552734,3373.5,0.43649997711181643,144.47335815429688
2025-06-05,2.2009,2.2265,2.0591,2.0936,152227799.7,5939.2998046875,98.73999786376953,3350.699951171875,0.43940000534057616,144.47335815429688
2025-06-06,2.0936,2.1903,2.0812,2.1598,92539769.1,6000.35986328125,99.19000244140625,3322.699951171875,0.4510000228881836,144.47335815429688
2025-06-07,2.1598,2.1912,2.1475,2.1769,40526697.0,6000.35986328125,99.19000244140625,3322.699951171875,0.4510000228881836,144.47335815429688
2025-06-08,2.1768,2.2988,2.1661,2.267,115809963.6,6000.35986328125,99.19000244140625,3322.699951171875,0.4510000228881836,144.47335815429688
2025-06-09,2.2669,2.3293,2.2223,2.3211,128620231.2,6005.8798828125,98.94000244140625,3332.10009765625,0.448199987411499,144.47335815429688
2025-06-10,2.321,2.3276,2.2601,2.3074,119887307.8,6038.81005859375,99.05000305175781,3320.89990234375,0.44739999771118166,144.47335815429688
2025-06-11,2.3074,2.3379,2.2524,2.2704,118779485.5,6022.240234375,98.62999725341797,3321.300048828125,0.44120001792907715,144.47335815429688
2025-06-12,2.2704,2.2733,2.1706,2.1899,98220197.3,6045.259765625,97.91999816894531,3380.89990234375,0.435699987411499,144.47335815429688
2025-06-13,2.19,2.1918,2.0828,2.1472,171924272.9,5976.97021484375,98.18000030517578,3431.199951171875,0.4423999786376953,144.47335815429688
2025-06-14,2.1473,2.1801,2.1093,2.1394,67644610.7,5976.97021484375,98.18000030517578,3431.199951171875,0.4423999786376953,144.47335815429688
2025-06-15,2.1393,2.1759,2.1375,2.1655,46595619.5,5976.97021484375,98.18000030517578,3431.199951171875,0.4423999786376953,144.47335815429688
2025-06-16,2.1655,2.337,2.1512,2.238,180775839.0,6033.10986328125,98.0,3396.39990234375,0.44520001411437987,144.47335815429688
2025-06-17,2.2379,2.2572,2.1417,2.159,145998030.0,5982.72021484375,98.81999969482422,3386.60009765625,0.439300012588501,144.47335815429688
2025-06-18,2.1591,2.1808,2.1181,2.1705,95962168.0,5980.8701171875,98.91000366210938,3389.800048828125,0.43969998359680174,144.47335815429688
2025-06-19,2.1704,2.1855,2.1441,2.1648,56149358.1,5980.8701171875,98.91000366210938,3389.800048828125,0.43969998359680174,144.47335815429688
2025-06-20,2.1647,2.1797,2.0852,2.1194,97632569.9,5967.83984375,98.70999908447266,3368.10009765625,0.4375,144.47335815429688
2025-06-21,2.1195,2.145,2.0,2.0632,88671293.2,5967.83984375,98.70999908447266,3368.10009765625,0.4375,144.47335815429688
2025-06-22,2.0632,2.0898,1.9083,2.0172,206511372.5,5967.83984375,98.70999908447266,3368.10009765625,0.4375,144.47335815429688
2025-06-23,2.0173,2.1706,1.9615,2.1584,175076963.6,6025.169921875,98.41999816894531,3377.699951171875,0.4320000171661377,144.47335815429688
2025-06-24,2.1584,2.2165,2.1316,2.1898,131247333.7,6092.18017578125,97.86000061035156,3317.39990234375,0.42930002212524415,144.47335815429688
2025-06-25,2.1897,2.2296,2.1696,2.1859,91578502.0,6092.16015625,97.68000030517578,3327.10009765625,0.42930002212524415,144.47335815429688
2025-06-26,2.1858,2.2127,2.0956,2.1054,120378866.1,6141.02001953125,97.1500015258789,3333.5,0.42529997825622556,144.47335815429688
2025-06-27,2.1053,2.1556,2.0671,2.1419,120577000.3,6173.06982421875,97.4000015258789,3273.699951171875,0.4282999992370605,144.47335815429688
2025-06-28,2.142,2.2079,2.1336,2.1854,70042779.0,6173.06982421875,97.4000015258789,3273.699951171875,0.4282999992370605,144.47335815429688
2025-06-29,2.1855,2.2198,2.1754,2.2061,46097897.5,6173.06982421875,97.4000015258789,3273.699951171875,0.4282999992370605,144.47335815429688
2025-06-30,2.2062,2.3271,2.165,2.2362,151525906.2,6204.9501953125,96.87999725341797,3294.39990234375,0.42300000190734866,144.47335815429688
2025-07-01,2.2362,2.2537,2.1475,2.172,123558690.1,6198.009765625,96.81999969482422,3336.699951171875,0.4250999927520752,144.47335815429688
2025-07-02,2.1719,2.2917,2.157,2.2336,149340795.4,6227.419921875,96.77999877929688,3348.0,0.42930002212524415,144.47335815429688
2025-07-03,2.2335,2.3135,2.2243,2.2569,148388595.0,6279.35009765625,97.18000030517578,3331.60009765625,0.4348000049591064,144.47335815429688
2025-07-04,2.2569,2.2678,2.196,2.2205,72289199.1,6279.35009765625,97.18000030517578,3332.5,0.4348000049591064,144.47335815429688
2025-07-05,2.2205,2.2339,2.2014,2.2178,34058390.3,6279.35009765625,97.18000030517578,3332.5,0.4348000049591064,144.47335815429688
2025-07-06,2.2177,2.29,2.2086,2.2709,92108127.5,6279.35009765625,97.18000030517578,3332.5,0.4348000049591064,144.47335815429688
2025-07-07,2.2709,2.3537,2.2552,2.2708,176317450.7,6229.97998046875,97.4800033569336,3332.199951171875,0.4394999980926514,144.47335815429688
2025-07-08,2.2707,2.3223,2.2485,2.3108,106456008.6,6225.52001953125,97.51000213623047,3307.0,0.4414999961853027,144.47335815429688
2025-07-09,2.3109,2.4288,2.2975,2.4038,181518399.8,6263.259765625,97.47000122070312,3311.60009765625,0.43420000076293946,144.47335815429688
2025-07-10,2.4038,2.5678,2.3931,2.5471,209526484.8,6280.4599609375,97.6500015258789,3317.39990234375,0.4346000194549561,144.47335815429688
2025-07-11,2.5471,2.975,2.5119,2.7322,615361834.0,6259.75,97.8499984741211,3356.0,0.44229998588562014,144.47335815429688
2025-07-12,2.7323,2.8479,2.6629,2.7395,341517152.0,6259.75,97.8499984741211,3356.0,0.44229998588562014,144.47335815429688
2025-07-13,2.7395,2.8949,2.7232,2.8361,260642506.5,6259.75,97.8499984741211,3356.0,0.44229998588562014,144.47335815429688
2025-07-14,2.8361,3.035,2.8207,2.9582,442537809.2,6268.56005859375,98.08000183105469,3351.5,0.4427000045776367,144.47335815429688
2025-07-15,2.9582,2.9582,2.8038,2.919,303965280.7,6243.759765625,98.62000274658203,3329.800048828125,0.4488999843597412,144.47335815429688
2025-07-16,2.9189,3.1,2.8774,3.038,272284618.2,6263.7001953125,98.38999938964844,3352.5,0.44549999237060545,144.47335815429688
2025-07-17,3.038,3.5495,2.9873,3.4814,648338845.19,6297.35986328125,98.7300033569336,3340.10009765625,0.44629998207092286,144.47335815429688
2025-07-18,3.4813,3.6607,3.3439,3.4135,608722890.71,6296.7900390625,98.4800033569336,3353.0,0.44320001602172854,144.47335815429688
2025-07-19,3.4136,3.4855,3.3547,3.4244,204901034.5,6296.7900390625,98.4800033569336,3353.0,0.44320001602172854,144.47335815429688
2025-07-20,3.4243,3.5579,3.3856,3.454,281874484.3,6296.7900390625,98.4800033569336,3353.0,0.44320001602172854,144.47335815429688
2025-07-21,3.4541,3.6495,3.4076,3.5495,259730581.6,6305.60009765625,97.8499984741211,3401.89990234375,0.4372000217437744,144.47335815429688
2025-07-22,3.5494,3.5787,3.4218,3.5504,248664612.7,6309.6201171875,97.38999938964844,3439.199951171875,0.43359999656677245,144.47335815429688
2025-07-23,3.5504,3.5519,3.02,3.1838,444396661.3,6358.91015625,97.20999908447266,3394.10009765625,0.4388000011444092,144.47335815429688
2025-07-24,3.1839,3.2651,2.9555,3.1453,366456463.4,6363.35009765625,97.37999725341797,3371.0,0.44079999923706054,144.47335815429688
2025-07-25,3.1454,3.1618,2.9981,3.1423,234280821.9,6388.64013671875,97.6500015258789,3334.0,0.4386000156402588,144.47335815429688
2025-07-26,3.1422,3.2181,3.1088,3.1662,96831223.5,6388.64013671875,97.6500015258789,3334.0,0.4386000156402588,144.47335815429688
2025-07-27,3.1662,3.2515,3.1564,3.2389,130449208.1,6388.64013671875,97.6500015258789,3334.0,0.4386000156402588,144.47335815429688
2025-07-28,3.239,3.3308,3.1073,3.1235,221823612.3,6389.77001953125,98.66000366210938,3309.10009765625,0.4420000076293945,144.47335815429688
2025-07-29,3.1235,3.1856,3.0533,3.128,157430969.9,6370.85986328125,98.91000366210938,3323.39990234375,0.4329999923706055,144.47335815429688
2025-07-30,3.1281,3.1621,3.001,3.0966,173643335.4,6362.89990234375,99.94000244140625,3295.800048828125,0.4375999927520752,144.47335815429688
2025-07-31,3.0967,3.1784,3.0108,3.0224,135512300.3,6339.39013671875,100.02999877929688,3293.199951171875,0.43600001335144045,144.47335815429688
2025-08-01,3.0223,3.059,2.892,2.9613,260984696.4,6238.009765625,98.69000244140625,3347.699951171875,0.42199997901916503,144.47335815429688
2025-08-02,2.9614,3.0206,2.7387,2.7695,180733656.7,6238.009765625,98.69000244140625,3347.699951171875,0.42199997901916503,144.47335815429688
2025-08-03,2.7695,2.9625,2.728,2.948,149417377.8,6238.009765625,98.69000244140625,3347.699951171875,0.42199997901916503,144.47335815429688
2025-08-04,2.9481,3.0899,2.9312,3.0716,164651624.4,6329.93994140625,98.77999877929688,3374.39990234375,0.4199999809265137,144.47335815429688
2025-08-05,3.0715,3.1072,2.9164,2.9623,144253297.7,6299.18994140625,98.77999877929688,3381.89990234375,0.4196000099182129,144.47335815429688
2025-08-06,2.9622,3.0187,2.9014,2.9908,114399575.6,6345.06005859375,98.18000030517578,3380.0,0.42199997901916503,144.47335815429688
2025-08-07,2.9908,3.3338,2.9641,3.3197,212195633.1,6340.0,98.4000015258789,3400.300048828125,0.42439999580383303,144.47335815429688
2025-08-08,3.3196,3.3825,3.2051,3.2859,273926156.0,6389.4501953125,98.18000030517578,3439.10009765625,0.4284999847412109,144.47335815429688
2025-08-09,3.2858,3.3475,3.2083,3.2259,130645790.7,6389.4501953125,98.18000030517578,3439.10009765625,0.4284999847412109,144.47335815429688
2025-08-10,3.2259,3.2795,3.1521,3.187,123144721.1,6389.4501953125,98.18000030517578,3439.10009765625,0.4284999847412109,144.47335815429688
2025-08-11,3.1869,3.3342,3.1176,3.1295,223589776.8,6373.4501953125,98.5199966430664,3353.10009765625,0.42729997634887695,144.47335815429688
2025-08-12,3.1295,3.3067,3.1041,3.2676,154532178.9,6445.759765625,98.0999984741211,3348.89990234375,0.42930002212524415,144.47335815429688
2025-08-13,3.2675,3.335,3.2026,3.2744,193301023.7,6466.580078125,97.83999633789062,3358.699951171875,0.423799991607666,144.47335815429688
2025-08-14,3.2744,3.3512,2.9915,3.0792,301672247.6,6468.5400390625,98.25,3335.199951171875,0.42930002212524415,144.47335815429688
2025-08-15,3.0792,3.1427,3.0024,3.0779,134927479.5,6449.7998046875,97.8499984741211,3336.0,0.4328000068664551,144.47335815429688
2025-08-16,3.0778,3.156,3.0715,3.1055,64524770.2,6449.7998046875,97.8499984741211,3336.0,0.4328000068664551,144.47335815429688
2025-08-17,3.1056,3.1472,3.0773,3.0877,66692097.5,6449.7998046875,97.8499984741211,3336.0,0.4328000068664551,144.47335815429688
2025-08-18,3.0877,3.0969,2.9404,3.0616,163460914.2,6449.14990234375,98.16999816894531,3331.699951171875,0.43410000801086424,144.47335815429688
2025-08-19,3.0616,3.0808,2.8488,2.8608,149185188.7,6411.3701171875,98.2699966430664,3313.39990234375,0.43020000457763674,144.47335815429688
2025-08-20,2.8608,2.9896,2.8184,2.9512,152651462.5,6395.77978515625,98.22000122070312,3343.39990234375,0.4296000003814697,144.47335815429688
2025-08-21,2.9512,2.9588,2.8424,2.8519,91372655.6,6370.169921875,98.62000274658203,3336.89990234375,0.4329999923706055,144.47335815429688
2025-08-22,2.8518,3.1056,2.7826,3.0744,255042164.6,6466.91015625,97.72000122070312,3374.39990234375,0.4260000228881836,144.47335815429688
2025-08-23,3.0745,3.0756,2.9697,3.0485,103250847.4,6466.91015625,97.72000122070312,3374.39990234375,0.4260000228881836,144.47335815429688
2025-08-24,3.0486,3.128,2.987,3.0258,157353334.0,6466.91015625,97.72000122070312,3374.39990234375,0.4260000228881836,144.47335815429688
2025-08-25,3.0259,3.0535,2.8223,2.8584,176144258.4,6439.31982421875,98.43000030517578,3373.800048828125,0.42750000953674316,144.47335815429688
2025-08-26,2.8584,3.0817,2.8459,3.0123,160522587.8,6465.93994140625,98.2300033569336,3388.60009765625,0.4257999897003174,144.47335815429688
2025-08-27,3.0123,3.0454,2.9621,2.9688,124270806.9,6481.39990234375,98.2300033569336,3404.60009765625,0.423799991607666,144.47335815429688
2025-08-28,2.9688,3.0263,2.9432,2.9665,110595938.3,6501.85986328125,97.80999755859375,3431.800048828125,0.4206999778747559,144.47335815429688
2025-08-29,2.9665,2.9768,2.7734,2.8195,169431466.9,6460.259765625,97.7699966430664,3473.699951171875,0.422700023651123,144.47335815429688
2025-08-30,2.8195,2.8349,2.7604,2.8181,68213469.6,6460.259765625,97.7699966430664,3473.699951171875,0.422700023651123,144.47335815429688
2025-08-31,2.818,2.8693,2.7707,2.7757,56440031.3,6460.259765625,97.7699966430664,3473.699951171875,0.422700023651123,144.47335815429688
2025-09-01,2.7757,2.839,2.6975,2.7589,179805399.6,6460.259765625,97.7699966430664,3473.699951171875,0.422700023651123,144.47335815429688
2025-09-02,2.7589,2.8641,2.7484,2.862,134689040.5,6415.5400390625,98.4000015258789,3549.39990234375,0.42769999504089357,144.47335815429688
2025-09-03,2.862,2.8867,2.811,2.8443,96774293.1,6448.259765625,98.13999938964844,3593.199951171875,0.42109999656677244,144.47335815429688
2025-09-04,2.8442,2.8629,2.7842,2.7946,94539630.5,6502.080078125,98.3499984741211,3565.800048828125,0.4176000118255615,144.47335815429688
2025-09-05,2.7947,2.8849,2.778,2.8147,120949495.7,6481.5,97.7699966430664,3613.199951171875,0.4085999965667725,144.47335815429688
2025-09-06,2.8146,2.8289,2.7927,2.8098,31389546.6,6481.5,97.7699966430664,3613.199951171875,0.4085999965667725,144.47335815429688
2025-09-07,2.8098,2.9285,2.8092,2.877,82776839.1,6481.5,97.7699966430664,3613.199951171875,0.4085999965667725,144.47335815429688
2025-09-08,2.877,2.9964,2.8627,2.9697,121406178.2,6495.14990234375,97.44999694824219,3638.10009765625,0.4046000003814697,144.47335815429688
2025-09-09,2.9698,3.0365,2.9337,2.9474,116913430.2,6512.60986328125,97.79000091552734,3643.300048828125,0.40739998817443845,144.47335815429688
2025-09-10,2.9474,3.024,2.9357,2.9834,85328678.0,6532.0400390625,97.77999877929688,3643.60009765625,0.40320000648498533,144.47335815429688
2025-09-11,2.9834,3.049,2.9507,3.0398,115124443.9,6587.47021484375,97.54000091552734,3636.89990234375,0.40110001564025877,144.47335815429688
2025-09-12,3.0398,3.1376,3.018,3.1054,130413008.1,6584.2900390625,97.55000305175781,3649.39990234375,0.4060999870300293,144.47335815429688
2025-09-13,3.1054,3.1858,3.089,3.1193,112791516.9,6584.2900390625,97.55000305175781,3649.39990234375,0.4060999870300293,144.47335815429688
2025-09-14,3.1193,3.1267,3.0099,3.0279,86444642.8,6584.2900390625,97.55000305175781,3649.39990234375,0.4060999870300293,144.47335815429688
2025-09-15,3.028,3.0669,2.9532,2.9969,121536076.0,6615.27978515625,97.30000305175781,3682.199951171875,0.40339999198913573,144.47335815429688
2025-09-16,2.9969,3.0586,2.9642,3.0376,76953763.0,6606.759765625,96.62999725341797,3688.89990234375,0.40260000228881837,144.47335815429688
2025-09-17,3.0376,3.1079,2.9814,3.0841,132508658.4,6600.35009765625,96.87000274658203,3681.800048828125,0.40760002136230467,144.47335815429688
2025-09-18,3.0841,3.1397,3.0558,3.0735,121098940.7,6631.9599609375,97.3499984741211,3643.699951171875,0.4104000091552734,144.47335815429688
2025-09-19,3.0735,3.0941,2.9784,2.9901,92714638.6,6664.35986328125,97.63999938964844,3671.5,0.41389999389648435,144.47335815429688
2025-09-20,2.99,3.0091,2.9652,2.975,62723730.0,6664.35986328125,97.63999938964844,3671.5,0.41389999389648435,144.47335815429688
2025-09-21,2.975,3.0135,2.9523,2.9701,45668741.1,6664.35986328125,97.63999938964844,3671.5,0.41389999389648435,144.47335815429688
2025-09-22,2.9701,2.9755,2.6975,2.8526,228747192.9,6693.75,97.33000183105469,3740.699951171875,0.41430001258850097,144.47335815429688
2025-09-23,2.8525,2.8964,2.7991,2.8247,100392302.3,6656.919921875,97.26000213623047,3780.60009765625,0.4119999885559082,144.47335815429688
2025-09-24,2.8247,2.9955,2.7883,2.9257,125417232.6,6637.97021484375,97.87000274658203,3732.10009765625,0.41469998359680177,144.47335815429688
2025-09-25,2.9257,2.9446,2.7244,2.7435,196421176.9,6604.72021484375,98.55000305175781,3736.89990234375,0.41719999313354494,144.47335815429688
2025-09-26,2.7435,2.809,2.6984,2.7835,162801304.7,6643.7001953125,98.1500015258789,3775.300048828125,0.4186999797821045,144.47335815429688
2025-09-27,2.7836,2.8287,2.7619,2.8047,44703806.2,6643.7001953125,98.1500015258789,3775.300048828125,0.4186999797821045,144.47335815429688
2025-09-28,2.8047,2.8675,2.7661,2.8674,65853510.0,6643.7001953125,98.1500015258789,3775.300048828125,0.4186999797821045,144.47335815429688
2025-09-29,2.8675,2.9289,2.8454,2.8801,116473375.3,6661.2099609375,97.91000366210938,3820.89990234375,0.41409997940063475,144.47335815429688
2025-09-30,2.8801,2.9077,2.8132,2.8468,100392419.7,6688.4599609375,97.7699966430664,3840.800048828125,0.41479997634887694,144.47335815429688
2025-10-01,2.8468,2.9616,2.8141,2.9485,136262408.8,6711.2001953125,97.70999908447266,3867.5,0.4105999946594238,144.47335815429688
2025-10-02,2.9485,3.0998,2.9403,3.0389,147074551.6,6715.35009765625,97.8499984741211,3839.699951171875,0.40879998207092283,144.47335815429688
2025-10-03,3.0388,3.0948,3.0041,3.0401,125739506.7,6715.7900390625,97.72000122070312,3880.800048828125,0.411899995803833,144.47335815429688
2025-10-04,3.0402,3.0522,2.939,2.9685,69429980.8,6715.7900390625,97.72000122070312,3880.800048828125,0.411899995803833,144.47335815429688
2025-10-05,2.9685,3.0716,2.9468,2.9697,105898711.4,6715.7900390625,97.72000122070312,3880.800048828125,0.411899995803833,144.47335815429688
2025-10-06,2.9697,3.0506,2.9551,2.9883,117186503.0,6740.27978515625,98.11000061035156,3948.5,0.4162000179290771,144.47335815429688
2025-10-07,2.9883,3.0012,2.8489,2.852,151704976.6,6714.58984375,98.58000183105469,3976.60009765625,0.4126999855041504,144.47335815429688
2025-10-08,2.8521,2.9248,2.8303,2.8797,86103907.0,6753.72021484375,98.8499984741211,4043.300048828125,0.4129000186920166,144.47335815429688
2025-10-09,2.8797,2.8801,2.7714,2.8021,110236912.9,6735.10986328125,99.54000091552734,3946.300048828125,0.41479997634887694,144.47335815429688
2025-10-10,2.8021,2.8372,1.2543,2.3704,592833224.7,6552.509765625,98.9800033569336,3975.89990234375,0.40510001182556155,144.47335815429688
2025-10-11,2.3704,2.5061,2.3,2.3819,377516588.0,6552.509765625,98.9800033569336,3975.89990234375,0.40510001182556155,144.47335815429688
2025-10-12,2.3819,2.5841,2.3121,2.5282,248265523.1,6552.509765625,98.9800033569336,3975.89990234375,0.40510001182556155,144.47335815429688
2025-10-13,2.5283,2.646,2.5125,2.6052,215844073.7,6654.72021484375,99.2699966430664,4108.60009765625,0.40510001182556155,144.47335815429688
2025-10-14,2.6052,2.6208,2.3888,2.5033,236417459.6,6644.31005859375,99.05000305175781,4138.7001953125,0.40219998359680176,144.47335815429688
2025-10-15,2.5033,2.5475,2.3754,2.4109,147593411.2,6671.06005859375,98.79000091552734,4176.89990234375,0.4046000003814697,144.47335815429688
2025-10-16,2.411,2.4665,2.2833,2.328,196447886.3,6629.06982421875,98.38999938964844,4280.2001953125,0.39760000705718995,144.47335815429688
2025-10-17,2.328,2.4,2.1901,2.2936,233638133.0,6664.009765625,98.43000030517578,4189.89990234375,0.4006999969482422,144.47335815429688
2025-10-18,2.2936,2.3915,2.2894,2.3596,70031265.2,6664.009765625,98.43000030517578,4189.89990234375,0.4006999969482422,144.47335815429688
2025-10-19,2.3596,2.4195,2.3177,2.3908,86051004.0,6664.009765625,98.43000030517578,4189.89990234375,0.4006999969482422,144.47335815429688
2025-10-20,2.3907,2.5529,2.3547,2.4948,132020692.3,6735.1298828125,98.58999633789062,4336.39990234375,0.39860000610351565,144.47335815429688
2025-10-21,2.4948,2.5323,2.4011,2.4222,142161412.2,6735.35009765625,98.93000030517578,4087.699951171875,0.39630000591278075,144.47335815429688
2025-10-22,2.4221,2.4375,2.3255,2.3647,131694103.3,6699.39990234375,98.9000015258789,4044.39990234375,0.39530000686645506,144.47335815429688
2025-10-23,2.3647,2.4259,2.3617,2.3947,84337201.1,6738.43994140625,98.94000244140625,4125.5,0.3990999937057495,144.47335815429688
2025-10-24,2.3948,2.516,2.3863,2.5103,112051925.0,6791.68994140625,98.94999694824219,4118.39990234375,0.3996999979019165,144.47335815429688
2025-10-25,2.5103,2.6542,2.5021,2.5959,95829560.4,6791.68994140625,98.94999694824219,4118.39990234375,0.3996999979019165,144.47335815429688
2025-10-26,2.5958,2.6624,2.592,2.6461,83681116.7,6791.68994140625,98.94999694824219,4118.39990234375,0.3996999979019165,144.47335815429688
2025-10-27,2.646,2.6975,2.6013,2.634,113960332.0,6875.16015625,98.77999877929688,4001.89990234375,0.3996999979019165,144.47335815429688
2025-10-28,2.634,2.6887,2.5675,2.6034,123712287.2,6890.89013671875,98.69000244140625,3966.199951171875,0.39830000400543214,144.47335815429688
2025-10-29,2.6034,2.664,2.537,2.5502,127783090.4,6890.58984375,99.22000122070312,3983.699951171875,0.40580000877380373,144.47335815429688
2025-10-30,2.5502,2.5944,2.3769,2.4393,151633152.9,6822.33984375,99.52999877929688,4001.300048828125,0.40929999351501467,144.47335815429688
2025-10-31,2.4393,2.5546,2.4311,2.5097,115609330.7,6840.2001953125,99.80000305175781,3982.199951171875,0.41009998321533203,144.47335815429688
2025-11-01,2.5096,2.5233,2.476,2.5053,41551912.8,6840.2001953125,99.80000305175781,3982.199951171875,0.41009998321533203,144.47335815429688
2025-11-02,2.5053,2.5549,2.478,2.5267,51555957.6,6840.2001953125,99.80000305175781,3982.199951171875,0.41009998321533203,144.47335815429688
2025-11-03,2.5267,2.5322,2.2631,2.3096,174525470.1,6851.97021484375,99.87000274658203,4000.300048828125,0.4105999946594238,144.47335815429688
2025-11-04,2.3095,2.3655,2.0665,2.2053,346558907.5,6771.5498046875,100.22000122070312,3947.699951171875,0.40890002250671387,144.47335815429688
2025-11-05,2.2053,2.3766,2.1015,2.3432,207833006.9,6796.2900390625,100.19999694824219,3980.300048828125,0.41570000648498534,144.47335815429688
2025-11-06,2.3432,2.416,2.1796,2.213,172724312.7,6720.31982421875,99.7300033569336,3979.89990234375,0.40929999351501467,144.47335815429688
2025-11-07,2.213,2.3729,2.1536,2.3154,178003937.3,6728.7998046875,99.5999984741211,3999.39990234375,0.40929999351501467,144.47335815429688
2025-11-08,2.3155,2.3381,2.2424,2.2863,83656256.1,6728.7998046875,99.5999984741211,3999.39990234375,0.40929999351501467,144.47335815429688
2025-11-09,2.2864,2.395,2.2392,2.3662,86012398.0,6728.7998046875,99.5999984741211,3999.39990234375,0.40929999351501467,144.47335815429688
2025-11-10,2.3662,2.5808,2.3462,2.526,197478395.3,6832.43017578125,99.62000274658203,4111.7998046875,0.41100001335144043,144.47335815429688
2025-11-11,2.526,2.57,2.3787,2.3915,126538891.7,6846.60986328125,99.45999908447266,4106.7998046875,0.4119999885559082,144.47335815429688
2025-11-12,2.3915,2.4491,2.3166,2.3879,141159795.6,6850.919921875,99.4800033569336,4204.39990234375,0.4065000057220459,144.47335815429688
2025-11-13,2.3878,2.5264,2.2757,2.3225,268264404.5,6737.490234375,99.18000030517578,4186.89990234375,0.41119999885559083,144.47335815429688
2025-11-14,2.3225,2.3416,2.2256,2.2443,220377818.6,6734.10986328125,99.2699966430664,4087.60009765625,0.41479997634887694,144.47335815429688
2025-11-15,2.2443,2.3034,2.2111,2.2372,84473254.2,6734.10986328125,99.2699966430664,4087.60009765625,0.41479997634887694,144.47335815429688
2025-11-16,2.2372,2.28,2.1558,2.2149,126254506.2,6734.10986328125,99.2699966430664,4087.60009765625,0.41479997634887694,144.47335815429688
2025-11-17,2.2148,2.3077,2.1146,2.1637,213925840.3,6672.41015625,99.58999633789062,4068.300048828125,0.4132999897003174,144.47335815429688
2025-11-18,2.1637,2.2413,2.1064,2.2172,188026720.7,6617.31982421875,99.55000305175781,4061.300048828125,0.41230001449584963,144.47335815429688
2025-11-19,2.2171,2.2196,2.0244,2.1098,237660615.7,6642.16015625,100.2300033569336,4077.699951171875,0.4132999897003174,144.47335815429688
2025-11-20,2.1097,2.1498,1.9743,1.9999,295232267.9,6538.759765625,100.16000366210938,4056.5,0.4105999946594238,144.47335815429688
2025-11-21,1.9998,2.0308,1.8209,1.9509,349052191.6,6602.990234375,100.18000030517578,4076.699951171875,0.4063000202178955,144.47335815429688
2025-11-22,1.9509,1.9671,1.889,1.9509,92507655.6,6602.990234375,100.18000030517578,4076.699951171875,0.4063000202178955,144.47335815429688
2025-11-23,1.9508,2.0846,1.9497,2.0491,136024600.0,6602.990234375,100.18000030517578,4076.699951171875,0.4063000202178955,144.47335815429688
2025-11-24,2.0491,2.2868,2.0238,2.2276,209507520.1,6705.1201171875,100.13999938964844,4091.89990234375,0.40380001068115234,144.47335815429688
2025-11-25,2.2276,2.2652,2.1482,2.2024,154916931.3,6765.8798828125,99.66000366210938,4139.2001953125,0.40019998550415037,144.47335815429688
2025-11-26,2.2023,2.2547,2.1447,2.2233,110237202.3,6812.60986328125,99.5999984741211,4165.2001953125,0.3997999906539917,144.47335815429688
2025-11-27,2.2232,2.2347,2.1727,2.1999,82691220.6,6812.60986328125,99.5999984741211,4165.2001953125,0.3997999906539917,144.47335815429688
2025-11-28,2.2,2.2752,2.1565,2.1795,140892868.9,6849.08984375,99.45999908447266,4218.2998046875,0.4017000198364258,144.47335815429688
2025-11-29,2.1795,2.2231,2.1666,2.2009,57026784.1,6849.08984375,99.45999908447266,4218.2998046875,0.4017000198364258,144.47335815429688
2025-11-30,2.201,2.215,2.1524,2.155,52482888.9,6849.08984375,99.45999908447266,4218.2998046875,0.4017000198364258,144.47335815429688
2025-12-01,2.1549,2.1609,1.9835,2.0297,173919553.1,6812.6298828125,99.41000366210938,4239.2998046875,0.40960001945495605,144.47335815429688
2025-12-02,2.0297,2.1831,1.995,2.1532,132464308.9,6829.3701171875,99.36000061035156,4186.60009765625,0.4085999965667725,144.47335815429688
2025-12-03,2.1531,2.219,2.1414,2.1976,111507874.4,6849.72021484375,98.8499984741211,4199.2998046875,0.4057000160217285,144.47335815429688
2025-12-04,2.1976,2.2146,2.0691,2.096,101092517.6,6857.1201171875,98.98999786376953,4211.7998046875,0.4107999801635742,144.47335815429688
2025-12-05,2.096,2.113,2.0125,2.0344,95338082.9,6870.39990234375,98.98999786376953,4212.89990234375,0.41389999389648435,144.47335815429688
2025-12-06,2.0344,2.0504,2.0154,2.0309,43569024.8,6870.39990234375,98.98999786376953,4212.89990234375,0.41389999389648435,144.47335815429688
2025-12-07,2.031,2.1109,1.9894,2.0442,83786859.8,6870.39990234375,98.98999786376953,4212.89990234375,0.41389999389648435,144.47335815429688
2025-12-08,2.0442,2.1239,2.0319,2.0724,88049790.9,6846.509765625,99.08999633789062,4187.2001953125,0.41719999313354494,144.47335815429688
2025-12-09,2.0723,2.178,2.0419,2.1062,113859655.0,6840.509765625,99.22000122070312,4206.7001953125,0.4185999870300293,144.47335815429688
2025-12-10,2.1061,2.1108,2.0346,2.0418,125132700.4,6886.68017578125,98.79000091552734,4196.39990234375,0.41640000343322753,144.47335815429688
2025-12-11,2.0418,2.057,1.9767,2.034,125057005.0,6901.0,98.3499984741211,4285.5,0.41409997940063475,144.47335815429688
2025-12-12,2.034,2.0478,1.9692,2.0074,77987124.7,6827.41015625,98.4000015258789,4300.10009765625,0.4193999767303467,144.47335815429688
2025-12-13,2.0075,2.0482,2.0068,2.0227,44193267.1,6827.41015625,98.4000015258789,4300.10009765625,0.4193999767303467,144.47335815429688
2025-12-14,2.0226,2.0306,1.9527,1.9784,45148587.9,6827.41015625,98.4000015258789,4300.10009765625,0.4193999767303467,144.47335815429688
2025-12-15,1.9784,2.0143,1.8695,1.8981,115746358.6,6816.509765625,98.1500015258789,4306.7001953125,0.4182000160217285,144.47335815429688
2025-12-16,1.8981,1.9491,1.852,1.9297,101283394.8,6800.259765625,98.1500015258789,4304.5,0.414900016784668,144.47335815429688
2025-12-17,1.9297,1.9874,1.8474,1.8627,111714892.8,6721.43017578125,98.37000274658203,4347.5,0.4151000022888184,144.47335815429688
2025-12-18,1.8627,1.9341,1.8,1.8076,126981039.0,6774.759765625,98.43000030517578,4339.5,0.41160001754760744,144.47335815429688
2025-12-19,1.8076,1.9213,1.7711,1.9092,144601510.3,6834.5,98.5999984741211,4361.39990234375,0.4151000022888184,144.47335815429688
2025-12-20,1.9092,1.9588,1.8936,1.9335,53235023.5,6834.5,98.5999984741211,4361.39990234375,0.4151000022888184,144.47335815429688
2025-12-21,1.9335,1.9498,1.8948,1.9223,53029272.9,6834.5,98.5999984741211,4361.39990234375,0.4151000022888184,144.47335815429688
2025-12-22,1.9224,1.9493,1.8917,1.9043,88731614.2,6878.490234375,98.29000091552734,4444.60009765625,0.4169000148773193,144.47335815429688
2025-12-23,1.9044,1.91,1.863,1.8734,77815693.8,6909.7900390625,97.94000244140625,4482.7998046875,0.4169000148773193,144.47335815429688
2025-12-24,1.8734,1.8783,1.8372,1.8628,59895979.8,6932.0498046875,97.9800033569336,4480.60009765625,0.4136000156402588,144.47335815429688
2025-12-25,1.8627,1.8892,1.8291,1.8326,46144808.4,6932.0498046875,97.9800033569336,4480.60009765625,0.4136000156402588,144.47335815429688
2025-12-26,1.8325,1.8833,1.8246,1.8437,76825530.8,6929.93994140625,98.0199966430664,4529.10009765625,0.4136000156402588,144.47335815429688
2025-12-27,1.8437,1.8788,1.8417,1.8735,31244471.3,6929.93994140625,98.0199966430664,4529.10009765625,0.4136000156402588,144.47335815429688
2025-12-28,1.8734,1.8796,1.8539,1.8654,26597238.3,6929.93994140625,98.0199966430664,4529.10009765625,0.4136000156402588,144.47335815429688
2025-12-29,1.8655,1.918,1.845,1.8508,70265708.5,6905.740234375,98.04000091552734,4325.10009765625,0.41160001754760744,144.47335815429688
2025-12-30,1.8508,1.8864,1.8439,1.8776,48337735.6,6896.240234375,98.23999786376953,4370.10009765625,0.4130000114440918,144.47335815429688
2025-12-31,1.8776,1.8839,1.8123,1.8423,58334893.8,6845.5,98.27999877929688,4325.60009765625,0.41630001068115235,144.47335815429688
2026-01-01,1.8424,1.8811,1.8261,1.8799,41082589.1,6845.5,98.27999877929688,4325.60009765625,0.41630001068115235,144.47335815429688
2026-01-02,1.8799,2.0315,1.8689,2.0069,127347907.2,6858.47021484375,98.41999816894531,4314.39990234375,0.4186999797821045,144.47335815429688
2026-01-03,2.0068,2.0561,1.9844,2.0182,74386522.1,6858.47021484375,98.41999816894531,4314.39990234375,0.4186999797821045,144.47335815429688
2026-01-04,2.0182,2.1204,2.0163,2.0909,113757086.3,6858.47021484375,98.41999816894531,4314.39990234375,0.4186999797821045,144.47335815429688
2026-01-05,2.0908,2.3695,2.0877,2.3478,210318025.3,6902.0498046875,98.2699966430664,4436.89990234375,0.41649999618530276,144.47335815429688
2026-01-06,2.3479,2.4172,2.2046,2.3042,270372108.1,6944.81982421875,98.58000183105469,4482.2001953125,0.41789999008178713,144.47335815429688
2026-01-07,2.3042,2.3205,2.1517,2.1657,115603277.7,6920.93017578125,98.68000030517578,4449.2998046875,0.4138000011444092,144.47335815429688
2026-01-08,2.1658,2.1925,2.0649,2.1232,156536080.5,6921.4599609375,98.93000030517578,4449.7001953125,0.4183000087738037,144.47335815429688
2026-01-09,2.1232,2.1622,2.0727,2.0958,117777092.0,6966.27978515625,99.12999725341797,4490.2998046875,0.4171000003814697,144.47335815429688
2026-01-10,2.0958,2.1106,2.0806,2.0907,31589981.3,6966.27978515625,99.12999725341797,4490.2998046875,0.4171000003814697,144.47335815429688
2026-01-11,2.0907,2.11,2.045,2.0745,50545578.2,6966.27978515625,99.12999725341797,4490.2998046875,0.4171000003814697,144.47335815429688
2026-01-12,2.0745,2.1086,2.035,2.054,110140038.3,6977.27001953125,98.86000061035156,4604.2998046875,0.4186999797821045,144.47335815429688
2026-01-13,2.0541,2.185,2.0474,2.1655,113374006.3,6963.740234375,99.12999725341797,4589.2001953125,0.4171000003814697,144.47335815429688
2026-01-14,2.1656,2.1924,2.1116,2.1394,135001603.5,6926.60009765625,99.12999725341797,4626.2998046875,0.4139999866485596,144.47335815429688
2026-01-15,2.1393,2.1434,2.0532,2.0789,89639683.7,6944.47021484375,99.31999969482422,4616.2998046875,0.4159999847412109,144.47335815429688
2026-01-16,2.0789,2.0866,2.0263,2.0678,60894619.5,6940.009765625,99.38999938964844,4588.39990234375,0.42309999465942383,144.47335815429688
2026-01-17,2.0678,2.0834,2.0536,2.0631,31138454.9,6940.009765625,99.38999938964844,4588.39990234375,0.42309999465942383,144.47335815429688
2026-01-18,2.0632,2.0679,1.9861,1.9914,46506697.7,6940.009765625,99.38999938964844,4588.39990234375,0.42309999465942383,144.47335815429688
2026-01-19,1.9914,2.0299,1.847,1.986,159349900.7,6940.009765625,99.38999938964844,4588.39990234375,0.42309999465942383,144.47335815429688
2026-01-20,1.9861,1.9909,1.87,1.89,127376122.0,6796.85986328125,98.63999938964844,4759.60009765625,0.42950000762939455,144.47335815429688
2026-01-21,1.89,1.9907,1.8712,1.9476,147842135.5,6875.6201171875,98.76000213623047,4831.7998046875,0.42529997825622556,144.47335815429688
2026-01-22,1.9475,1.9679,1.9016,1.9236,61627444.9,6913.35009765625,98.36000061035156,4908.7998046875,0.4249000072479248,144.47335815429688
2026-01-23,1.9237,1.9656,1.8873,1.9196,76076706.9,6915.60986328125,97.5999984741211,4976.2001953125,0.4238999843597412,144.47335815429688
2026-01-24,1.9197,1.9276,1.91,1.9143,27159999.9,6915.60986328125,97.5999984741211,4976.2001953125,0.4238999843597412,144.47335815429688
2026-01-25,1.9143,1.9168,1.8111,1.8356,91533110.3,6915.60986328125,97.5999984741211,4976.2001953125,0.4238999843597412,144.47335815429688
2026-01-26,1.8356,1.946,1.8331,1.9041,104481153.6,6950.22998046875,97.04000091552734,5079.7001953125,0.42129998207092284,144.47335815429688
2026-01-27,1.9042,1.9295,1.8741,1.9158,64619827.1,6978.60009765625,96.22000122070312,5079.89990234375,0.42230000495910647,144.47335815429688
2026-01-28,1.9157,1.9427,1.8944,1.9111,67425858.5,6978.02978515625,96.44999694824219,5301.60009765625,0.4250999927520752,144.47335815429688
2026-01-29,1.9112,1.9134,1.778,1.8076,149409911.0,6969.009765625,96.27999877929688,5318.39990234375,0.422700023651123,144.47335815429688
2026-01-30,1.8077,1.8131,1.7107,1.7352,229720306.7,6939.02978515625,96.98999786376953,4713.89990234375,0.4241000175476074,144.47335815429688
2026-01-31,1.7353,1.7547,1.5028,1.6472,332369467.9,6939.02978515625,96.98999786376953,4713.89990234375,0.4241000175476074,144.47335815429688
2026-02-01,1.6472,1.6805,1.5526,1.5908,182387658.0,6939.02978515625,96.98999786376953,4713.89990234375,0.4241000175476074,144.47335815429688
2026-02-02,1.5908,1.6571,1.5307,1.6198,218107304.7,6976.43994140625,97.61000061035156,4622.5,0.42750000953674316,144.47335815429688
2026-02-03,1.6199,1.6339,1.5274,1.5791,190553042.4,6917.81005859375,97.44000244140625,4903.7001953125,0.427400016784668,144.47335815429688
2026-02-04,1.579,1.6122,1.4948,1.512,194386702.9,6882.72021484375,97.62000274658203,4920.39990234375,0.42750000953674316,144.47335815429688
2026-02-05,1.512,1.5154,1.1371,1.2146,744109671.0,6798.39990234375,97.81999969482422,4861.39990234375,0.42100000381469727,144.47335815429688
2026-02-06,1.2145,1.5442,1.1172,1.4698,708122800.8,6932.2998046875,97.62999725341797,4951.2001953125,0.42059998512268065,144.47335815429688
2026-02-07,1.4697,1.4879,1.3858,1.4231,274310340.3,6932.2998046875,97.62999725341797,4951.2001953125,0.42059998512268065,144.47335815429688
2026-02-08,1.4231,1.4703,1.4099,1.4308,126012618.4,6932.2998046875,97.62999725341797,4951.2001953125,0.42059998512268065,144.47335815429688
2026-02-09,1.4308,1.4642,1.3728,1.437,168546281.8,6964.81982421875,96.81999969482422,5050.89990234375,0.4197999954223633,144.47335815429688
2026-02-10,1.437,1.4532,1.3916,1.3999,113399373.7,6941.81005859375,96.80000305175781,5003.7998046875,0.41469998359680177,144.47335815429688
2026-02-11,1.3998,1.4205,1.3421,1.3697,172696263.7,6941.47021484375,96.83000183105469,5071.60009765625,0.41719999313354494,144.47335815429688
2026-02-12,1.3697,1.4082,1.3461,1.3635,116856264.1,6832.759765625,96.93000030517578,4923.7001953125,0.4104000091552734,144.47335815429688
2026-02-13,1.3635,1.4285,1.3485,1.4071,125027739.4,6836.169921875,96.87999725341797,5022.0,0.40560002326965333,144.47335815429688
2026-02-14,1.407,1.5138,1.4051,1.5094,113140538.4,6836.169921875,96.87999725341797,5022.0,0.40560002326965333,144.47335815429688
2026-02-15,1.5094,1.6714,1.445,1.4753,299306472.4,6836.169921875,96.87999725341797,5022.0,0.40560002326965333,144.47335815429688
2026-02-16,1.4753,1.5171,1.4485,1.4876,145403123.0,6836.169921875,96.87999725341797,5022.0,0.40560002326965333,144.47335815429688
2026-02-17,1.4876,1.495,1.4268,1.4743,98838390.0,6843.22021484375,97.16000366210938,4882.89990234375,0.4052000045776367,144.47335815429688
2026-02-18,1.4742,1.4943,1.4102,1.4219,85831853.9,6881.31005859375,97.69999694824219,4986.5,0.4078999996185303,144.47335815429688
2026-02-19,1.422,1.4381,1.382,1.4068,108259677.1,6861.89013671875,97.93000030517578,4975.89990234375,0.4074999809265137,144.47335815429688
2026-02-20,1.4068,1.4389,1.3775,1.4292,123709704.4,6909.509765625,97.80000305175781,5059.2998046875,0.4085999965667725,144.47335815429688
2026-02-21,1.4292,1.4642,1.4198,1.4304,53997920.3,6909.509765625,97.80000305175781,5059.2998046875,0.4085999965667725,144.47335815429688
2026-02-22,1.4303,1.4338,1.38,1.3932,61166336.0,6909.509765625,97.80000305175781,5059.2998046875,0.4085999965667725,144.47335815429688
2026-02-23,1.3932,1.4248,1.3301,1.3518,188895700.4,6837.75,97.69999694824219,5204.7001953125,0.40289998054504395,144.47335815429688
2026-02-24,1.3519,1.3676,1.3124,1.3482,139239571.8,6890.06982421875,97.87999725341797,5155.7998046875,0.40329999923706056,144.47335815429688
2026-02-25,1.3483,1.4935,1.3404,1.4339,245088505.2,6946.1298828125,97.69999694824219,5206.39990234375,0.4047999858856201,144.47335815429688
2026-02-26,1.4338,1.4691,1.3827,1.4027,160829141.8,6908.85986328125,97.79000091552734,5176.5,0.4017000198364258,144.47335815429688
2026-02-27,1.4027,1.4262,1.3386,1.3562,165108168.6,6878.8798828125,97.61000061035156,5230.5,0.39619998931884765,144.47335815429688
2026-02-28,1.3562,1.3931,1.27,1.3762,229989679.7,6878.8798828125,97.61000061035156,5230.5,0.39619998931884765,144.47335815429688
2026-03-01,1.3761,1.4333,1.3369,1.3524,177941326.9,6878.8798828125,97.61000061035156,5230.5,0.39619998931884765,144.47335815429688
2026-03-02,1.3525,1.423,1.3341,1.39,166802077.8,6881.6201171875,98.37999725341797,5294.39990234375,0.4047999858856201,144.47335815429688
2026-03-03,1.3901,1.3953,1.3366,1.3607,135602897.4,6816.6298828125,99.05000305175781,5107.39990234375,0.40560002326965333,144.47335815429688
2026-03-04,1.3607,1.4732,1.3452,1.4309,238025779.2,6869.5,98.7699966430664,5120.2001953125,0.40799999237060547,144.47335815429688
2026-03-05,1.4309,1.4525,1.396,1.4037,118168992.2,6830.7099609375,99.31999969482422,5065.2998046875,0.41459999084472654,144.47335815429688
2026-03-06,1.4038,1.4148,1.346,1.3633,113847978.9,6740.02001953125,98.98999786376953,5146.10009765625,0.4132999897003174,144.47335815429688
2026-03-07,1.3632,1.3749,1.3468,1.3567,47776637.3,6740.02001953125,98.98999786376953,5146.10009765625,0.4132999897003174,144.47335815429688
2026-03-08,1.3568,1.3712,1.3218,1.34,79825643.7,6740.02001953125,98.98999786376953,5146.10009765625,0.4132999897003174,144.47335815429688
2026-03-09,1.3401,1.3841,1.333,1.3631,130100801.2,6795.990234375,99.18000030517578,5091.5,0.4136000156402588,144.47335815429688
2026-03-10,1.3631,1.4427,1.3605,1.3863,176313906.6,6781.47998046875,98.83000183105469,5229.7001953125,0.4136000156402588,144.47335815429688
2026-03-11,1.3864,1.4112,1.3706,1.3847,111034871.0,6775.7998046875,99.2300033569336,5167.39990234375,0.42080001831054686,144.47335815429688
2026-03-12,1.3847,1.3936,1.365,1.3846,89689607.3,6672.6201171875,99.73999786376953,5115.7998046875,0.42729997634887695,144.47335815429688
2026-03-13,1.3846,1.4528,1.3831,1.3989,203074725.5,6632.18994140625,100.36000061035156,5052.5,0.4284999847412109,144.47335815429688
2026-03-14,1.3988,1.4084,1.3834,1.4063,58211106.5,6632.18994140625,100.36000061035156,5052.5,0.4284999847412109,144.47335815429688
2026-03-15,1.4063,1.4649,1.4021,1.4487,97404399.7,6632.18994140625,100.36000061035156,5052.5,0.4284999847412109,144.47335815429688
2026-03-16,1.4488,1.5522,1.4357,1.543,218579163.6,6699.3798828125,99.70999908447266,4994.0,0.42199997901916503,144.47335815429688
2026-03-17,1.5429,1.607,1.4941,1.5182,232844730.1,6716.08984375,99.58000183105469,5001.0,0.4202000141143799,144.47335815429688
2026-03-18,1.5182,1.5414,1.4359,1.4647,139537685.6,6624.7001953125,100.08999633789062,4889.89990234375,0.4258999824523926,144.47335815429688
2026-03-19,1.4648,1.4817,1.4219,1.4475,118907352.6,6606.490234375,99.2300033569336,4600.7001953125,0.4281000137329102,144.47335815429688
2026-03-20,1.4475,1.4665,1.4248,1.4452,87955683.6,6506.47998046875,99.6500015258789,4570.39990234375,0.4390999794006348,144.47335815429688
2026-03-21,1.4452,1.453,1.4003,1.4086,57147510.9,6506.47998046875,99.6500015258789,4570.39990234375,0.4390999794006348,144.47335815429688
2026-03-22,1.4087,1.4263,1.3712,1.3848,77182206.4,6506.47998046875,99.6500015258789,4570.39990234375,0.4390999794006348,144.47335815429688
2026-03-23,1.3849,1.4661,1.3618,1.4323,170065259.3,6581.0,98.94999694824219,4404.10009765625,0.43340001106262205,144.47335815429688
2026-03-24,1.4323,1.435,1.3835,1.416,103380500.3,6556.3701171875,99.43000030517578,4399.2998046875,0.43920001983642576,144.47335815429688
2026-03-25,1.416,1.4379,1.4019,1.4145,97040812.7,6591.89990234375,99.5999984741211,4549.7998046875,0.4328000068664551,144.47335815429688
2026-03-26,1.4145,1.4165,1.336,1.3609,130842025.4,6477.16015625,99.9000015258789,4375.5,0.44159998893737795,144.47335815429688
2026-03-27,1.3608,1.3726,1.3184,1.3257,119257397.0,6368.85009765625,100.1500015258789,4492.0,0.4440000057220459,144.47335815429688
2026-03-28,1.3256,1.3582,1.3191,1.3333,53717126.3,6368.85009765625,100.1500015258789,4492.0,0.4440000057220459,144.47335815429688
2026-03-29,1.3333,1.3433,1.2954,1.3278,61339018.6,6368.85009765625,100.1500015258789,4492.0,0.4440000057220459,144.47335815429688
2026-03-30,1.3279,1.3669,1.3166,1.3242,100202620.0,6343.72021484375,100.51000213623047,4526.0,0.43420000076293946,144.47335815429688
2026-03-31,1.3242,1.3503,1.3038,1.3411,101318413.8,6528.52001953125,99.95999908447266,4647.60009765625,0.4310999870300293,144.47335815429688
2026-04-01,1.341,1.3683,1.3314,1.3478,86898811.0,6575.31982421875,99.6500015258789,4783.2001953125,0.4318999767303467,144.47335815429688
2026-04-02,1.3477,1.3569,1.2802,1.32,132871559.7,6582.68994140625,100.02999877929688,4651.5,0.4313000202178955,144.47335815429688
2026-04-03,1.32,1.3356,1.3033,1.3184,64784053.3,6582.68994140625,100.02999877929688,4651.5,0.4313000202178955,144.47335815429688
2026-04-04,1.3183,1.3226,1.3067,1.3153,29975010.9,6582.68994140625,100.02999877929688,4651.5,0.4313000202178955,144.47335815429688
2026-04-05,1.3154,1.332,1.2787,1.3263,74314266.8,6582.68994140625,100.02999877929688,4651.5,0.4313000202178955,144.47335815429688
2026-04-06,1.3264,1.3577,1.3122,1.3212,104345790.7,6611.830078125,99.9800033569336,4656.7998046875,0.4335000038146973,144.47335815429688
2026-04-07,1.3211,1.3962,1.2949,1.3787,130702995.4,6616.85009765625,99.63999938964844,4657.10009765625,0.43429999351501464,144.47335815429688
2026-04-08,1.3786,1.3898,1.3389,1.3428,124855733.3,6782.81005859375,99.12999725341797,4749.5,0.42909998893737794,144.47335815429688
2026-04-09,1.3428,1.3696,1.3218,1.3438,112265614.1,6824.66015625,98.81999969482422,4792.2001953125,0.42930002212524415,144.47335815429688
2026-04-10,1.3438,1.366,1.3348,1.3559,79785996.7,6816.89013671875,98.6500015258789,4761.89990234375,0.4316999912261963,144.47335815429688
2026-04-11,1.3559,1.3752,1.3394,1.3546,57095356.3,6816.89013671875,98.6500015258789,4761.89990234375,0.4316999912261963,144.47335815429688
2026-04-12,1.3547,1.3559,1.3193,1.3247,70245771.1,6816.89013671875,98.6500015258789,4761.89990234375,0.4316999912261963,144.47335815429688
2026-04-13,1.3246,1.3839,1.3193,1.3756,105450701.2,6886.240234375,98.37000274658203,4742.39990234375,0.4296999931335449,144.47335815429688
2026-04-14,1.3757,1.3955,1.3521,1.3617,103042599.5,6967.3798828125,98.12000274658203,4825.0,0.425600004196167,144.47335815429688
2026-04-15,1.3617,1.4086,1.3503,1.3922,109493954.4,7022.9501953125,98.05999755859375,4800.0,0.42820000648498535,144.47335815429688
2026-04-16,1.3922,1.4664,1.3865,1.453,155427242.1,7041.27978515625,98.22000122070312,4785.39990234375,0.43090000152587893,144.47335815429688
2026-04-17,1.453,1.51,1.4225,1.4757,155866337.1,7126.06005859375,98.0999984741211,4857.60009765625,0.4245999813079834,144.47335815429688
2026-04-18,1.4757,1.4823,1.4235,1.4323,82670483.0,7126.06005859375,98.0999984741211,4857.60009765625,0.4245999813079834,144.47335815429688
2026-04-19,1.4324,1.447,1.3909,1.3942,90413939.9,7126.06005859375,98.0999984741211,4857.60009765625,0.4245999813079834,144.47335815429688
2026-04-20,1.3943,1.4369,1.3933,1.4243,99575811.5,7109.14013671875,98.05000305175781,4806.60009765625,0.425,144.47335815429688
2026-04-21,1.4244,1.45,1.4116,1.4334,85278180.6,7064.009765625,98.41000366210938,4698.39990234375,0.4291999816894531,144.47335815429688
2026-04-22,1.4335,1.4626,1.4268,1.4294,83429181.4,7137.89990234375,98.58999633789062,4732.5,0.4294000148773193,144.47335815429688
2026-04-23,1.4293,1.441,1.409,1.4386,92183977.4,7108.39990234375,98.80000305175781,4705.10009765625,0.4322999954223633,144.47335815429688
2026-04-24,1.4386,1.4503,1.4239,1.4334,66229128.5,7165.080078125,98.51000213623047,4722.2998046875,0.4309999942779541,144.47335815429688
2026-04-25,1.4333,1.4377,1.4187,1.4238,26346558.6,7165.080078125,98.51000213623047,4722.2998046875,0.4309999942779541,144.47335815429688
2026-04-26,1.4238,1.4366,1.418,1.4307,30024367.7,7165.080078125,98.51000213623047,4722.2998046875,0.4309999942779541,144.47335815429688
2026-04-27,1.4308,1.4466,1.3836,1.4007,73155298.1,7173.91015625,98.4800033569336,4675.39990234375,0.43359999656677245,144.47335815429688
2026-04-28,1.4008,1.4009,1.3677,1.3805,53234245.4,7138.7998046875,98.62000274658203,4591.5,0.43540000915527344,144.47335815429688
2026-04-29,1.3806,1.4067,1.3458,1.3691,74194879.8,7135.9501953125,98.91999816894531,4545.2001953125,0.44180002212524416,144.47335815429688
2026-04-30,1.3692,1.3847,1.3591,1.3679,51110389.1,7209.009765625,98.08000183105469,4614.7001953125,0.43899998664855955,144.47335815429688
2026-05-01,1.368,1.3999,1.3649,1.3858,60188179.0,7230.1201171875,98.20999908447266,4629.89990234375,0.4377999782562256,144.47335815429688
2026-05-02,1.3858,1.4003,1.3812,1.3937,33030264.1,7230.1201171875,98.20999908447266,4629.89990234375,0.4377999782562256,144.47335815429688
2026-05-03,1.3936,1.4042,1.3814,1.388,29246836.8,7230.1201171875,98.20999908447266,4629.89990234375,0.4377999782562256,144.47335815429688
2026-05-04,1.3879,1.4209,1.3829,1.3918,83200664.7,7200.75,98.47000122070312,4519.5,0.4446000099182129,144.47335815429688
2026-05-05,1.3919,1.4222,1.3904,1.4126,67575818.2,7259.22021484375,98.4800033569336,4555.7998046875,0.44159998893737795,144.47335815429688
2026-05-06,1.4126,1.4573,1.4073,1.4249,97195264.9,7365.1201171875,98.0199966430664,4681.89990234375,0.43559999465942384,144.47335815429688
2026-05-07,1.4249,1.4258,1.3802,1.3869,82830386.5,7337.10986328125,98.25,4699.7998046875,0.43920001983642576,144.47335815429688
2026-05-08,1.3869,1.427,1.3778,1.4182,66521203.4,7398.93017578125,97.83999633789062,4720.39990234375,0.4363999843597412,144.47335815429688
2026-05-09,1.4182,1.435,1.4113,1.4205,57792561.3,7398.93017578125,97.83999633789062,4720.39990234375,0.4363999843597412,144.47335815429688
2026-05-10,1.4205,1.5082,1.4119,1.4734,156095312.2,7398.93017578125,97.83999633789062,4720.39990234375,0.4363999843597412,144.47335815429688
2026-05-11,1.4735,1.4886,1.4399,1.4776,118423276.5,7412.83984375,97.94000244140625,4718.7001953125,0.44099998474121094,144.47335815429688
2026-05-12,1.4777,1.4848,1.4183,1.437,105554013.5,7400.9599609375,98.29000091552734,4677.60009765625,0.44629998207092286,144.47335815429688
2026-05-13,1.437,1.4693,1.4112,1.4273,125717367.1,7444.25,98.4800033569336,4697.7001953125,0.44809999465942385,144.47335815429688
2026-05-14,1.4272,1.5496,1.4208,1.4852,203278911.9,7501.240234375,98.87999725341797,4678.10009765625,0.44609999656677246,144.47335815429688
2026-05-15,1.4851,1.5002,1.4275,1.434,123551206.1,7408.5,99.2699966430664,4555.7998046875,0.45949997901916506,144.47335815429688
2026-05-16,1.434,1.4396,1.394,1.4136,71543277.9,7408.5,99.2699966430664,4555.7998046875,0.45949997901916506,144.47335815429688
2026-05-17,1.4136,1.4291,1.3715,1.4016,67975586.2,7408.5,99.2699966430664,4555.7998046875,0.45949997901916506,144.47335815429688
2026-05-18,1.4017,1.4027,1.3638,1.39,103297251.8,7403.0498046875,98.97000122070312,4552.5,0.4623000144958496,144.47335815429688
2026-05-19,1.3901,1.3977,1.3531,1.3616,98592923.5,7353.60986328125,99.30000305175781,4506.2998046875,0.46669998168945315,144.47335815429688
2026-05-20,1.3616,1.3807,1.3477,1.3672,68909414.7,7432.97021484375,99.11000061035156,4531.2998046875,0.4572000026702881,144.47335815429688
2026-05-21,1.3672,1.3862,1.3512,1.3739,77920747.5,7445.72021484375,99.19000244140625,4539.7998046875,0.45859999656677247,144.47335815429688
2026-05-22,1.3739,1.376,1.33,1.3345,91847302.2,7473.47021484375,99.31999969482422,4521.0,0.4558000087738037,144.47335815429688
2026-05-23,1.3346,1.3762,1.3019,1.3583,102960290.5,7473.47021484375,99.31999969482422,4521.0,0.4558000087738037,144.47335815429688
2026-05-24,1.3584,1.371,1.3326,1.351,52635116.0,7473.47021484375,99.31999969482422,4521.0,0.4558000087738037,144.47335815429688
2026-05-25,1.351,1.3657,1.3435,1.3503,57643566.8,7473.47021484375,99.31999969482422,4521.0,0.4558000087738037,144.47335815429688
2026-05-26,1.3503,1.3656,1.3273,1.3292,67352957.9,7519.1201171875,99.16999816894531,4500.39990234375,0.4493000030517578,144.47335815429688
2026-05-27,1.3293,1.3437,1.3033,1.3076,77744369.1,7520.35986328125,99.20999908447266,4447.5,0.44809999465942385,144.47335815429688
2026-05-28,1.3076,1.3385,1.2677,1.3156,115036822.2,7563.6298828125,99.0199966430664,4499.2998046875,0.44549999237060545,144.47335815429688
2026-05-29,1.3156,1.3339,1.2947,1.33,100195741.9,7580.06005859375,98.91000366210938,4560.5,0.4453000068664551,144.47335815429688
2026-05-30,1.33,1.3661,1.3281,1.3408,80897913.1,7580.06005859375,98.91000366210938,4560.5,0.4453000068664551,144.47335815429688
2026-05-31,1.3409,1.3484,1.321,1.333,44076500.3,7580.06005859375,98.91000366210938,4560.5,0.4453000068664551,144.47335815429688
2026-06-01,1.333,1.3412,1.2794,1.2972,90898336.8,7599.9599609375,99.19999694824219,4475.2001953125,0.44749999046325684,144.47335815429688
2026-06-02,1.2972,1.2972,1.1948,1.2117,162334649.5,7609.77978515625,99.22000122070312,4489.10009765625,0.44549999237060545,144.47335815429688
2026-06-03,1.2118,1.2491,1.1868,1.2012,124143921.8,7553.68017578125,99.52999877929688,4436.7001953125,0.4491000175476074,144.47335815429688
2026-06-04,1.2012,1.212,1.1407,1.1688,186091380.3,7584.31005859375,99.41000366210938,4475.7998046875,0.44770002365112305,144.47335815429688
2026-06-05,1.1687,1.1751,1.0692,1.0978,281769579.7,7383.740234375,100.06999969482422,4337.10009765625,0.4535999774932861,144.47335815429688
2026-06-06,1.0978,1.1144,1.0501,1.0934,141359719.1,7383.740234375,100.06999969482422,4337.10009765625,0.4535999774932861,144.47335815429688
2026-06-07,1.0935,1.1719,1.0886,1.1556,112387617.1,7383.740234375,100.06999969482422,4337.10009765625,0.4535999774932861,144.47335815429688
2026-06-08,1.1556,1.1866,1.1319,1.1683,114644792.2,7405.72998046875,100.05000305175781,4335.89990234375,0.4552000045776367,144.47335815429688
2026-06-09,1.1683,1.1769,1.1187,1.1375,106946733.3,7386.64990234375,99.91000366210938,4260.0,0.45279998779296876,144.47335815429688
2026-06-10,1.1376,1.1412,1.0884,1.097,116679644.6,7266.990234375,99.94999694824219,4108.2001953125,0.45419998168945314,144.47335815429688
2026-06-11,1.0971,1.15,1.0965,1.1428,94224282.2,7394.2998046875,99.86000061035156,4090.300048828125,0.44629998207092286,144.47335815429688
2026-06-12,1.1427,1.1577,1.1261,1.1325,72582913.9,7431.4599609375,99.75,4215.0,0.4486999988555908,144.47335815429688
2026-06-13,1.1325,1.161,1.1299,1.1507,45010007.2,7431.4599609375,99.75,4215.0,0.4486999988555908,144.47335815429688
2026-06-14,1.1507,1.1878,1.1268,1.1861,56418987.6,7431.4599609375,99.75,4215.0,0.4486999988555908,144.47335815429688
2026-06-15,1.186,1.2935,1.1778,1.2382,195846016.2,7554.2900390625,99.62999725341797,4328.0,0.4468999862670898,144.47335815429688
2026-06-16,1.2382,1.256,1.2053,1.2173,94329209.7,7511.35009765625,99.54000091552734,4330.89990234375,0.4427999973297119,144.47335815429688
2026-06-17,1.2174,1.2283,1.1715,1.1868,107522115.3,7420.10009765625,100.08999633789062,4358.89990234375,0.44629998207092286,144.47335815429688
2026-06-18,1.1868,1.1923,1.1329,1.1465,114178315.8,7500.580078125,100.8499984741211,4224.10009765625,0.4451000213623047,144.47335815429688
2026-06-19,1.1466,1.153,1.1187,1.1359,72664415.9,7500.580078125,100.8499984741211,4224.10009765625,0.4451000213623047,144.47335815429688
2026-06-20,1.1358,1.156,1.1342,1.1499,45285668.0,7500.580078125,100.8499984741211,4224.10009765625,0.4451000213623047,144.47335815429688
2026-06-21,1.15,1.1535,1.1225,1.1248,47594054.3,7500.580078125,100.8499984741211,4224.10009765625,0.4451000213623047,144.47335815429688
2026-06-22,1.1249,1.1639,1.1216,1.1295,83321492.3,7472.7900390625,101.0199966430664,4181.89990234375,0.4508999824523926,144.47335815429688
2026-06-23,1.1296,1.1339,1.092,1.1103,75592026.8,7365.4599609375,101.41000366210938,4129.89990234375,0.4493000030517578,144.47335815429688
2026-06-24,1.1102,1.1139,1.0462,1.0736,118369372.1,7358.22021484375,101.61000061035156,3990.300048828125,0.4401999950408936,144.47335815429688
2026-06-25,1.0736,1.0899,1.0122,1.0435,136197699.9,7357.490234375,101.43000030517578,4030.5,0.43920001983642576,144.47335815429688
2026-06-26,1.0436,1.0558,1.0092,1.049,145156580.4,7354.02001953125,101.36000061035156,4078.699951171875,0.4372000217437744,144.47335815429688
2026-06-27,1.049,1.0777,1.0441,1.0475,61102716.4,7354.02001953125,101.36000061035156,4078.699951171875,0.4372000217437744,144.47335815429688
2026-06-28,1.0474,1.0591,1.0333,1.0485,45543835.7,7354.02001953125,101.36000061035156,4078.699951171875,0.4372000217437744,144.47335815429688
2026-06-29,1.0485,1.0768,1.0322,1.059,94759415.6,7440.43017578125,101.11000061035156,4022.300048828125,0.4374000072479248,144.47335815429688
2026-06-30,1.0589,1.0595,1.0274,1.0401,66352785.9,7499.35986328125,101.19000244140625,4022.89990234375,0.44180002212524416,144.47335815429688
2026-07-01,1.0401,1.0738,1.022,1.053,87968675.1,7483.22998046875,101.38999938964844,4068.300048828125,0.44749999046325684,144.47335815429688
2026-07-02,1.0531,1.1125,1.0451,1.0881,89896309.7,7483.240234375,100.86000061035156,4112.7001953125,0.4485000133514404,144.47335815429688
2026-07-03,1.0882,1.1453,1.0828,1.1348,84107375.2,7483.240234375,100.86000061035156,4112.7001953125,0.4485000133514404,144.47335815429688
2026-07-04,1.1348,1.1843,1.1315,1.1574,90722088.6,7483.240234375,100.86000061035156,4112.7001953125,0.4485000133514404,144.47335815429688
2026-07-05,1.1573,1.1696,1.1248,1.1572,56056103.3,7483.240234375,100.86000061035156,4112.7001953125,0.4485000133514404,144.47335815429688
2026-07-06,1.1572,1.165,1.1095,1.145,83730434.5,7537.43017578125,100.8499984741211,4155.10009765625,0.44790000915527345,144.47335815429688
2026-07-07,1.145,1.1514,1.1065,1.112,69215370.8,7503.85009765625,101.13999938964844,4145.2998046875,0.45289998054504393,144.47335815429688
2026-07-08,1.112,1.1165,1.0694,1.0908,88541750.4,7482.7099609375,101.05000305175781,4070.89990234375,0.45689997673034666,144.47335815429688
2026-07-09,1.0907,1.1029,1.0826,1.0932,45402565.5,7543.64013671875,100.94000244140625,4130.60009765625,0.45390000343322756,144.47335815429688
2026-07-10,1.0933,1.1183,1.0891,1.1046,58026052.6,7575.39013671875,100.97000122070312,4104.10009765625,0.45689997673034666,144.47335815429688
2026-07-11,1.1047,1.1193,1.0961,1.0967,32707323.4,7575.39013671875,100.97000122070312,4104.10009765625,0.45689997673034666,144.47335815429688
2026-07-12,1.0967,1.1043,1.0811,1.0858,38378492.0,7575.39013671875,100.97000122070312,4104.10009765625,0.45689997673034666,144.47335815429688
2026-07-13,1.0859,1.103,1.0535,1.0675,71241845.2,7515.33984375,101.27999877929688,3997.0,0.46090002059936525,144.47335815429688
2026-07-14,1.0675,1.121,1.061,1.1117,78324911.6,7543.58984375,100.94000244140625,4061.10009765625,0.45850000381469724,144.47335815429688
2026-07-15,1.1118,1.1302,1.099,1.1133,65479084.6,7572.39990234375,100.5,4044.0,0.4545000076293945,144.47335815429688
2026-07-16,1.1132,1.1182,1.0853,1.0871,62947788.3,7533.77001953125,100.7300033569336,3985.60009765625,0.45689997673034666,144.47335815429688
2026-07-17,1.087,1.0958,1.0698,1.089,55351143.2,7457.68994140625,100.75,4012.699951171875,0.4540999889373779,144.47335815429688
2026-07-18,1.0891,1.0984,1.0836,1.0929,21933915.8,7457.68994140625,100.75,4012.699951171875,0.4540999889373779,144.47335815429688
2026-07-19,1.0929,1.1018,1.0893,1.0978,26850193.9,7457.68994140625,100.75,4012.699951171875,0.4540999889373779,144.47335815429688
2026-07-20,1.0978,1.1207,1.0831,1.1124,64548819.2,7443.27978515625,100.98999786376953,4010.300048828125,0.45980000495910645,144.47335815429688
2026-07-21,1.1124,1.1646,1.1111,1.1436,84431888.0,7509.2001953125,101.18000030517578,4071.10009765625,0.4627999782562256,144.47335815429688
2026-07-22,1.1437,1.1574,1.1288,1.1421,51081401.2,7498.9599609375,101.13999938964844,4146.89990234375,0.46570000648498533,144.47335815429688
2026-07-23,1.1422,1.1452,1.1006,1.1077,52277156.0,7408.2998046875,101.43000030517578,4046.60009765625,0.47030000686645507,144.47335815429688
2026-07-24,1.1078,1.1215,1.085,1.0919,50549358.5,7411.97998046875,101.47000122070312,4067.60009765625,0.4678999900817871,144.47335815429688
2026-07-25,1.0919,1.108,1.0855,1.0977,27577562.7,7411.97998046875,101.47000122070312,4067.60009765625,0.4678999900817871,144.47335815429688
2026-07-26,1.0977,1.1167,1.0955,1.1131,24337249.5,7411.97998046875,101.47000122070312,4067.60009765625,0.4678999900817871,144.47335815429688
2026-07-27,1.1131,1.1153,1.0628,1.0661,60210383.4,7413.18017578125,101.51000213623047,4074.5,0.46409997940063474,144.47335815429688
2026-07-28,1.0661,1.0706,1.045,1.069,58363510.5,7428.77978515625,101.37999725341797,4036.300048828125,0.46040000915527346,144.47335815429688
2026-07-29,1.0691,1.0937,1.0622,1.0737,83920516.8,7316.14990234375,100.80000305175781,4034.699951171875,0.4622000217437744,144.47335815429688
2026-07-30,1.0737,1.095,1.0685,1.0829,51165635.3,7437.6298828125,100.01000213623047,4100.10009765625,0.46630001068115234,144.47335815429688
2026-07-31,1.083,1.09,1.0571,1.0619,54148686.2,7489.72021484375,99.80000305175781,4049.10009765625,0.4744999885559082,144.47335815429688
2026-08-01,1.0619,1.0674,1.0473,1.0604,24921615.2,7489.72021484375,99.80000305175781,4049.10009765625,0.4744999885559082,144.47335815429688
2026-08-02,1.0605,1.0933,1.0605,1.0869,33543155.8,7489.72021484375,99.80000305175781,4049.10009765625,0.4744999885559082,144.47335815429688
2026-08-03,1.0869,1.0878,1.0628,1.0758,46861893.8,7600.5,99.95999908447266,4033.699951171875,0.4685999870300293,144.47335815429688
2026-08-04,1.0758,1.0828,1.07,1.0739,39742782.0,7736.52001953125,99.88999938964844,4095.39990234375,0.46269998550415037,144.47335815429688
2026-08-05,1.0738,1.077,1.055,1.0623,53319989.7,7723.5498046875,99.69000244140625,4245.7998046875,0.4617000102996826,144.47335815429688
2026-08-06,1.0623,1.0638,1.03,1.0351,78580562.1,7709.9599609375,99.97000122070312,4242.0,0.46700000762939453,144.47335815429688
2026-08-07,1.035,1.0432,1.0128,1.021,82001986.5,7757.64013671875,99.5999984741211,4340.7001953125,0.46599998474121096,144.47335815429688
2026-08-08,1.021,1.0488,1.0202,1.0397,34252713.6,7757.64013671875,99.5999984741211,4340.7001953125,0.46599998474121096,144.47335815429688
2026-08-09,1.0396,1.0478,1.0279,1.0299,29784482.5,7757.64013671875,99.5999984741211,4340.7001953125,0.46599998474121096,144.47335815429688
2026-08-10,1.0299,1.041,1.0051,1.0123,62037149.5,7753.10986328125,99.80999755859375,4361.7998046875,0.46989998817443845,144.47335815429688
2026-08-11,1.0123,1.0267,0.9915,1.0229,79885514.1,7728.2001953125,99.81999969482422,4383.0,0.4684000015258789,144.47335815429688
2026-08-12,1.0228,1.0262,1.0009,1.0055,56123719.2,7748.5,100.01000213623047,4408.89990234375,0.4682000160217285,144.47335815429688
2026-08-13,1.0055,1.0154,0.9982,1.0094,43941247.8,7798.990234375,99.95999908447266,4363.60009765625,0.46409997940063474,144.47335815429688
2026-08-14,1.0095,1.0142,0.9862,0.9996,65926755.6,7785.759765625,99.66999816894531,4380.39990234375,0.4696000099182129,144.47335815429688
2026-08-15,0.9996,1.0079,0.9982,1.0028,20869812.0,7785.759765625,99.66999816894531,4380.39990234375,0.4696000099182129,144.47335815429688
2026-08-16,1.0028,1.0037,0.9902,0.9936,25251370.4,7785.759765625,99.66999816894531,4380.39990234375,0.4696000099182129,144.47335815429688
2026-08-17,0.9935,1.0086,0.9882,1.003,48237468.4,7745.06005859375,99.63999938964844,4417.7998046875,0.47239999771118163,144.47335815429688
2026-08-18,1.0031,1.0067,0.9888,1.0019,45240986.0,7691.759765625,99.6500015258789,4366.0,0.47059998512268064,144.47335815429688
2026-08-19,1.0019,1.1363,0.9959,1.106,185016840.8,7707.97998046875,98.83000183105469,4489.39990234375,0.46529998779296877,144.47335815429688
2026-08-20,1.1059,1.3441,1.0879,1.2681,380551716.5,7641.16015625,98.9000015258789,4516.2998046875,0.4696000099182129,144.47335815429688
2026-08-21,1.2681,1.4756,1.2588,1.4544,442213598.2,7674.3701171875,98.80000305175781,4680.60009765625,0.473799991607666,144.47335815429688
2026-08-22,1.4543,1.6999,1.378,1.4619,588303506.5,7674.3701171875,98.80000305175781,4680.60009765625,0.473799991607666,144.47335815429688
2026-08-23,1.4619,1.5196,1.4342,1.4781,105002353.9,7674.3701171875,98.80000305175781,4680.60009765625,0.473799991607666,144.47335815429688
